0.7178518718402298,8.468409494303241,-7.154123618429134,4.1705040759457255,4.8218545327661175,-2.369229496240745,-6.139560192228847,-5.109662717048204,3.4227848250109094,-3.498705862058424,-1.5672781053541094,0.8286222221282884,9.07872361502196,1.3775913400808655,-9.80617965300539,6.96904829246489,-8.706877817306552,4.352382158422056,6.698780943446245,-7.126087298228048,2.492017281084518,-6.068638130015636,-7.5102688143121155,-5.033665119618346,5.159509906689594
-5.344661073504056,7.643053790264897,-0.2763918830943517,0.3310937434265888,7.92464787990993,5.464707480253608,7.746835461723045,2.7075789906956835,-4.731482234529077,5.918158016596369,-3.242189115023084,8.614241349569038,-6.074830965027762,-9.761976817708554,6.435328355984687,-3.9545032375831735,-9.896121354770122,-7.7197190675749745,1.4941579913709298,-3.284602013047304,3.516609081886566,8.8347319335139,-9.388414643348854,3.0843870066865335,-7.179785853788328
-7.856282511298414,5.154097621897458,-8.692868155050355,1.9857805803638318,-7.661631416347692,4.280654108701356,-7.6610368130955635,-4.966205417629026,-2.7996694610558626,-6.537918230857597,9.271371806053569,-2.511813224853416,0.8004685643180505,4.682165235761621,0.09094812273531261,6.28578939872245,0.9332890873307527,-2.011493907891337,-5.575324543220099,1.1012422393119419,4.765084258074854,-1.6253993032928449,-6.801373755983837,4.295520736917883,3.38052122008901
0.0845188497674858,-4.369770240296138,6.8917683191855055,4.292300376945574,-9.928559148151209,7.131645963100819,-9.455993770880857,-5.740405228082364,-7.159618442027236,-1.1703548784603495,-5.896876903333766,8.931853840772902,-2.3075839587344094,-6.772669331508281,4.557290802032286,7.0434210583313615,6.169334936321288,1.918902941715361,5.055614815659881,-8.056110589076201,-2.0694141664899712,-2.7937600360287362,-2.6122840468917534,1.3672779822668168,0.7082109367554921
-2.293908178573263,-1.9136892667879586,-2.773130624884459,-5.77446868153626,-0.6721866216779304,-9.658350911369997,-9.890007841281058,0.6162453184639531,2.466344313982942,5.646605483814941,0.7438857379279558,-7.951577419721943,-2.706466615357459,-0.8412326847099294,7.547669032391703,-5.837203027515303,3.325604894491569,-4.894814392921929,-9.434519906465244,3.056933146131609,-8.187679010233103,8.886839434378825,-2.038274154592501,0.3706038458617549,-2.615091607972717
-8.780413507420073,-3.5187047890497,8.377749432311305,-7.259351168447408,1.843899739105197,-4.827591852526297,9.950871068573178,8.099545180878145,2.8294286223288605,-5.996939976669127,2.3833969934092494,3.2835974781882715,-2.5409565358658748,-4.323353331070012,-2.6585290733261697,-9.00102918121239,6.332027017457428,-6.9197470602300815,-5.793528499371461,9.128795642259515,7.233174496703281,1.9010896231009937,4.055968557805073,3.199933710134335,-1.9857546166940114
7.677333561104032,-2.3303836794644583,0.1720486024829846,0.6624305754721522,-7.061459577517828,-7.918429030714,5.611266892761153,-6.411079417234021,-0.29002796224272664,8.902005953003908,-5.195490081702953,-3.4515102184970488,-8.186536899011635,9.555163620876804,-0.41850453980751645,7.774616200351506,9.185479907510544,-2.882933399021505,-5.0819686712001655,1.000508232522888,-6.477909873745156,3.582945572193637,-6.669784475796703,-7.014047903943654,8.076217968294714
4.98897736850493,-1.6454337357545317,9.87821739787617,3.1058330519287836,-2.0389781655132033,4.391987229462632,-8.574429272557575,0.23817191037317897,9.697751860558299,8.085499715308526,8.937522028043904,9.825246579725405,-9.900655489635113,0.04976141562494618,-7.3935267477114275,-5.133957818535217,-3.707499375056315,-7.161127959645201,1.7194232313551296,-5.942423702576969,8.180127697289706,-2.1764274037695897,-2.33730941165863,9.80711120898447,7.416131928984655
9.701111237451098,-6.288649821078125,7.63216313380374,-4.148203350673514,3.9400361162000603,3.8219544182638714,4.061157374063562,4.715251998373308,-4.775574267666025,1.81006589562514,-9.107516913671533,4.2051124049270445,-3.8926194072258857,4.486786546168002,-8.366786861016859,0.6497602953667361,-0.7712906449726713,9.972136104372687,-5.338192749173931,9.214008794613793,-3.024837959501026,-8.482953849001696,4.407637793414832,-3.711319938373972,-9.635609023930002
-2.5967928384418144,1.4728828724583138,-3.2377352214878456,1.4290461745990122,2.2145204760062285,3.223250252239108,-3.383534519766509,-7.20614260585843,0.3022214756664159,2.4441330450092007,1.6556725300598742,1.0994991125975968,-8.608106986012436,-9.352981991160092,2.811002742282911,9.547060600632825,-4.465117535435463,-2.67827398026129,6.649972050351614,7.222466789389056,4.133395841224408,-5.8924218817679925,7.244680684615691,-9.948626417786208,6.220054329345718

2.2842258868510044,5.625877663612915,-6.637702404399151,0.9873733130282591,-3.3287679059419233,-2.016054814506578,-4.573047175559484,8.513416235110164,8.521959763418398,6.786749085198931,5.6518566831856525,-9.781592109568622,-2.0012595491611425,-2.685533486877139,9.502582672062474,9.541292942411516,-2.2713037323209306,9.407363947507747,8.695588622325392,-4.663134014822202,-6.608935510342315,4.734993811721466,5.6682641897758135,7.207849542210699,7.058364912195092,-5.1957056413262865,6.620997109025037,-8.732825081259389,-4.549749622187678,-8.907327554994215,-5.94069374216539,9.65197508842802,-7.872376899595384,5.8560388516951924,5.828053419310342,-1.1977031674484824,0.894213091654974,-6.79942056042365,4.905104775372905,5.26426077396742,-3.6871285710512396,7.97234156773801,8.45822230954752,-5.895252782839093,7.948199200980675,-1.6741252743322992,2.6783577022826144,-3.7762032253341626,-3.5548876949837416,-3.8824547382861763,5.155907222655516,1.562063172462178,5.831237361598173,-9.546409704772241,9.388608572974068,7.784324603092266,-5.345353613190056,-6.607100003528625,-2.320682378853009,-9.568640850561485,5.280744144340424,3.43936053463848,-9.118164574040842,4.4792060608470035,9.041574681227715,0.971788554048354,1.683813379208118,8.285870273409252,-7.339064563056839,-9.656009420968275,-0.5526899871949844,-7.732578155855759,1.2500475108311555,-9.925049135647878,5.692248968000053,-3.7742220270184257,7.340858867915426,-2.1866021299304457,1.395614539436913,4.210238169737943,-8.252786289377415,-7.886686668968705,0.2796277156271021,4.9322101361661925,-6.102773837749773,9.897121917348393,-5.157822671352353,-2.208748041481037,-8.069059280969256,-7.5944118673079775,-3.064132292089779,-8.898152252978539,0.17200607989489036,4.05162236566251,2.647439020689511,1.5710877457020764,-3.9600571288061985,1.936911624366985,-9.937107009490461,-6.32087979551939,-5.05681838279399,0.6578936383137339,8.067102607279853,5.370147255244564,-7.576907122639794,5.0090818916580915,5.979026982945987,-2.1830468399038994,-6.534836962207445,3.6766162840170864,-5.006454271092647,7.475056897805764,-0.26400127608050106,9.22854823483885,3.8083574520217844,0.4470105826059445,-9.384507471617404,8.128257379712988,6.880565283962234,-5.581722808858929,-8.056822926423697,-6.651837457205636,0.8183815407486339,-1.3726467968653289,1.128193812828302,1.0969348952296816,0.9591727035067006,0.616878640886906,-6.281424343482847,-0.7393510329912374,-9.073623396916714,0.7406391668698387,4.08795739850615,1.9146103071480205,4.624598540439058,-8.289509136561076,-1.6149512727276125,-6.316230272723715,-3.8476647884225024,-7.1513415785496015,0.06308654186675611,4.306603811692675,-8.87648550622594,-5.536836545239843,3.254513982976089,-0.11271414445651118,7.496902448605134,-6.776371989605245,1.6345851934312314,0.39572644457612505,-0.5732072137429984,7.135349450202966,5.942537322182893,3.3450367007090147,4.933176241050784,5.146830764715137,3.92217949296578,-4.576060369205528,-5.297519848249454,5.566004886279368,2.868934541105366,7.888452397032591,9.11914481601653,-2.7980478247730716,4.77427513859565,0.2005125801973442,-8.602088122501726,7.1499552206942525,8.184356452824769,-8.360490948869623,-0.9807787427619594,-3.5652029953498587,-8.680561727153666,-6.751170706562187,-4.9902349677220315,0.16360022839958077,-9.488582471041859,4.926788938581236,0.2881199858943013,-2.6000259556071565,-4.7741861655291,4.080181710317163,8.953517216192552,-5.194997251197626,-3.2305967864317386,-4.306035171596296,7.219007495735397,9.504432002844649,-7.330980924021013,4.380760895915428,-7.54480708600842,3.0307420023599523,2.1315126349857145,-9.335729731862122,-6.361323877106471,5.95684119407178,-2.702786230552894,3.022413229034445,-7.205408667334943,-6.310497915998397,1.5032924059290949,-7.435360343074469,3.747547301857985,8.319710585248611,-8.613608626454209,-6.502294564754079,0.39812603283058223,-8.054878916306683,-7.209092142313798,6.710971430681102,5.231407013629845,2.0289203152090067,8.746436300638539,9.279876304726919,-0.8101318396048249,-0.2199845887265628,4.903907060625576,0.31535897291543336,-8.225989492592095,-1.4067847516646115,5.331284770110855,-1.5694680116548447,1.0946653938053803,-4.696988094586181,1.5456819156708441,-6.6283691690808855,-0.3206172032018664,-2.6887355139353524,2.1284312378529116,-6.447076100883537,-6.393855002451055,-9.800963029641787,-9.892805509471401,-5.640339877473037,7.623226399271559,-8.253559990835184,3.351917600486928,2.919385699056056,-3.510452796072534,3.0544487003664926,6.082724499514985,-1.8786895324288384,4.751138116549656,-4.530360344983668,-3.927481005545861,-7.053963024338136,-0.8178923398488038,9.70115722888973,-4.605455854371032,0.5760924891762276,-2.6342467933377067,-0.5628739954185029,8.756727746886511,3.84020510561151,-8.675225395081121,6.518136559878208,-1.1456253038834436,5.06796932004174,7.635477183673466,-4.910177138463528,3.980049020504314,7.576817983175722,-2.0600441085512022,-5.133638828312737,-0.2495110531605924,1.8876532701267834,0.36891837341170586,6.072546006558671,-4.872549286970194,-6.25823586648691,7.357550952025793,-7.682146250009407,-9.799197244006121,5.190389048934954,-3.8544491072928544,6.666557706159658,-5.790549891187036,5.713058831726238,6.456501928541577,-4.951010989652365,7.094556340472277,-1.6777149705795686,-6.663291602872585,0.08547879555697868,4.079448655549307,7.781846613608177,-6.2756712356390665,-9.085451721790843,8.227651606426292,-2.2809574854426256,8.112646156867086,-0.3230659774814999,-3.2076009662918237,-4.168870088299384,8.637762790373568,6.41442845192978,1.0298704181087537,2.1262898055175334,6.121313864501843,0.8886898322682626,-4.814690784900315,-7.1502005601265495,0.7500729768151686,6.314626941547331,0.7871184883760396,8.202463609230573,6.928329921703909,7.542495492897267,7.208425522261926,-2.147715411890334,-7.6224368235561935,-5.43092032483615,4.720901608241668,3.497727277461875,0.9368849859396668,-7.237977675931924,3.7015292542411604,-5.6530410861104,2.0992475610114454,-5.753477066989778,4.585455833693011,5.589956718037232,-2.6872750142409068,-6.371473666168354,-7.10307829126039,-3.035655964509685,-2.9277936935771294,-8.940131502527269,-3.160424159500515,0.8451501413570277,-6.399315478555659,-5.758976155853704,3.71993660862765,-4.174586187069426,-0.4734268818398988,-3.549490713562875,-1.7687331377437072,-7.139321747653624,9.72852060842239,5.112462963468529,5.7761839426327874,-9.455702629674033,0.15567056325727258,4.262999912955339,-3.049197758079605,-5.710050738490762,-3.518277502217499,8.276567215814534,0.3917033536699055,8.164768423137762,9.4418117591592,1.3469828824876515,0.7804104832518988,-9.1038557864977,1.5527939367231713,-5.677222529465327,-2.832863195625446,0.16625189713258948,-9.651479746804286,-7.133441684705614,-8.87383475799959,2.2952548636195367,3.038806694593024,-5.39090852933411,9.858935952001008,-6.653851464438643,6.3351917621105684,0.003360429258831843,3.187038902525181,7.083876928574675,-2.6453819882081353,-3.4152651798567613,-9.764012159976684,6.920574620643052,8.050158467392677,-4.845249874822062,-9.859041940262863,2.787722976310576,-3.0457028729468627,7.452756183489107,-2.9184590189386084,-6.273726344996337,6.082513144555911,2.756499559619101,8.839645923281733,-2.7686736703547172,-2.295818062156238,4.405404368034381,-2.925304922549296,-8.05376323663748,7.793358994043203,8.493778599618128,-9.150392334794512,-2.6398436294054655,2.1259835146345463,8.302659351903685,9.803702408638525,-6.4929852759784605,-4.448346511590257,8.004249259382451,-8.895161836448155,4.639105385046392,-5.188524582205982,5.079455997651641,-0.9571697699223982,8.599656040703373,-1.1783234953697974,4.472270508169425,-4.1366795386282025,1.070170204255687,-1.2992173150304183,-1.6828714666672973,-3.4796978691095486,2.2704694065634747,-6.315027482132383,0.6413867074277952,-7.72941539155235,-4.856646345085944,7.633504749345445,-1.5840843544411989,-4.838185111841091,3.32281135028272,-9.798808554978473,-0.016894051831151558,5.473225314662907,3.152510391590903,1.631668496996026,5.028685681602489,-3.710806608302888,-9.160296761714946,-9.112530229787035,4.514102674550331,4.62527114521601,0.7886005529401903,-8.273230328326491,8.103752222298503,1.4131876789879492,-8.833927759598467,5.5410921631832295,-9.764876274162667,2.327865663198093,4.341467026496472,7.3342890805014065,-2.6295838794661623,2.3933255919963887,-2.2247227735111537,3.903111862293443,-7.340338920854195,2.129353864336302,8.82808749049958,2.7160576208731726,-4.098338268733832,5.144730929442458,-7.781202587316638,-6.535727022193858,-2.9579276661871523,-3.194989398632062,4.034530923931275,9.542871314098967,5.845450092811635,-3.023826172070172,6.761265832468428,9.005051874483016,9.395953377862341,8.855991019367238,3.6726083384114467,-8.303253299395323,-3.831011421907345,-1.8279202902979428,-2.7659959440831745,-5.8873352699850034,-4.546072477983579,-3.4224132647903582,9.149356781317326,0.5414587021787209,9.832739124230521,2.738561316804361,-7.037938095074592,5.694601522030869,-5.515297407772284,3.6279328801148267,-8.853548013689846,9.99552829826979,2.8415063544409573,-5.272426875452883,-2.97561340890252,4.789962284475944,-7.174542809906049,-5.887172174048638,-6.471956559825884,6.684571809615576,7.257840509960282,0.7389118164824993,7.925249556025186,7.265642238754346,9.376896294815332,-9.45714284235949,-5.930734628598085,0.3504348220844822,-5.910855329985784,-3.884129501716947,3.3875784521414687,3.3739970633277334,-4.664786031549095,8.05901414627932,-2.0739078128735944,9.031953460127845,5.248008465767173,0.8205262305027539,3.9243095619254262,0.37817887762390434,-3.4394921516125265,-6.569671520066511,-6.343165420037229,-4.869181081919227,-4.534412726702155,-6.636831060998221,-2.9718289700022265,-3.5529846889291665,2.2860717519307414,5.729275157831442,-4.378698799798166,-7.437085369481822,-8.869085091301214,2.5149065101549652,-8.109245697857475,-9.80587973324724,9.281723418674382,-6.337553373473992,8.474169284327765,-6.93156679177334,-1.3654375587100382,1.0263274578645554,0.16017047321224354,-0.7085389675910356,4.225349102545133,-9.620275104906478,0.09128480561024155,-8.014884857009196,-9.712460173070527,-8.304901600432924,0.06695792032573422,2.7295593334489716,-1.978444543513385,-9.18746962993528,-4.690410143285977,7.066869836978672,2.170965302872572,7.723789544704314,-5.928918327766155,6.915575441019769,-5.907983092920319,-6.799647040995598,0.09183526790489083,3.5531013769584447,-4.095640696624221,8.176522179782676,-4.414333912070864,0.4767614651654011,-5.58415343946719,-8.47645657493529,5.0007100607816195,-7.097554988753085,3.942673072250379,5.444842897591421,-3.829463749893282,-1.1937079750115949,2.773930983457424,-5.080034887919238,-4.250491082495151,-8.978411941778397,8.05462723920628,5.345897062586989,6.1795956574599025,6.345961376725139,0.88211257363686,4.747732145806072,2.2385639214943236,4.279689015596908,0.34709735162486055,5.890846684880806,9.270166554627252,2.41365173723217,1.5160064852146036,4.729933701462141,5.3895833711855,5.742052154462478,-0.6479290201587062,1.6369817421813586,4.9544519801793925,-7.693976925673818,1.0754160460059392,8.766048426863605,-1.3154334350713626,-1.4286124234272002,4.026176778940089,9.941795277894109,5.879587850551186,1.4975762367811427,1.4199814540494415,-9.724247936186103,2.4776078370117673,-3.9837661512869182,6.058402939674078,0.598288919581691,9.614432994837813,-6.174749667202388,-8.935492145810134,-8.801616822923325,-6.459594497170111,-5.679879475627838,-5.042959676018404,0.5023186613092996,3.8989444832730875,-7.335762817458225,-8.43895094673207,1.9071654047028215,4.617580525113059,3.321216803507955,-3.804610361163043,7.3111503132274684,4.579900891711496,-9.648693397615627,-7.0572596542630865,8.775718301241074,-6.85429711824937,1.5226957204620888,9.254225453193513,-4.627312078221899,-8.290133112663597,-3.6462815242323305,-0.709242642278543,-3.4274114362088355,0.5578244383150537,7.5395241755169735,-4.618543633573462,-1.302939225216038,2.4462170920535087,-5.105011548981661,-9.927019520554738,4.784344329115502,8.388508207534393,-4.299495904736135,-4.235622580408142,1.3506136791251784,2.585400111716522,8.888787489950438,2.0613682219257647,-3.6303171592571815,-6.510871701827988,8.559047793831652,-1.1800895614813882,5.053476515722114,0.7525915694212681,8.746982543465982,9.172720937577438,-2.5045617652405694,-4.937275623351962,1.8558806677206992,-4.665330077448447,-8.01602604884209,7.708326481503317,6.925075954453877,2.860258441133105,3.5252837203219283,9.953528555107347,8.23555025970084,-7.561743937351986,-8.697603863196992,7.920453791257341,-8.348924022025766,3.9230045053099953,-9.755046169212747,8.776174313123903,-2.7355880145687683,5.1145250850003166,5.629874474061388,6.675051283464434,1.5341513755768705,-6.670950814100715,1.6018825240037309,-6.532640076716721,-5.367602263036895,5.573177838591823,-7.461880179390015,-2.9775708744108336,9.160099431679292,4.02646174115163,-9.887934116901334,-1.7494667884917945,-1.7296257641874604,5.855946053533554,6.444070138027374,-5.519786798444521,7.272594285971131,1.2070216565051908,7.0167289878392545,1.3776495847257486,7.294234582475475,-0.7827631663138472,6.96226067444708,5.255774503966686,2.406296207776137,-2.83262262987477,4.704442311857861,-7.494233032328632,0.28600796397968864,2.644976041404144,3.697808666820885,-0.5835706188417085,4.967376497162451,3.167563618629739,-8.912295527077168,-8.362622487180019,-7.563221533740472,-0.42251462961872654,0.5321091566224183,5.708853502055627,1.0747214214121747,-3.0802797744025305,0.10334005325231743,7.091146358299213,-5.070754923423035,0.2386750795138184,-2.577732578820468,-8.998124166371639,1.037217309549746,5.523060281442886,-8.474058043724087,4.060870787108442,7.453276137541831,-8.481421979702702,-9.04761512664227,3.317585241167899,6.949985827522298,-2.1776929742845237,-2.6789721025745816,7.342817988964537,-1.9830784051359984,8.438427653491345,2.627614311024754,4.133709893591613,-3.2003509939874224,-2.9777538461619706,0.05464372518008531,3.0980034298048373,1.5335842813382232,8.868412903079236,-7.13274498324399,-4.687367606373094,9.995771516669748,-4.083340197435222,9.418308550624811,5.95178031180501,9.675887473338236,3.5336154302706912,-8.190319419395657,3.510098293011696,3.866619912700976,2.283509196156622,7.616802611302148,-3.190105872385751,0.23509271270680365,0.015810046404967082,4.32560268090125,9.995053028735011,1.2756936438712856,-1.1380844755242379,8.338553705347579,-7.547935607754079,3.3316496165873204,-8.58833331355683,-1.6370869249715874,-6.453268578879059,4.453542257001764,-8.63386553818804,3.916845652837033,-3.3454679476564593,-8.900681484959405,5.269954185587075,9.222015852669628,-0.8603710943436589,-7.619065249254393,2.6393859540037,-9.074728306746236,-8.097900045711924,-3.882965043960862,-3.7563894893915117,2.618283200075407,-5.244810947166236,-1.8752942733267037,-5.013619214224514,4.508185700626658,-9.579797799256003,4.231998070522771,-7.018126857012737,9.483836874696433,-1.7591413018776834,8.876102135682288,7.3434502388995,-2.55607717706277,7.003539371155114,9.374866130015857,3.4774444505067166,8.564058771356933,1.5604483587582134,-8.73597494214265,-1.6173735484822735,5.828812552778926,-8.67395634853256,3.9613164527741525,3.0901880232335994,8.434286248705508,8.709134683560087,8.199753975841556,-0.5076395069315112,-4.4239819592175,-6.593956722283824,-0.14593970543407053,-2.2585892261579836,9.791416900786484,-7.603839491531879,9.660038332304623,4.069254342717329,-8.631624849272114,-5.524129131141537,2.4242232213788313,1.2740421812825389,4.668795531829746,-1.3634445602623284,7.415116528241697,-9.561284366869508,7.894800614698493,6.738025341057089,-4.2280934496765905,9.593576901660413,4.126292915351289,6.579159595498837,1.482032644111893,-8.07484759024895,-2.8229840381447495,-1.114687237341169,8.24848085312523,6.735688673430591,-4.770471334130802,4.828573919359593,-4.254532306315221,-2.639403424834928,-8.843732437126622,-8.011961872301987,-4.133999304382369,-9.620982232936946,-4.092924203292472,4.338286969807035,9.186751057037668,-7.380706996085252,3.3412678959361575,-8.95699082626239,1.1769679249349707,-2.956425019532638,-4.187514568817394,-4.70617171623124,-0.6355679488378367,-8.485345176710954,7.018878152629334,8.54490084682013,0.1993338610664548,9.0371864393844,-7.799857159747736,5.044619728564022,-0.10853089974441232,6.952910413802353,6.491231369163483,-6.322802004562666,7.2030972948898935,8.164521732911332,-3.44488727006752,2.26702864574796,-7.951384332685767,-0.9110201375349654,-2.4321442016549994,8.903406671751362,-6.748329489763794,-9.669571337128094,-6.600823699337857,6.9742421653279045,-9.787167292386588,-4.763251577725129,7.183438811675977,2.0320068147459907,-1.7846764933854438,-8.28074057755487,-7.45923429155612,3.451879274914882,1.377063840387704,7.696518886995307,0.24613577988988844,-7.657164081594887,-6.240712518366072,-2.3552620368256516,5.221937926490927,2.5887363883452004,-6.915408352923427,-7.966989709040084,0.342120157188603,-9.149309219760728,4.947620344069545,-9.73090938613855,-9.917545288180307,7.9929071347736915,9.485197701442335,4.06571967772223,-4.931589019172897,-0.7018701950197226,8.21340124857359,-1.9818896072579033,-3.061413820272687,-9.207676606790393,-6.4175811499794815,4.235536084002142,7.037198861896055,1.977851246558341,7.232731027241243,5.5381443842598355,8.216492404768236,4.181777630650361,-4.865276367050888,0.25442556844533826,9.378783327002566,-4.224860926794416,6.333534484553152,5.087936607133891,-7.370693860036999,3.201465746178716,-5.022855471648306,1.4325515977339176,5.099487301717545,-9.880347050748842,8.998281840717834,6.3393499563472275,2.371343605691777,0.35433884103460933,-0.5236492935339498,1.5412039766833612,1.740419114411587,-2.265773223632963,0.21241885031178853,8.759838342834449,-1.510815067715864,-0.6096694291482141,-1.0339115192914683,4.012783295916915,9.013761936550882,-7.203043012885956,-9.792288013770431,5.467762889828915,7.4735570375911955,3.109539326639574,-1.7739762503921757,-0.6780939512239073,3.1028486014360404,3.3443125717012485,5.189864774450644,-6.440181803290022,-8.926407763412074,7.472523153979029,0.4712663890278037,0.8752158135901755,-4.506324375387045,9.715776872012878,-3.829560507863854,-6.4238470584053164,-3.9697439072054763,-5.327233553035717,-6.051393925312302,-7.5177144213153735,9.939061122235177,6.450023739734345,3.1672566019501147,3.31059085522063,-9.147158484032953,5.469333183169027,1.5395991949080052,-9.71209486139282,9.502324092485036,3.2965397089533717,5.408795267166706,-4.412950905053508,-4.324557860157716,8.61215608241119,5.958049231098716,-7.531426167320603,0.5829722137748998,0.5459760929151685,6.674157461054975,-8.63136482887972,-6.4503712783884515,-7.164023805823911,-2.4910784042962497,-1.9259860218395133,-8.867860181348153,-8.695055572926954,-0.5849419405597303,-0.5310833720986388,-9.513090347126163,1.3788078671281472,-9.938079550076164,0.15351066902320198,8.567110637739376,7.279178088436808,1.994558505807289,9.634186244136082,9.871739840371493,-5.663119992331507,3.7273875508585803,-6.517781678371584,9.367378592871912,1.6964558180137512,-3.8543472638451926,3.6753391835775933,2.218753699317757,3.6770172768736504,4.5831133090391845,-3.555645137574503,7.102998253117317,0.6093426956896923,2.823489754140647,-3.7007580407128042,8.020916547601086,-6.624125330182968,-8.348860866483072,-9.546055386767653,2.0328184856748486,3.6627630126467245,-8.257124223772456,8.896757471508721,-0.8893210963871141,-7.261284041589526,1.02510416307409,-9.575694873807677,-0.7198169483201227,4.553587929963431,-9.908036177638863,-0.524526412649502,-9.838505439567216,-0.5235732438093361,1.86609560732197,4.565851304701248,1.1021756872950395,8.857249877242104,8.70319275217988,-1.0209114444425023,9.167967701383631,9.729583236760607,-6.675865545299635,4.288676009319834,-5.5175534303747265,8.645268983853306,9.347349907475351,0.479301150809599,7.849913879986282,-9.314454026393763,4.295631987916606,9.895464235081239,9.947445125523227,0.4368266498193094,3.174588104419236,7.03723630483427,4.548120232839093,-5.940991138632401,-9.527925592190918,4.214997532289985,9.762246166411558,5.053009480676817,9.033650833861344,-8.333356286733704,-1.719484716362924,-4.776810368474798,-4.84675272859044,-2.027158995189131,2.9654403614176346,-3.771865733733315,1.8384125356666914,3.5567720054182868,5.518651474971101,-8.537230905363485,-6.670351061056485,-9.939712688300244,-4.660258534739679,2.5470854909582474,-0.4502802029136568,-2.05174853167843,1.9393723656822281,-2.383389745573048,1.6413453392192512,-5.260632523980055,0.7608365759245714,-2.844832471563608,-1.8158613739135205,2.0858309502609256,-0.9801825830585447,-8.813355262309228,2.912932613951689,4.524370731379134,-7.081120632887268,1.1075607069320803,-0.26707531354323955,3.522777134106933,0.5063117108311737,3.9122115632648544,1.8267251309720578,-1.4767968716616586,7.7940574558524744,2.9448938916556813,-9.57610138418035,8.560620958421904,8.907924110130672,8.866690628262706,9.671255717562733,-3.8504106001098375,-7.244666006712761,-6.271835243025594,-2.063947479272345,-7.570760034656347,-3.11523152899444,4.902234495445704,6.630617697647217,2.0112647257582736,1.966415082003845,-1.0245572715908384,-7.856835050991746,-4.979678469227866,8.018995784088151,-7.9622978142174965,1.7558771998502447,1.1073903460507584,-1.551314625511262,-5.093287763133838,9.024707119872229,-8.734757680856962,0.44099170898958207,-6.669870704278267,8.809421332621458,-8.35504180596024,-9.795464793632885,3.351861385739758,-4.322860113992104,9.643256088439397,-3.3064168953143547,-2.9692776461853043,-5.310032459019373,-8.34832124927871,8.333242159625968,5.680131374625274,-1.935524762311129,-6.726751319007138,4.521783528031783,-6.0906177114500215,-9.672022078530219,1.131073731072581,2.6876164452091427,5.875968596995643,8.546814282941874,-5.140115500820279,-2.065492338981077,-1.8643453657568578,-7.947182766866976,5.0798719612493155,-0.799651622944566,4.8159221249193624,-5.656368518732169,-0.5749592550722156,-4.0830986025351645,-7.052203676242874,6.877470599254487,7.953724920935276,-4.822133084155819,-9.503188469748638,-9.444429764475304,-1.385544363516182,-5.343394829569705,6.2896141310250435,-4.694261637502068,-8.371075702693005,3.6097897467430613,5.81611752748014,4.8899039831776,-1.656280883605758,-0.24287496918092089,2.2595725168919003,-1.1158887253842593,-4.361629785881309,4.3337438464659055,-4.6965155981837015,-2.671880449520243,-5.4086311546747545,-2.2243451800326675,-6.912899551340503,5.231178567649158,-3.3961508701388343,-2.597531576456542,-5.408197159204795,2.6164612147857333,1.5435350601216058,-5.6776414653379215,-6.462925844750957,-5.153083454744181,-8.057020761526898,-1.0833331078046964,4.9050368846064885,9.727676655262798,-3.7043717745044713,1.8755860308263834,2.316230508443235,0.5498231810640153,-5.2557634582724555,-3.082421810356175,9.199804987431996,-9.766715675827687,-6.846726167371278,0.7234362440196467,-8.067073631424488,-0.002556018381278946,7.003838831650455,6.94989260147555,0.14577596212956578,3.120675697679305,5.965569454696704,2.758639907049318,-9.037946961674317,-4.792667136586644,-1.3533885957994247,-1.105528125388112,7.529093177809308,-3.397094050638774,-5.53438638338694,-8.437337449189773,-7.610875196038167,4.557805952292618,-3.9002917272174775,-6.7346395941722825,-0.35051323910946763,-5.760247041568325,8.549826027681359,-1.6907374279386094,-2.9645404111445517,-5.825545712505842,-6.660809817824626,1.4044572063033378,-6.696101615932186,-8.437406120076243,-6.511999229937777,4.898260072382374,-2.500594405357031,5.622873484525231,5.79620204522419,-4.024136412125721,-3.0151845680269718,-2.450603948389225,6.8683029343948085,-5.813528716423995,-4.482585253346585,6.857118802935915,-4.656725061653024,0.7729584737040245,-6.331654988349058,5.355094604028878,2.6783813286164087,8.141891082968485,7.484394466003998,-4.389322576816119,8.246169945969985,-4.9889263601178495,3.663803525791705,-1.3148337786383895,2.6473303980414222,2.5157846675427784,7.589190147751701,-1.843270197878475,6.124225214101262,-6.165492498791338,-6.736435273972122,-0.37384343538527176,-6.572010561075963,-8.21165003581632,-6.923496978695325,-2.452196649769782,6.847958361087521,-7.1481799267429835,9.88782444212644,-4.416761355155403,0.9329136326785736,-0.9238033086608315,3.5969228805989317,-4.6012738152066435,5.185988496470845,-2.735384236437099,-5.119184161234884,-7.256530289026166,1.3971929168654835,3.249744581964615,7.177490522964426,-7.020202700581435,-3.9687178152254106,-2.8235626445566027,-9.735107583451354,4.96593039792778,-2.656654878696287,-8.589396724543485,3.9213212404445983,7.4076629254101505,8.190402533042707,-8.191946414807028,-3.0073296533108955,-5.721616613815379,0.42657286010491546,-7.961393280153583,-6.170659932115967,-5.3603187237494225,-4.380538532340925,8.334632541118193,5.168533094221907,-7.322172143731375,1.2068861105955975,-2.410244136239119,-6.898442586464353,-4.182534684188943,-2.135819114945699,3.1364210666473795,6.33125421648705,-7.9708854451939075,4.637689646769179,2.449689757706622,-0.6261120245620084,-0.33742158820522405,0.41832089063693445,-7.615238352906832,-0.17783116369433927,-4.03214423057924,-1.2489140415555653,6.242521719031934,4.480370111787975,-9.733514136234163,-9.076572162777287,-7.405248870810633,1.614992229657151,1.455187118600108,4.821662500290545,6.557295572439269,5.222038847841308,-4.724565309259196,6.4343186012166775,7.0452217154437236,8.205827275801944,9.82286848170883,-0.5172371121060273,5.096005163636569,-6.268753055819922,-2.5872696792481147,9.33605137666115,-3.239205802545322,-9.91173235256295,-2.4773807876496035,-2.2531387284148447,-8.803020252444934,5.790631953813843,-8.60743691813705,-3.9746097736446595,-8.03733400612752,-1.4004195186111907,-0.1452155413426386,-6.280900208568518,-7.547279792394727,-3.1069625838856707,9.855413174757118,1.4444238494761095,-2.8809723458177494,3.48373744360428,6.482136350830302,4.504818272149123,-4.427053055906683,-4.732309008942568,8.195818548891769,-1.2725928158595856,-9.93714526361255,-8.197971326189036,4.743846237855793,-3.702710352476741,4.905295327446675,5.988293817383788,-3.0226225821228248,-8.437580661276652,0.4952759219984273,8.984915979775412,-2.659610303221795,-6.375696931540038,2.9694152313188305,-7.785575288969504,-6.401874702691714,-2.0625654429909135,-8.350865861604424,-8.292956170230463,7.116006741160948,-0.8613728956608355,-4.860292464597165,1.3750388124906028,-2.5617457937445547,7.066835314737062,-9.468760009640846,9.339821815071613,-7.19955771896031,-4.362310251586838,-4.494837887381468,-3.379639824240459,1.0131285508287355,5.332825200274684,7.10307075983836,8.888710393819697,0.30545642868368716,2.0074110043555393,-6.491976487981493,8.209594385971684,-8.409740311195273,-1.219459508458943,1.8496502473935035,6.66029716792039,-3.159078321618985,4.430738654741376,5.327174270811849,-4.9932080731966355,0.3584568074836021,-3.363594506087166,1.5402093371564423,-0.5108688338858123,3.4094433127086337,-4.924342557163661,4.200000455591848,6.439452045665945,7.5393200716758315,-5.998532409597155,-0.20520762423920935,7.279911785498175,1.6360582399629564,-9.213664750862478,-7.146715649018005,8.638179176060817,-8.295520761943212,6.067504582393504,4.834917301287225,0.6605130207777226,-4.984298189478256,6.5718842271680025,-3.670730419620167,-9.2961806209378,-3.426448285340406,6.724465406439045,1.7211340624454063,8.513513532977314,-3.078189551256867,-4.442527829809848,6.975297563511013,-8.55249927781588,-5.309086816005588,1.582904380281196,-2.315526676655013,-6.775475277135046,5.02107915300483,5.57519815007252,-8.58940566500831,-6.883865567842631,2.274408339875606,9.606035659720217,-3.1008551784427034,4.500599085417514,-9.970035952408256,-1.9842938703528041,-9.33797969823405,4.963878511547442,-2.1557494308904506,-0.542739009868221,-8.424991268612239,-8.293972940220067,-4.391308663183113,-7.135646554183248,0.5228496559054445,-3.2062961973175934,5.069668670437377,-2.4051685611448654,4.221721461779275,5.374947895031315,8.824824475710283,-9.52570342367018,-3.677921163950124,3.2645439384233654,8.182255864816128,3.859807646800377,9.957592108068315,7.377697311171559,5.255031851462208,0.4329842775257653,2.2276947356598757,-9.378901906630135,2.6240988903416564,-4.977840402354785,4.973423298021791,1.901658880690693,6.287525051256889,0.11735228608752735,5.665276628028135,-0.8167592246851623,-3.304992324339926,-6.012454133190683,-7.571715742028482,-9.810555577715192,0.8286644628559863,9.984321230002575,-5.409156892142053,-9.913039355948449,-2.288157045483352,8.599157487254566,8.58489079721063,-5.247008236275798,1.6098508505229532,-1.7033686174177536,-8.204464177308603,3.008659203420123,5.2676959401896255,-2.9540616626961658,1.043202030797488,9.352953896406934,2.9726008310816177,0.0433581479131373,-0.8248311987835155,7.0543694828985295,1.9738651870252877,-1.2494637741733516,-7.163829632737826,1.667713727751007,-6.559814601730287,-7.341341356906517,5.252038647415798,9.140437207718318,9.782277212762065,9.790189524952883,9.879550813814678,2.21036271820992,3.5628907327661636,-8.677768959973665,1.1930294094230103,-5.361712806956915,2.79603887636182,-2.237383288645523,2.140492865356416,-9.213460122085564,4.810086617486014,9.735288525669272,0.8218265389520791,-9.312790395589285,-1.770126194192068,3.3165001842730426,3.074239575825896,2.667476255302173,-2.161858643109551,-5.429618260297282,-3.877220522405964,8.832550284480988,1.8491077840620171,-1.204436536618596,-4.622324773735786,5.4009288526916315,0.24058552612451756,-7.96130652876662,0.7268006245309255,-4.906957142744868,-4.601522247718792,8.96239920502321,9.383343213101657,2.381000116633949,0.00756534392847108,-2.5271608671394397,0.6886347737911187,-9.443921662549927,-6.583158147840711,-4.704622545376629,4.358832561326402,-5.80383200482429,-3.5458777989189594,6.913239500035104,-7.255289183933311,9.063385117657905,0.05247106011842817,6.537796346430312,-2.1427930723612976,-5.223807804938487,7.334597506044929,-9.998644772342224,-3.2132944653388407,-4.250256539369159,4.76521278671955,1.8106674237725695,-6.622390219854408,-6.206651002245705,-8.602151952482002,1.06382593971216,7.621993344725453,-3.1450171925838415,-2.8687138728174633,-2.7085262408996735,-5.037240306322497,4.545430806255673,7.715750768886242,7.382457392454025,-8.463522276533915,9.182201636666946,-2.0325846452738734,-7.838728768508176,0.772476146819594,6.395785505209226,3.5384847135211306,8.679652676453948,2.2588104845500006,5.075994720307104,-0.7019874830126422,-2.089500055938915,-2.998916699644152,-1.1790186129674591,0.43088372167385813,8.40138148949282,-3.110389396469806,-9.653431014621374,-8.853107412362924,4.89519995134604,5.5530490547947196,1.3613519188435834,6.784702689135752,-7.015022785844454,7.910135376108382,-6.881840594906786,-4.096002165719117,-4.3469111384063,5.554524960343642,3.0803715522777946,5.899844986462664,-7.733481887149951,-3.9828979753084255,0.05626627142424745,-9.268882514800364,2.7800433867309255,-7.873157113906388,9.657529646723603,4.676787228888637,3.154762735882258,0.16409167851305817,-7.643506278953911,-8.698107667680851,-3.588207197340685,1.5651331956374612,-8.758015846089833,-0.8679744855540061,-1.826893440942845,5.947809100002548,-5.612960927354845,8.400654503518432,-0.7813438450896726,7.663752679516691,-5.9653703616478975,1.3519984004705936,3.0380124961132378,9.734658317642051,0.4086882474016029,7.556473181803099,-4.180136025675873,-2.168126756595896,2.447725936313896,-4.59939726721487,4.696325183947064,-5.0472198865565705,2.793477066042456,-0.1955693332988666,-7.103099854225039,-0.05104587756770407,5.851613349589419,6.502560265312912,6.6570840380125915,8.60894749564742,8.155881093876637,2.100076701948847,0.21621873507512746,-5.520809953369962,0.4329726751501983,9.633934637926874,2.075385112218191,-1.4585925731877332,-7.895036037620065,-9.062865888024252,8.765151749827652,-5.917357919467154,-5.405441022146316,9.891531106873085,-6.141465739619343,8.319192576941798,-0.3838671414574115,2.097902068776591,-8.576877156755348,7.065096843293098,-8.261615974147688,-3.7353639243192767,-7.224109243523684,3.5845109747107706,7.031265933446463,-4.664294474655987,6.195780705707897,4.277781274278663,6.914648603082242,-0.304937568063961,0.8772592406394271,8.894008552404522,-9.60104316290543,5.117228712059106,0.20714698776132323,2.2406203037069545,-1.6269452220710896,2.5710782801492567,6.212651858058493,-9.632715619956238,-4.935672396180726,5.575126697663526,-8.699342853795969,-6.80252400879384,7.1653049045044135,2.0532093482114373,4.74888471739542,8.006721258211304,4.109737672992486,6.192747325859017,-9.676471942602687,-3.3533889230594705,-6.096973304557229,0.07402558382208646,1.3850874069518664,-9.620326524688515,7.876427637985923,9.39763242062508,2.9436108232285836,8.384506445871455,-5.541823348621087,-6.0315351976051135,5.0738910161810225,8.177812758624668,-2.6461022402412215,-7.621742944460221,5.755188702660799,0.8401938491848178,2.3585816229107657,4.645074156333081,-0.19443809900855769,-7.376963879514571,-5.682129846961981,-8.62036925948215,-2.242706313203387,0.18808042541263248,-0.7193388921697021,-0.283295149911698,0.7582673373143614,-8.886968570619507,5.521852763149479,-5.02039049665624,-8.798579061110141,-7.145364324801093,-0.8867475698358618,2.3681392986625287,2.3606625633445137,-5.3773975290703895,6.2218912901237005,-9.368393893845612,1.436415340588722,5.634673376341659,9.08713321182599,-4.989650954328635,-8.43326163044187,-8.264388425717906,-0.21541342034831956,-0.28459747490931875,-3.959453678921207,8.585958601916658,0.3982661241931993,2.7506055688323627,0.3918473232856261,3.7229829273090704,4.148888656202827,5.869749617584496,5.766373323584828,-6.265321429874822,-6.3767944862780235,2.1468511747010783,8.681651097469341,0.2688202801411599,-4.157648949407832,7.13078857420286,5.860512124663419,2.5949576048036036,-5.3383718797787445,-2.7458508120127334,7.152780340107775,9.52046205217281,1.7352050010523978,3.1374951926135566,-9.466446099323258,-7.702894822908006,-3.034179972182221,-9.120081475687494,7.9877596222317635,-1.8150790716516223,-8.869820162856943,-8.10657658919919,-6.095695099236444,-4.608974076660659,3.870193843448577,4.353634293922337,7.045912731437188,9.152566108138437,-2.1996012414677235,-8.413480629384358,5.970935259635674,0.2616616655366588,-2.800828035599759,3.0402679052268233,-8.845750950541923,-1.5869737262747652,-7.308586572751359,-6.58496371988832,8.41285566702657,-1.9821649216720125,-4.794319619354863,-1.7586337853750074,-9.087510794214133,-2.6349190607892314,-9.937461743362139,-9.437865184078593,8.750579163109414,0.9671951108254113,-8.005093666201228,8.918160046589506,6.870884260098141,8.282958947916,5.190009379847195,-3.8113032421978037,-6.145995086831451,1.5618618377208815,7.464180903499063,0.5991795276725185,-5.736053514590478,2.360762763331989,2.290087117198251,-9.317456788573622,3.0769665520332765,-7.770706580003354,-1.4531107504741705,-2.097441989825355,7.709980276794386,2.715475899764874,6.051796759687473,0.153566153741874,-8.70025936329219,-5.154943488831543,8.786150424696412,-0.8425633323308226,-0.26748165828727366,-7.680250202910264,-9.183168238696286,-7.106075706484036,6.473363741313129,0.5600207392240115,3.2998176980829825,-8.090420619627817,-9.128925384725143,-4.95889681679907,-5.6892796596684665,0.6481613986964518,7.299375728065229,3.9447177117295844,-8.913347478636311,-2.2768673234678154,5.987231266624157,-7.97798478228686,7.369911161114292,-8.279080405085018,-8.807820609092163,5.528595783882661,-8.045471662364632,-0.5469470479005523,-9.209604978917811,0.394355664453542,8.573278057123023,9.933539905582169,5.560084019354889,-6.2896911576061765,-8.077924252470972,-5.67826217834873,4.134672129861963,1.9630145643280201,0.8435746301185532,8.434787964179378,-2.9230743858610904,0.5331195890368328,1.0466629657510964,-3.977976539417158,8.49177312533686,6.128936946535017,-9.251539121667596,6.696311760532648,1.8701645047120685,5.492211851165088,-0.5347458529734066,1.2892149416420224,-2.0033022438495918,-6.353566177163805,-6.612092259229671,-3.3464310661536185,-9.14280086486659,1.7340632659370314,-0.6456112654122101,-9.323695347208567,8.558368004541428,-0.8336848626134064,-2.4520304590559183,-1.6449905655550765,2.6802608703374347,1.0618434168573199,-9.648948725504463,-0.01826697714930603,-8.893941863187147,-9.808170982001398,-2.853415420467069,-0.46684029107986014,-5.811790931004952,2.2375454263699464,3.224926989035623,1.2765133769984445,6.120662114004485,5.809411431997049,0.12532126658470943,4.0050467362413595,3.760014188035999,-9.883481606892847,8.866835088074076,-5.779620316996046,-8.50573868935543,-5.059278942792266,6.980165151314456,-2.767564595240044,0.4815454021889849,9.837074867861386,-1.464638326233736,9.041643629704371,-8.597122439481337,6.295727639539695,7.748546562456514,4.873846717523804,-6.986365398704548,-0.6346981351013152,-7.5447014736665485,-2.5668730287098978,6.234115708320122,3.1165338462542724,0.6552944519773174,-9.875723175926742,7.531792593621358,-2.750236208688815,8.774554243874562,-7.584141233998494,0.1208488271455117,-3.2597681176182487,5.098821865549464,-5.40574391536377,-7.307860495032492,2.659008605884072,2.197512887459334,-0.4610562854577118,-7.858764110996286,4.038285542588675,7.3894235163645625,-8.819324695078745,-0.5731002220697778,-8.2128044780218,-2.9468965921858947,8.024634886711684,-8.118985389189868,9.624029790930827,-8.706602990251346,2.4200484829771547,-4.291876053129586,-6.667717087810672,-2.994039495663456,-1.5673076325286281,-4.549987775565814,-5.739276701666148,-5.063231155453027,9.096648248335825,8.082585136442859,7.11632833181044,2.0954887772977386,7.248641689272048,7.262926000525681,-6.31378021555202,9.195642028316396,3.489129234987976,-4.5932772929891925,2.6773699106626108,-0.9879748375952708,5.799994275743947,5.81667046120543,5.340000502446268,-3.114068846604823,-2.2439290978470154,-3.371909926501089,8.151700665969067,-4.009121503719464,-1.6056938855649872,7.524248186348757,-6.4226151548578265,0.9785077939566289,7.322540629821628,7.309555358636118,9.097198896166912,1.8859365295891024,-4.507888017735661,-9.314814065530339,-2.1884573313216755,7.685608429020981,3.865393071224382,-4.056555724019299,-3.9873000063358806,-9.390682076156562,5.654690694025282,-8.509618810580173,4.321598624944869,-4.187502812193746,-4.915278961163776,9.34325711802687,1.764018703334978,1.5575705024055608,6.19465160451492,-1.0196656598654226,-2.0743752745425788,-1.1255045262234624,7.052774717385873,2.7841287212267893,-1.6483186322250543,-7.38093843557227,1.013457609000298,2.208070049798309,-2.129848177171496,-2.9631466368092756,-1.3655110451358343,0.8401673012966206,4.831906831170301,-4.699127820516122,-4.071812546565193,3.6432921299818126,2.3897373007768508,1.6601011164701234,6.732609269936226,-7.146503301374261,-0.3655016058377054,7.71443360586678,3.6605323275259956,6.2084105013986495,-5.034144102346209,-1.6025121918953928,9.274649931386062,7.440653971500389,-6.691012709875952,-7.07030565767901,4.525229409012326,4.059234160974427,-1.889024239887977,-6.400442693632405,-9.040013539803144,-3.7532326512859537,-4.5839520666427624,2.292239072987698,-1.9898688715166877,9.128533868665226,0.726625530588878,-6.5892466279775075,-3.7654052287494766,8.275255457421455,-9.984285000048454,-3.092250009388575,-3.5206396491456076,1.8513399323820234,9.784565122784045,-3.5087862844499984,2.2113610466148863,7.72704738113239,5.603876020824455,-8.632638903755698,4.250808607935777,-9.491764209028432,1.5035052069480255,1.9754552038126967,-3.0491955035396945,8.337160251887699,0.9927308369583638,-6.915287803706196,-4.520012475265116,-9.749922656639118,-8.233943390889708,-5.85016638926186,2.3428702705209066,1.6994105034689326,5.61755522303244,-2.431761651250339,-6.937600715825745,3.782610402149798,-4.015245421954212,-2.7140424169401145,3.8258099690636236,-3.432435204139499,-7.93394531261783,-4.532859120201634,6.694175691923665,-0.33673482708944213,-0.6531253033208433,-5.021183857802374,-1.2820004478459062,-1.0252507114846114,-4.029050078091993,7.049626599822126,5.413027557616747,3.3220677634322104,5.750590392641286,4.140795987902093,8.369295654544494,3.4526096593169235,-1.429244277824072,6.049690795190809,4.604578394304099,-4.483099838739348,-1.5294542989932207,-9.96238342701168,1.42655682937108,-4.308833168876185,0.337185971309621,-7.440069331491008,-8.92149124766361,9.275393920494416,9.420436318989708,7.404064712335558,-2.829852494946838,0.2726028991777625,-0.25810192870406645,-8.904410512870841,-6.930691777785636,-0.06476593441452749,3.0753395655820057,-2.597551956510447,-2.4303659150811736,4.704220720337794,6.830331470150579,1.900810454267532,3.472045920816347,3.0742983001798674,7.430917414846629,4.988877283169016,1.1823077912265667,-5.467913863179234,2.758872671211849,5.435520615019733,9.978483829169935,8.886224905398528,-5.178338942393552,2.1684164059725415,4.188749666093255,-8.691132786389675,2.960445730357229,6.402096411619837,3.9697379996118407,-1.464265472714839,-3.9517130654646433,-9.676222785466033,-0.894742391241703,-3.610730814101162,5.4737447636178,9.980350443620683,8.79225222782025,1.6824583078860371,-3.9594417149205636,-1.549494377623997,-8.868026466348585,-5.118855832815427,9.03219689144991,3.4986892611874936,5.9447942671664755,-1.3065371178797118,-3.568456625757026,-3.063449830891784,9.710883972670064,-0.16337900727002186,-1.0350376650936255,1.7943304083655587,-6.707023494405078,9.791636325143664,-4.711252185842902,-7.742642150103169,5.545557212179501,4.7432660950551835,4.377499112360139,-3.7258415842388253,3.102703002511726,0.5555291684929529,-4.393326408962885,-2.354626881812802,2.4306730149562554,4.374114205882616,4.856862241905461,-2.5884424059578848,-7.9516909413297014,-7.779004645547003,-1.8130159773732313,-4.574125136692217,-5.394642330377124,-2.798169116235205,2.3680109506388476,3.6324257578488535,-9.175618956817848,-8.471675107156994,-7.539581072168469,0.14326819613569342,0.2736146653638638,6.17891770263142,-1.2000297455640272,9.755411775816974,-1.3176682195641831,-5.618990596943066,-2.521492763724817,-9.27354186278825,-8.132568509660045,-4.726570242988006,5.056108766925112,-4.983768467056895,8.771999012657766,1.150396203171141,0.8115633025665367,7.446184499638051,9.64308007210741,-4.323938593084742,7.183655899955699,2.757077027764341,-0.6698629271485679,9.294918035343002,-9.629588784039015,-4.819856983542019,-3.8720582685319593,-9.691294326836356,-5.632032191914815,-4.296801112665216,2.063479991293651,-1.4725462201023625,-1.8779073148473024,-2.355756099470348,-2.8120639597348562,-6.452429022326003,-4.075079640497938,0.6839888067780091,-0.13208182893229115,0.9091734807544594,-2.756816151576224,3.683945505528026,4.849937487221867,5.193671721675388,-9.121544372344186,-9.840757930452389,4.5223954075293875,5.842613918779092,-9.075435616954017,5.169898680551215,-9.581450398509261,6.863689425802917,-3.3751823839774975,6.290490108428031,2.511643759172733,4.015594145446361,9.489303763894242,6.574438039787687,1.9289237233997252,5.026576477530739,2.302135310018322,-2.145979029906253,7.51497593943774,-7.248562294503696,2.7531892398563667,6.716466560883003,9.02468013330655,-0.39939839564419444,5.362997387278892,0.3899556405691751,-5.221453634833155,-0.005817366975819027,4.373642230959502,8.349400955470642,-5.082975767763813,-3.0900945798647523,9.222350360511477,4.15901010659357,8.749810420947092,-1.9886979679285481,-8.082169352928572,-0.3918539761842652,-4.96177942058009,7.353060687242412,7.721044541237795,8.583576438363114,-6.295908719339542,-2.236125345343649,5.376001368365227,-7.206988075467078,-0.297776471459823,1.4413514387505835,8.105496482830649,7.531518549114644,2.7731371476761417,3.230831978622115,6.424827940123169,9.666611779189239,-9.21214219349081,-5.263459806605029,3.213710829896815,-4.673887429009895,0.290200630005387,-4.512577116702685,9.060681442947413,-0.8840676146900499,-5.2126396431148,1.7121878641979826,7.908854028223388,-2.6750899801004957,0.7600607326608291,9.912620521570538,-7.2673466301708505,1.1528626431858502,-8.54435126176545,2.342429271452726,6.1501177380391425,9.419107710446596,9.965287345291141,9.330019711371254,5.210933309306929,-6.819692636184225,-7.571438531246642,8.704721472962433,7.01725691380674,6.702240595204483,-4.5449402342925165,1.1105786577687216,-1.9933522214243986,8.423668416230331,1.3271450128874953,6.302100322555159,-5.21418793537479,-3.3402228396044586,6.817597428116795,8.523358667970832,-4.6663588161307,-0.27138209854898854,-4.697053078397174,5.722393771208409,-5.111397286550758,0.2426534544142669,0.5797243620793484,0.258077088675039,2.697018544794993,-1.3072142107529672,-4.856918254822897,4.309981668091279,-1.232709729805661,-3.4275496390740194,6.585586891144047,5.260464941700352,-1.889814400470227,-2.767826669272777,5.372742982740009,-3.993317928529181,0.42079559527896393,7.023363432815366,8.858611954121251,8.424070899272511,-2.676031459505543,4.701380888487359,-8.942916632407595,3.3319033310758037,0.5552153528322119,1.9934403986760518,-6.8118602888929285,-2.077060753810893,4.688485863466683,-5.944628554413416,8.586684136447012,8.75352622202174,1.2530027676431192,2.9577774032686897,5.422640560417269,-4.330235383832523,-8.057596073349732,9.252736657223895,-5.696312757486794,2.5020228400020095,0.9248695811529117,9.415335824909842,6.2807986947892545,0.31631885243005087,2.4339649725193198,-1.5184270609394126,-0.7515969394471949,-1.9476960364250662,-4.261204600907583,1.3183794721638122,3.3640149297554984,-5.693997054511195,5.418782301212202,1.302379272352681,7.8002651674708865,4.8103340189443,7.5828124660159055,6.1538712767500385,-9.484972163839739,-0.29798086658623824,-3.5883358460107058,8.242093456292167,-9.073091038812525,-1.5513036019525384,8.90377983707397,-9.09720454030888,7.868728294358348,-3.8615844538395727,8.017889744634374,-9.205377460893766,-7.040938367886664,3.0283673256952053,-8.30925512062974,2.695049672614429,6.511247991239614,5.004463421171126,-4.765868943025771,-2.5989512837381152,5.456025327683507,-3.584509981343338,-0.9709584758497751,-0.9324457629404908,-5.036931046712194,-1.6647681645321626,-6.1359939906862415,7.388575779171244,-5.4797252957854585,-5.506247622602258,-8.217268969886032,-9.68941664704513,7.40890923408233,-0.050581317884578425,3.0304438296192444,-2.7022292259444924,8.138631280019467,-4.66511735895748,-7.297250327950653,6.616215568343247,8.766060104732006,2.0799993915087853,1.2955284873823452,6.856176017525478,-9.960988388642464,-9.590445274172785,-3.1112806972180307,0.978595172024054,8.199218437725008,-9.438498606162003,-5.442009514364587,-2.1648984492514582,1.515877421782875,7.367041482339996,-4.9631283197036264,-0.563342601624683,-7.421165059687819,-6.695557758593917,0.39966797842967594,-6.756001138931948,-4.68913778545216,-5.721450143385953,-0.5703988136055997,2.0391424850138744,-7.894809564766881,-7.500268767900227,-5.232006800228284,-8.82918506284929,5.7450242820346595,-8.669155718504005,-9.501339658529695,7.969057727324834,1.483091074266838,7.212772805573778,1.8327769238573417,-6.550369276124446,-5.929454107016589,-1.6404711926929245,5.19679152839058,-5.071989325931588,1.0663092408216244,8.781167728466293,4.460694429701883,-5.432423541379528,6.987588477707206,-4.317576454498742,3.250257476873424,8.872258005894743,-6.851401722936766,-8.84877621180133,-5.408330193547086,4.310235858294275,-2.0216384451764284,4.391035752222745,7.692661153288611,4.032373792986634,-5.356133272428247,-4.635918611808347,-8.334613218024074,-9.443353003447843,9.040265970964494,3.2845845244940826,8.466709143260957,-0.14880056565947264,4.3427807468537605,-0.01024064574520267,5.852523875070936,6.458035752707502,-9.71431311895463,-7.7524771295831645,-1.9669314856110134,-3.922974016854406,7.574221395485903,-3.8699730752065165,-4.245342134645227,5.902620802794878,3.8775303952362012,-7.286084111306977,3.8064609064138093,9.604675370314357,4.490541439849665,-2.9473205495599135,3.94287960589255,-5.608131242114533,3.4873679594159963,2.9196901173370193,3.771080044926581,4.406318135739218,-8.85263153602347,6.934088900676173,-0.27750636543021656,-6.848121940514831,8.115448128646221,6.376933512675162,-5.409751705804087,-0.7150248782098494,5.698983731661045,-0.7034902860054366,-6.588699333635269,-7.997119584961332,3.782144903811135,1.2408596938571996,-6.426170490482088,-3.923098430590528,-2.4189622507325677,-7.927416454307108,-9.51102043581577,-6.914444372128845,-3.1089595724905656,-1.3321432799867772,-0.31765481093644254,9.255515043316336,-8.470699372573854,4.58733521757534,-9.454402116064866,7.745862146094623,8.884427129431877,1.828568894141366,-1.5641083553252848,-9.398948482152429,8.00937602296301,-9.211534933149698,-9.264904498185828,8.142086994860136,2.8393120398001326,-9.287636356763947,8.222155945323678,-0.7868306691068838,9.7325447367345,-9.556123303236369,-8.205442779703336,-3.555802288799635,-0.6234235947591049,-7.227327997715167,-2.257182199510888,-0.7697854672034925,2.6666171728502945,0.5476161874383738,5.1180290194024,4.458561485207957,7.165962559809252,7.243354072472112,-0.6058438971074693,6.1830781042161895,6.045529369393606,2.43227972728344,4.042724754997863,-5.639867043160449,1.3687718029330682,-6.724487148142549,9.5232941141809,1.1913271009261805,4.668766706834953,0.7904710310827987,4.995704338847148,5.150424421909037,-1.7937542288632269,5.270564411186216,3.5513323880203167,2.275640413437948,6.150220706900097,-0.7135127226587752,1.8997464915301308,-3.1379419641132227,4.520927604130971,2.768670597479993,8.666207558099611,1.765192180262087,9.802367452557938,-3.7168193044255204,9.777777213799695,-6.569670750571824,9.501103305330243,-3.7092872432156216,0.10970537326035412,0.8050037029361192,5.070466534014253,5.629352633594593,1.2354375674445066,-6.104459207303103,2.140651360247457,-3.4254936972916177,9.452449588892996,-9.748711252832074,4.61504542007264,-1.0573449523925653,1.6129307456486437,-4.26059584082606,2.7312196020420743,3.4095827441179303,6.633101877140145,-3.887000413843193,5.969998926300255,8.210520784177213,9.50446875946222,8.246479179326396,5.979259248946825,8.571579915143943,-0.5823521681364845,-1.7911126667954402,0.30935664777073946,-9.896967901699918,-2.969162654336996,-1.1723875993002686,6.165816799401469,5.258390054550135,-7.216997332246877,-5.115872332600575,-2.809429784329735,0.46253143254797635,8.954287230364681,-1.0209219138430115,6.839695503924521,2.362798695651625,5.809353904075181,7.912961993492939,-3.504563882291145,2.2768945560322997,9.404643833075223,-8.670145549002608,-2.4925933443447494,0.7945072144796033,-3.259837442315119,2.419365713203028,-1.1489946319160182,0.3420707136139729,-4.2583453237297135,-2.7978492641060964,-6.216670084899567,1.190371394833532,-9.795152033712196,-6.586753825139679,-2.6498946487851605,-7.499397444330709,7.551481852330021,1.7585807010620833,9.251279547000607,3.4067456726483485,-7.904021682617815,2.267254870320043,7.724796796779842,-6.501906609851633,4.851126803448437,-6.438175017807848,9.423163957761382,-0.8834584343592482,7.041779935769519,-9.436936753933018,-9.42909646119594,8.787109702428918,-6.729834751262269,-7.378079236505714,0.6366795353971,-8.418922349234974,6.02451080004337,-0.6197551139663418,-0.6423969247834638,7.823868050779584,-3.385633109290249,-1.629510555455436,-8.865753274804298,-1.1440601177456138,-2.2914657532755545,2.1689746520596387,-7.1011074362385145,0.8752523017192875,-5.675698313716144,7.535735335546132,-0.40483934005592204,9.064689806020123,3.4807837203698035,-1.421851287687801,4.846190617493535,9.232435235479702,-8.372187205949746,-4.605304255139416,6.563799759425354,-0.43802172778080894,7.746866325692366,-1.3233378851955795,-3.2257464427964777,3.7918090668068505,-4.968711940275927,-4.098105412757571,-7.995286482895258,-1.7337608132285158,-3.3451496871097675,-3.2624500263653484,6.488989044665502,1.2284262821203136,-2.3289140970668765,-8.638550199235858,2.4543679515235457,-3.19309667425099,-3.4544465254819867,7.52878736940443,-9.717295673687369,8.505840170860584,1.0672373933228023,-1.975962852819075,-7.562217191876375,5.281616576855184,-5.798486796198555,8.211364543935133,-5.342007967180518,-7.940661822608588,0.3613662971735483,2.7098982224964416,-9.984608972880887,3.2988987824367317,8.230437348573634,2.37084586575026,-1.8471742117876495,-9.237923915090748,-7.366671120915402,0.4609818075164078,8.890597328810163,-7.283995013180238,7.125574461643378,7.217549367655977,2.940294083226309,1.5508321217696892,-6.044270069424762,6.329239315824005,-5.924558480969512,-9.548284118300066,-9.905066944552384,4.3547168282345226,7.202544331015922,-3.7438162777493877,-6.938318791749831,7.790019789418384,2.6630858773352912,6.580070534028092,-3.3899158386104933,-7.937212811302155,4.312229577928877,2.3172440727845967,5.977283082572322,-0.6714844767081392,2.6688615019474256,-6.697903613659215,-3.7147753662078937,7.9035691981650125,5.632120502697708,6.690200555381754,9.987133240563487,8.44386527298959,8.626250751744202,-7.689159482542866,-6.234685727767431,-7.259870375272026,7.3063078323231565,-6.506157129068322,-1.2507323037882738,9.273961991470003,2.5165417502705463,3.631313179776681,1.3651396147153072,-0.7390781512383384,7.582657626167737,-2.790631654204341,9.489537061461853,8.491467484301278,0.2826919858437815,-5.7812610051056135,8.096394651100649,-6.5877746271594955,-7.550904311420981,-3.669597056246552,-6.138350210907102,-2.8607436855175683,-5.530731432255576,-2.495679442044767,-1.807906147055352,-8.908711561671423,9.632326677803324,-7.998730903470981,-1.5468684092670095,-1.7199581741974583,-7.5515000066292775,1.6452623983075316,-1.175346004968155,2.651772331587523,-4.93333925556877,-4.106325713890571,8.101839451063533,-3.852349792936889,-7.23863297303692,-5.370024644869313,0.13743550047007247,5.476499973824582,-1.7022721485398726,-1.1536706080886372,-3.548870135454103,5.6926689770936445,-1.1911702052271504,2.5655088570891884,5.357112079168051,3.5178872753448864,4.355910378346513,4.209488136932222,0.30140864458306815,-4.701204808937041,-7.102156441727805,-0.11131904787710312,7.891719784400884,0.5382094092402951,-7.122660592249572,-0.031049282557971125,-7.123645869469226,2.5510410548666425,-7.34439657518875,0.04635091944534864,0.16960596224146762,5.822001457661523,8.0402921570229,9.863521637236069,8.379441035134821,-5.73406564442831,-5.841002204225861,-6.8856999568522514,-2.308144942333687,2.047894033862253,-1.2514093119929885,-7.051189736791004,-9.681740306384661,1.8397322578598043,-7.889661698052885,6.891479060607129,8.714075316798873,-5.652270935257824,-4.830381674906688,-1.6770541370541494,2.016308310611022,0.36784138924124576,3.1056170098344573,9.04178796622228,-2.618550157511226,-0.8502296876022442,-9.954422429431755,4.80497514366445,-0.4228855348255287,6.5060373221010295,-7.044517600137601,0.08426234655090425,1.5314017281314953,6.025365939699487,1.5345294319162033,8.530011621274966,-9.442719988130879,-6.221551516087855,-6.395156687870019,-9.800085069372255,8.737134754035637,2.182477664804601,-2.392729057443754,-6.427452765502359,6.078472711556866,-0.3470238517384612,3.6223829864660075,8.29173406219872,9.648921983891228,9.434457869536097,6.715762566598848,-9.577854546746654,-3.8805144094215427,-7.430144600473458,6.325946016843574,9.265423052366504,1.6370888634703675,4.945952770840069,2.214081368575286,3.5462445495651735,-2.4486269889524026,-4.516481668143548,7.276169841608027,7.888513396280853,1.0558966325436856,7.309662929129587,7.046127300190911,-4.458444314715441,-6.201848328858304,0.08109899409907584,7.1993041585087525,1.4032611210038155,0.8914038940066469,1.9648722899135187,6.915069273913051,-6.084786795050996,3.11920672107898,5.353230922377843,-6.749821084185061,-3.8678864398335477,5.262304604221807,-6.118815253260199,9.003306468678524,-5.92486102493077,3.5975508692548352,4.943555172131804,6.142110803628935,-3.9049083400502855,-6.888294834007384,6.63965463836599,-4.910885658561517,0.8187834673591627,4.742737186555779,6.230701500985315,9.37394339306707,1.2002551090277649,-3.8060819338209058,7.944772788590701,-5.584635025213791,6.87360241291422,-5.365907058999935,-4.6256218841315855,-1.7297359932061678,-9.209028105791997,-2.1261332404199056,5.3300761426236,8.855429535312215,-6.780321739773045,-3.6131221586927786,-3.2263523898144975,2.8342349587765803,-5.741928198905237,5.997316429608723,5.111048062478719,4.9428289299749135,-9.679187560033476,-3.1038268755398697,0.3033055485986722,-6.519851934941084,3.6843930493168937,7.409197832126019,1.6959172065083283,-0.01060794207896798,-9.42746987783962,5.265763316441198,-9.957311765530864,5.604224076329903,2.491830677369432,8.677854107051356,3.8460757509890477,-3.146142127327078,-4.1909036115872444,7.2339407081055604,1.1678279638423756,2.186097299919709,8.48253582680558,-1.5553084147392653,-9.495659581089653,9.563058131619403,-6.312476629545872,7.186242310132236,-0.7272752737673045,-5.52042210401525,-5.317641230177809,8.10906619741337,6.00909823280945,5.782001452745833,-4.091477506615839,-3.9564240150505743,4.220984754213944,-9.349068774319827,2.4913602933933188,-5.279960145335691,-1.7411507411726568,-2.1699575432453733,9.759948972628834,-0.9988826582758481,-8.974550454291855,-9.805159822271218,-5.730434504144339,9.783574238721378,-4.233145985729035,5.804210571700942,4.661419195247303,-8.775051617772148,6.251962457231723,-7.779928428624774,-9.058438409208405,1.1432442864638617,-6.481653002450223,-3.5073489558767985,8.003309639260586,-3.0840142338516667,8.926699422295439,-8.069833650409137,-6.832040240749036,-6.5647260340779345,-5.04358906097695,9.234849859675826,-6.987185865293828,-4.020965273907729,-8.488501197282277,-8.624456077327348,-1.5547152208269406,-6.8184013515663295,-7.314246312313797,4.6051674963305835,2.5983231392923027,-7.766716337865063,2.299101134053119,-8.15992631667161,-9.721163075992578,-8.313524037259272,1.1361435099936195,-1.3669145628004422,-1.5468335303792635,2.5564287184251118,7.187280229668364,-1.9661974557489579,0.45522864718576095,6.061490569742439,2.6028161000062546,3.087370969417014,-7.566393521848234,-6.205803228959519,8.575861119772739,4.857493669518998,-1.7510814809827089,-0.5090231882027858,-2.4127362819444276,-1.6990840379945666,8.206394309791357,0.7568307856967884,-4.771435497257361,6.456526255744592,-8.486578343508631,2.9188041235532296,-0.7510399344261529,6.6441042485901285,4.59249922194827,7.534887320070528,-7.516650064628649,-2.6861442676510094,8.77767140001636,4.593461715744127,0.9033318079789119,-6.283888507637856,-2.00918605187214,6.25410067915076,3.3081890975327592,5.078941190221855,-2.891060216989323,-9.700255221985014,4.386605795955516,-1.1036141105328028,7.931482706550227,-9.751419741751002,-3.2902038767498603,9.973117357886917,3.090965850536339,-6.538282578884644,-3.4316213495630983,2.8548746895733075,2.8784889794090684,-9.951320058011001,9.262763995293728,-7.214733425617901,8.262468482140047,2.19561441162182,3.871821784609873,3.5435162024397844,-2.1822608514710478,1.309228790312286,-9.286509049724875,-0.5129821951340396,5.368419893902585,-9.765728568116872,-7.84236956550725,2.9151960963716057,5.071013368023518,-3.756591063946095,9.757952219013472,-0.7003786527544786,-2.8698371180991167,7.717463840733394,4.850129653461092,6.111517184056336,4.360208421573306,-1.7724694733499753,-1.1011327418773202,-3.324919156925283,2.0189717010351504,-3.6221232684887887,2.043152845110461,9.113169964073556,7.56515044337943,-1.258765196469911,-1.3332311366530085,9.307744024270722,-0.37898589770784596,-3.2225214171819676,1.9237818576706402,8.233272146665055,-0.8724327561384388,-3.4001947835422897,1.3464936154074785,4.017768353528597,-8.528489773280942,0.157895977317013,7.341833301230388,-8.193445077952482,-6.4388751162054625,-5.184202759293603,-9.070558705799787,3.5383404326450005,-0.3659785182265516,3.625521018489131,-2.247632440176888,-2.4422678614176867,4.3090944295847144,8.887017594952738,9.565716873412129,0.2826820677061104,-6.725721142582137,-1.924790808230025,-4.9299229252594845,8.024487736406808,8.782656068406123,-7.9597953595655575,3.0612987660184565,7.036667770549233,-6.900411184209421,1.9760029960215455,-3.2139716234071596,2.887499379788796,-1.2881702830069859,4.442951876942821,5.548955381742138,1.4406038520707014,-4.136048711147426,5.952781100266479,0.7143718711843157,-8.215721655503055,-3.333946229520417,-0.34416722531828015,-6.300866367770698,7.382906383537456,-1.6679373721994537,-6.525594564405679,9.952282865561767,9.250885022478958,6.468443377461895,6.691857954369752,1.60318605717762,-6.282891284688388,-6.825607538470537,-2.1279676185182383,6.7276797890623214,9.666267558324147,-5.941343594594266,4.685645569316851,-2.18527617920115,-3.947757057586349,2.5881633950314704,0.2893528460679917,-8.679192233516918,1.2582642853611308,-3.47468309264924,-8.593397821706702,4.490984046225545,-1.3922524282493693,2.4655850567451676,-3.1169121422575286,-9.85567579655889,-4.619213147052137,4.37471649085963,6.319430919986168,-6.462337962196925,3.2452622263343915,6.646819489669969,9.537589098897321,2.3777348238660334,-8.838000788447149,5.190540080056511,3.379547166966061,5.180101474421857,-8.386618369761976,9.3523344235542,8.549660610677595,-1.1108584752235036,0.8165693464052062,0.4718105286508809,7.37349862212081,0.7281228065586376,4.171905273821796,3.7225725094225375,-3.6899042584009916,-1.6759088037757728,-8.285765386200406,-4.839821619873009,1.2663407094724164,-0.48027312607677963,-2.21761465661797,-7.335809199498177,2.636693608671969,7.296037257332376,3.7902818774218368,-9.458808263607573,-3.6238462504820284,7.397349616544091,-7.800144864353493,-6.602395558670486,-4.878503128904081,-9.557626413963451,-4.647058145014416,-8.43184654860925,-6.577650733303839,1.799244420629126,-6.14960394112837,-1.1926179715903444,7.016760419825857,-4.01387579305826,-3.877782654707829,5.337920510251855,6.1039969134103735,4.149992215775654,-7.06566962137356,6.283879138528079,9.462100231364651,6.927909969124318,3.6017102389366595,6.052666896979101,-5.017873323414326,-9.04545220419785,-3.7295799450668383,-4.048364720227429,1.6933971426394052,4.959620500340902,3.410166603634483,2.5428980633506715,-2.4199865584459612,1.8026778608631577,2.4306375407333984,-7.617163107343257,5.504028828500386,-6.463808977134134,-7.14945888502295,3.314989385888044,-2.7206458665579785,5.706451462387054,-2.7021243826196084,-6.233254560594155,6.783907466035359,-6.339009594581173,-7.768514153597708,0.8195302146391654,3.0852622379733923,-2.571810940180179,9.71855850137046,5.464079817581203,5.614686846570386,-5.090887487679412,-0.14845476201690389,-4.401215178100859,-8.34667707474937,-1.6884811477556276,2.4579574807198696,1.1862228575213418,-6.975413612907062,1.689167773372862,5.727860992789552,-0.888444284274712,-6.491480130512142,2.5636994442257066,-0.7754171096356686,6.161456474924659,-0.7303929543717551,3.269197951166845,7.461115432342758,3.4938435018891276,4.526794543653159,-5.841769234136183,-7.990052783963182,-2.9337215054051917,6.127649692701656,1.517573503202163,6.396625531406507,1.95672784413172,5.699668382241843,-6.67219252190812,-7.099377235700559,-1.3600846765253394,-9.513842279294417,0.685939225044276,1.5420341228710797,-2.335501752644662,-5.9187107558103325,5.036079734778946,-0.4502407331626106,2.0361073643580436,-0.5984204664015245,6.159695065207707,-1.312671643731429,1.076835896662626,1.0722021301730713,7.179592348361169,-0.4835592364613035,-6.34168613150252,0.6912194137116536,-0.042874821834605115,-4.123240538302982,-1.61481709478217,-1.3104856777480975,-7.047039686409942,9.941687337783357,-4.013429526821417,-2.29487324861517,5.105983099579245,-4.7126786750863054,8.042164576925966,-2.081636235958886,-0.9926143756107031,-4.52486938280154,-1.569283068766259,8.852046245445763,-1.7136725829009087,5.197258108423295,-8.534172215243812,-1.6281401224013656,-0.7851452302783262,-5.40783446291938,9.025234016836887,-5.356169958250609,-1.374044196980993,3.578533823744319,-9.382670765430543,-6.825743380320352,3.0031590475682464,-3.7211191324731185,-7.008134606046124,3.4382726329477435,2.10621059552485,5.186673004704653,-4.643826599482599,-9.398388570040048,-0.6735636815488881,-2.4527719982155833,2.24325644666248,4.860429233562469,-8.296019052604455,4.13951876165468,-7.402249775959488,1.0019581391943824,0.42164921859180815,-1.2732785142599834,4.59897764483795,-7.373484489454563,-0.0038343270844958255,-7.84509054869668,-2.5312061435430877,1.5748193343113144,0.5287193723568393,-3.2747566347787167,-0.013432108125241982,-5.925708646909078,2.412061742220665,-3.0425348291044063,-4.578476771372422,9.368103155464539,7.008927602423306,-6.3517395609615335,3.5739327121937325,8.120336279759737,5.415047015807906,-8.183804625128307,4.342163084852261,-5.345096442244445,-9.883383264616437,6.2061384987896275,3.5857815858302438,-9.295943033780302,4.289795309698803,-8.542636124065838,-1.3666080025545817,4.636650693366933,8.691828755277776,6.652306843964421,4.173408166767803,6.317421358124683,-2.926236742619384,7.065531971373371,-7.570920635133563,-4.050689852429146,-7.505969538448809,-3.9832172806547916,-2.318297571063896,-6.1861675332477954,-5.448345371233474,-4.511843574354863,4.974550716743435,-2.6952940535832486,-7.988369918309896,-6.179607345209861,-4.552205111332174,-7.119199649166861,-8.117242298683516,-0.8121246508832733,-4.923117758166173,-5.661790623305278,9.369520389908715,4.362369649292344,4.531005687281979,-1.8119755648317728,3.6698291971899053,-5.202329234173191,-9.40949547763575,0.9135856277014103,4.265251380786923,-8.354231269704528,4.019467804532795,-8.199460622690754,-7.277844577886949,8.44562221111957,-0.580773887900218,9.991146083698926,-0.34353562394048787,-6.068745909089914,-6.8724198028191585,0.15297581674271576,9.211336299904914,2.165766489731862,2.948845044317725,-4.398926322907846,-1.3963676613069538,-2.1718610391661963,-4.358648993956731,9.427274883814803,-3.6129312266478237,-6.935106175193104,5.802585740233571,-5.171169986521393,7.869495291278831,-1.34698829001605,-9.087616640737046,5.09833530045354,6.1542094501724875,-3.210543775663397,7.651558652927008,8.741714006747802,-3.313569511208123,9.910200442576922,-0.1702669928458871,9.248005617746347,0.3704365959374041,-5.337207543295759,9.391120207240025,5.01577298045463,2.8855473772086206,-4.140963333040279,-5.7207047138060485,-8.991187818072754,3.031976318478449,0.8587060000621971,6.641764348966429,7.619399740354112,9.840002947795455,-6.5398007386733585,8.056937310805548,3.8421475318636347,9.469901838513945,-3.413644239279579,2.488635045103731,1.3441393946433386,-3.9967151324179024,3.1845401859573883,-3.84408342561432,-9.002769123123011,-4.342597216295491,-2.8716252311727803,-8.764826156182115,1.7931773117968834,6.452109910105328,-7.391482222203543,-5.64420999086888,-3.7633371856286146,-8.632099145348274,-2.8242108253180565,1.8322839569526508,7.983977770907607,-5.47609251208609,-7.7700649701327285,5.192803361902683,-8.871916117905101,4.722877865191952,-6.889580547133534,-6.395875336106509,4.715876127336831,1.779014065872202,0.6978294980827506,-9.932716368963456,1.720742954469948,-6.599114154573236,4.632735147113827,-3.528061748026081,-1.1024498352043786,8.614009323766048,0.7548330647301356,-1.1782300584554388,-1.9473496639104493,-5.739499249346158,-2.6874571213441145,8.560168996607704,-8.840929067093395,-6.977934742139911,3.7660484426651806,-0.4927887565795075,-9.327981977638988,4.1926353860185035,4.972440967336896,3.6406442702076536,7.850341652696184,5.731578577603981,-1.5775427403331843,-6.898352953491305,8.35816809363007,7.472482331017666,-4.707026436598354,-3.722901397106302,-2.0154637657442143,1.6247088259519575,-0.7065857183011204,4.312334691808399,-8.653375205461,-0.4172672355657898,1.370781122477764,5.014999023209441,-0.9724703502146212,-4.776901915279543,7.329945869030951,4.72288512488236,-7.61535593437384,-6.494799463454292,-5.202230274458959,-8.953598428286657,-0.3113422915780877,-2.987696218600144,5.824343180449201,-3.792347923561195,-0.2385547616802679,3.0381253009755795,-7.9602535838305215,0.5386609695552913,6.199305942608412,-2.3645767776606093,-7.445650537350376,-6.8351121389684755,9.855649139557443,-7.893757156214754,-6.778106540726632,3.436291711549588,7.965958777354171,1.6932096037343811,0.5859002482493842,9.866433326929439,-5.418268262405482,-4.4303188229414525,7.157690013045507,-5.694118528488515,3.696469857880027,-8.319499205028242,-8.249183215863148,-8.727218234103722,-3.9408254621387613,7.79801735213076,-0.17806539563672175,-2.0598276224377576,-6.1976753966779246,1.124939065092068,0.04724993698838276,-1.896015621033996,-8.582713251084675,-2.288687566177618,7.01658367610203,1.9168187642633523,-6.872088313438458,-6.620693203448081,-6.212866582687142,-0.45797487218687394,5.051613345444794,-8.913694392092083,-8.985779402982965,-4.559517721741457,8.05522153692889,3.9931208413543047,3.239191982713745,4.157647163183636,-6.502145187979307,-7.259120808227186,-6.831146108373963,-7.825712764429751,-5.51750823173315,8.185021972406275,1.0437070367466035,1.4016618175194413,5.027688576124712,-1.6252513548209375,-1.7497350612759472,-0.23308138341411144,-0.5691572108605811,-1.4784749140527058,3.5849832281528844,-7.32000234610521,0.9253931269062416,-3.435608439289801,-8.497762762507508,0.4776566419028647,0.5960720138405584,-1.4497291907665737,2.607125102882044,5.6624285263344944,-6.281910109395921,6.94328932372602,7.78321447516149,-2.88033979392766,-0.29847472614001447,-6.737491033962419,-2.2254739167306514,-2.0392519192483904,-4.178352953424643,3.135166614673949,-1.2381699326571685,2.57658588969122,8.426869203324049,-6.2557430792639845,7.655916162378809,1.9716815364214053,-3.1715305385762154,-4.790474333690666,-6.055966881590069,-4.858651918150452,8.171257288610718,5.4984796849752655,-0.7316554730446594,1.0916645651626773,-5.412523022037248,7.5630203699749,2.207168926574827,-1.5708969221642217,-1.4658631533756648,4.0895991248959795,6.352803993073849,-3.740151204702011,8.285252113127342,-0.47882425162200803,-9.810404655208117,2.451453717552411,-0.5966315702256253,-1.660827780993312,0.49637667128151364,3.8300232470707574,-8.24711108225367,6.443960633819309,9.592902793315854,-1.5546019035523795,-7.905060742521195,-2.9257827054641083,-3.2479393221089925,2.489634178142479,-2.524814148366101,5.421496402720841,3.628262808449918,-3.20998648519935,-9.468320567173924,7.360826364459687,-7.769701566416874,-2.7416585596197818,5.550897689533782,0.5052491352249451,-9.282493034847699,-8.36988129320507,7.655847872394649,5.73184391172987,-5.35028519150379,4.480191922906826,0.7774541016925536,-1.0872506287749175,9.305226003023531,-8.994062365235965,-5.6463264026299465,-4.512454806128461,4.922536652757088,-8.231894938562343,-5.556541810186937,-6.691544580476214,-4.6605620140663895,-5.453162783395675,0.9916854819105296,8.206738030713524,1.9613693707323225,-1.8869993791250863,5.7588740807455245,8.504777222306988,-0.9676347574270583,-3.8952750934917413,-1.5172455379916716,-8.912056371071433,3.1135079240135646,-6.062964979843219,-6.292473589736578,-6.064112325359261,-8.157829048772903,-0.42489822964072843,8.23372388523035,5.276237567888513,7.545448503887982,0.7840391308613643,7.505675561890243,1.351313187155018,2.089106355546832,9.545436027158829,8.351426913873215,6.331981178322589,-4.635254152869221,0.5280727733174615,4.3805718142529955,-0.004197123762727628,8.248296464501834,4.675545628489953,-5.094046778418608,-6.515672627040054,-3.402995793054151,-6.622786251755548,7.219652896026528,-9.6990288641287,4.77760734969079,3.7709361707558138,3.4721527256304245,7.110612487406446,-5.966830316887561,-5.447735307992303,-8.686289825817667,8.880698521792926,4.324215557834563,0.7840109927450349,-1.695129129559323,-9.009974649304793,-7.976732879851931,-7.95359282306711,4.693775153064561,4.316467296352592,1.3910166904518562,-9.559799121177017,8.198260641635635,4.4605383238305265,7.23323770148161,9.011608509267688,1.0898062399060748,-2.1858721488470394,-0.8253016091607854,-3.803105133715592,-1.4147634955856532,-0.22849524313405922,-7.720187605261286,-7.116354216575981,-2.7718476977544277,-2.620683137292703,4.46150731791597,0.6169005929036491,3.633869620948831,-8.334410074932014,9.311325241664719,-6.310058996802783,-2.59954809932879,8.737985034178951,2.805832461545993,-0.9662827080248171,-7.920305841125181,-4.022645415789972,-7.2970246736670425,1.3956842249738184,-0.5449422309512908,-1.5446355934971798,-4.162531970196595,-0.7323656932261073,-0.49469259526218323,-2.097335649678021,2.0713600592007317,5.726171075456971,-6.247791056601402,-5.717134566288671,2.8372968126691394,-7.675127132182449,1.9644273352958983,-1.7959423018899123,-5.883401980233156,4.490425794910788,2.7257239662970782,-9.291695153950407,2.121518517582752,-7.714523543005449,4.170631165776282,3.578324320784091,0.5978088976057983,-4.052337264203512,6.618873133381008,-1.0455037158108365,-5.220280321407824,7.897902011158983,-8.234426513706117,7.092604133559394,8.53336450897509,-6.59233412299669,-4.675293740420043,9.982356999922501,-0.6478069518276612,3.6196747490108176,-0.9999428940553496,-7.876088738036291,7.336021578031044,-0.26228164866906667,-1.858641592412818,-9.392228227411255,-1.4538263516139374,-2.319035392823398,9.626454312982645,-3.261214165247397,9.28352700356173,-2.392186535311449,5.879242454263638,5.756828265849839,-1.9853117618661837,6.861716093274879,-8.590528880204282,9.870781934907331,9.91714658413115,-9.084266825493037,-2.0765966023442894,0.27907995987468937,2.5488514708018215,5.603874276443088,7.0478815503170935,4.450387922147897,3.8382715173965654,-8.335283182542526,-3.7502086652243776,7.376254225806591,-2.2929909971968376,3.50120527189112,-1.3249028572730808,-9.437287361953661,-2.6365987540275704,4.281319677798969,6.107826584847718,-1.2885683442660287,2.5020537955761863,4.318148960700547,7.425451171259791,-0.09073920595337448,-0.09291619624325165,7.530620360462315,8.230335123047617,-4.716607126158669,-0.9579279879531839,3.8259551159088936,5.110667203891641,6.411687876010529,3.811805966201474,-4.686883917766826,8.794984467824602,9.533468235383257,5.455280694305955,5.3749012150039235,-9.403507285867658,-2.0729160594084632,-9.9313236772768,4.161572927988628,-1.7228168203692071,-6.588240448867346,8.986721993093298,9.393809438958968,3.2691121603820115,-8.525798438988708,4.149434293729664,7.332012048010085,8.004271949934868,-2.3021686007444675,4.489893285709776,6.272847245249508,-6.909810976279507,-6.665888056220104,-8.657871011947641,2.583736668584237,1.125532071944317,8.706318806451655,-5.095739314029286,-1.6616444150964256,6.163354251892805,-9.887011127846883,1.7879738685859614,-7.376977906469162,7.606820026600033,3.0350127675582357,9.998698719294921,8.517573735757821,5.12814305133951,-7.475132711832588,8.75560289072666,5.6661892805536525,1.110762930687299,9.238147372596039,-3.432846560389544,1.3122321337300384,-5.509585140633568,-0.7222473398747091,-3.009001656401731,7.84787186570216,-6.306236019385397,-6.763567171367835,1.097514969478837,-6.585492095738141,6.44900012504786,0.9447003751598988,-3.170636366937911,-8.282944967800239,3.88414659115063,-4.769031172288127,-8.973508311770841,4.329582846260102,1.9603526545729473,2.5435540723636745,6.847819238413013,3.511902961172561,-8.133288811424942,-7.113235629842613,1.6673994445478684,9.256305731756239,-2.344877042950224,-8.641353056337675,-1.0756458689058572,-2.6313177905441627
-8.975295782592962,9.651459179194283,4.33985088007673,-2.1154592389820976,5.027823126775875,7.846431073945773,5.30755310008489,-4.004174497751132,2.151817702142562,-0.9438637584629497,-1.941043563307499,5.841818199031618,9.35138080749024,7.612676032944044,5.455235268241395,8.367575056900407,6.792279567752825,5.809850388372094,3.680993543517614,3.462763960095634,1.5332626298767273,-1.9279183036521133,-3.3929296174968453,7.740316230705044,-8.1217746312795,-5.428892058267647,-4.33118200619097,-2.101664067550626,-1.2424321979649946,-3.689009684393641,-9.815424922495247,-4.319682676722227,-5.23201961266542,-2.427046093885304,-1.0000191037890023,7.459983264419524,1.3611781100118812,-7.200584876625071,-4.2264348376248435,-5.8915590353207525,-5.190823416294257,3.811512681429665,5.132614975248373,-2.2431544509781727,8.910473160022093,9.182286464844442,7.1912151897369725,-5.806000319673785,-3.2681607578245453,4.8362873642482676,-5.580082010216893,8.19254472265639,-7.707836543661366,-5.136062657853588,-1.0976299309876438,6.978856823485536,-3.450307117359019,-2.9812208325729532,-9.02223457359141,3.7888112866561983,-0.8742280054239373,0.47003129825694145,-9.82884826564546,-4.626491616702912,-9.577500662149713,-1.1343374360538263,0.7511415080514627,7.784257184926329,4.738767045775557,-4.568054939861785,-8.8378485939709,1.786016865332492,6.962212204176666,6.522796498150065,9.198511147156449,-9.046988007237644,-1.3760141808344493,9.75996768862862,-9.307659331846562,3.031184146140525,2.458076004509156,-0.3505803612706053,-5.714735038916539,2.399940848631715,-5.848585395379637,-5.5419841038298445,-9.303488197761824,0.2925735690947171,4.216442974430578,-4.286379004000038,-5.527199110188543,-1.0504899942301087,-5.002431806803973,1.3810711751212494,9.556073442799118,-8.27918366730936,8.668828522757618,1.9177762141215489,-1.9785087486498671,7.225000690051193,7.76785402269897,-3.065729106325321,5.98773906996187,3.2238317380862966,5.412721862135545,-3.7735847841584924,-1.9890684586062246,-1.2646643631392145,-4.0614752765163775,-9.900535383860404,-0.7103990527399517,5.8386000615826354,5.389622405742054,-1.0301202418653794,-1.4837657861141054,-5.803799250315054,-9.034161765648356,-7.437098596854881,-1.4548839749254334,3.915470570442059,-9.085724227788521,7.985316205289287,6.10111777868476,-2.2582436153520913,-4.432301348432201,2.613846522134491,4.584544198258101,7.391660213083679,7.569757610900886,5.599523558639012,8.322966788186847,-8.429490725720239,-3.4603216312279317,5.30085869699227,-7.0419218235842385,-0.03197023851861758,-9.502697083660504,-8.647865741267388,-4.314012757103935,-4.5130324556917305,9.428847319234343,-3.2869052745207323,-5.86147866195486,8.548072215509716,-3.4963596893865407,-0.6456235450136454,-0.9951722398124154,9.786058124739146,8.798454131031438,2.2253223040276477,-0.9527705654371523,-1.5809128394820622,-1.58659314356321,2.361388409153802,-0.868479823292315,6.714381934265095,-8.272012591114997,-6.663999467126263,6.846175597965136,-2.8918506714848036,-6.259400429102666,-2.000635742230199,4.87156418557775,-2.8463518869194786,-7.851139888157562,-8.168726249899096,-2.846822922063308,-7.0896661632689835,-7.722957346430359,0.05566454735399873,-4.595212413209559,1.4297015326231168,1.047782458199345,-8.415642952278251,5.238160573392838,-3.1426026574254484,-7.391956994482378,8.44872121958015,1.2735070320271262,-3.551411124800195,5.1010317442962805,0.753745920839572,3.219664232847437,0.4087000717712499,1.2092931188255722,8.331432111107844,3.255200326704056,4.889411005600779,-5.081932368902338,-5.906592398907571,-2.0656422752184644,-5.368147165930893,-4.6768681646550325,-6.54014149034275,-9.625888292699742,2.399180552193714,5.168131433624296,1.6697587346953142,-0.8795859589698356,-3.8398280859543688,-8.607993936379517,8.519781000104011,-1.4874545421590941,-2.8143286101861964,2.326291925958321,-9.608883431111737,-4.314596828619328,-7.7501681047982585,-1.5672002376673717,-0.6499842510210758,4.43541632254254,7.300405461693632,-8.20384128477169,-3.800281772638437,-2.681525427943807,2.262658730818858,7.528611868365161,7.541148510280976,-4.8592696987820405,-4.944980935608678,9.808090586389298,6.928342885444412,5.2164186653692255,-8.352930681663517,-8.311177146901326,-9.258924901817165,2.128134888692477,2.742773851450611,-4.264548170446963,-9.004823253557184,-7.765723223335623,-4.2872565682221575,1.0877841983646075,-0.8781847618932215,-9.191267563525267,-0.16210440396502612,-7.692250766463715,9.63347892184554,0.35274226298411193,-4.832969434625514,0.7155633281861213,9.528001174013848,-4.373568556331085,-2.2927252354033945,-2.5405785432270562,-5.0103340339321045,1.8770047137990638,6.608422311534273,4.436514181475735,-7.141484509256147,-8.64984247731508,-3.1918692967333984,-9.189178642006201,-4.844260427678648,9.120505395643239,-3.5091622609821327,2.633672129032256,3.1498943918595756,4.867775387427633,-6.563805035653609,1.970939792252393,6.287819298004862,4.60381221315232,-1.9712171290923166,-3.0218166282696934,4.865121732871744,1.984525067755916,0.561516327531411,7.65366203947411,4.066607991515038,-4.493890183514509,-9.297217717089596,-2.4607621052008755,1.7244553487708973,-9.085178895175467,-4.011724700403931,4.3823671719212935,-1.8320043401844632,1.0158489080621926,4.874482858314703,9.791214937135265,9.16460429441765,-5.187571984901189,-2.670051838901653,-6.718290154778028,4.47381659504642,4.187267202428755,6.090344443112972,-5.73615990763499,8.198968101708704,-0.15390797628167974,-9.828180154651012,-1.0431300869139228,-0.9392047243798469,5.957374109167528,-6.549952443822631,5.944546140898677,1.4610768612976308,0.2423487149050434,-0.0724062630782818,-6.719988087394107,0.19939867468550432,-4.20030891831078,-1.777384066038536,-8.789024072493582,3.6459352373784064,3.6804687245428127,-1.6076377528410024,8.809254135676934,-6.556895317632252,2.3274547979413995,3.357444339349655,8.458064475402583,-4.773258536912901,-0.7695191604170262,-7.31047725887742,-5.470048888921035,-6.051235858363229,6.980598586315917,7.601105405783532,7.17753554474298,0.6464810581315206,-1.6351138739579447,-4.47429924071403,8.441614099217599,-1.2954055022337343,4.840740137959278,2.585675664505203,-3.078434101691638,0.5559546086196399,-7.689167153484431,3.774872359705766,-5.67397270140585,-5.9922780845398655,-2.012281883707983,-3.7897392718514356,7.063194817210359,1.0639413202863715,-3.9966619095040716,6.25031475429472,1.2072201099530666,-2.0030820370415707,4.782937088805179,1.643470883153249,-4.66645060895007,-5.590068025752379,-2.9131492056739887,-6.672744248157536,-2.4849327931084204,2.419431267387351,1.5917357048195448,-4.044704543279001,7.168611298549379,-1.7806004184604731,5.121787597424392,-1.1684445040638884,-1.0926810606205883,-4.2086752902798,9.129978035067328,-7.043872907064426,7.2186129903988885,5.593316642437854,4.307858911802892,-9.705231560624465,-7.685625714988092,9.092022415170536,-0.26373177471871045,-1.4180010590076826,1.992504970697329,4.452646746667048,-7.101394801591843,6.6621010134658505,-9.544434283184565,-5.911077509256013,4.85378141270081,-1.5627413434760093,-9.01367148407638,4.25182205626275,1.0224923472434355,9.939300669591148,3.016944465104496,-6.81817529274759,-0.37478015031113365,0.4582412732372809,4.993246205712808,-2.1681450634838235,2.9298086210869396,-3.9663195726208826,-5.956669169815401,5.647503108548872,-2.7403561216162897,7.446668396512543,-6.913940486879973,-2.3080082618921427,9.110265937167167,-1.2011022125207838,-2.1590410675635603,1.0858581728537668,-7.398768525841715,1.8071468658276206,5.887691204604856,-9.859859492010921,-0.4389122576709781,-0.7454916383452304,-9.994809277332914,-1.0245894247920688,-1.6233412639643685,3.7438519137951296,7.541595129729522,-3.489809735667146,-1.3215790534533394,6.538594886478116,9.860371680968608,-6.947140793211998,0.14384282027487671,1.4202029652443109,-3.6784772875883114,-7.770684615003452,-4.500561993512184,-6.444170594655823,-8.529202682800923,-2.5558215576151166,-7.493705435243552,6.563343393580126,4.644526619785852,-5.699956222834606,-9.95753493335398,5.267707059609261,0.01559124558849767,-6.032014656646916,5.844820049429435,-9.31720783535636,-5.697708119951235,0.3984282394912384,3.9527980375037615,7.8876898560464355,6.747219699528351,2.422063847941052,-3.4692980207853985,2.662616825987918,-2.5557894880024605,-2.377978065394359,9.219333372701975,9.29118914618855,1.5500780066979285,0.5899143792842114,1.6634165963618166,8.448379967273777,-1.1049284610075425,8.479881885436967,-6.4620139955179345,7.834026602248343,-4.803425984468712,0.29858323968651135,-4.851612766738089,6.11616885122903,3.3334343097599355,-6.782670291400315,-8.536480704775835,5.513001898703987,8.959280893747671,9.42777336388794,-1.2340283897035356,-8.270917774423495,2.085990894213392,5.482570928219468,5.572814608773909,-8.319223663503053,-9.905275156098236,-4.886801038358524,8.181729725557439,2.1406323395993,-0.7520362035907109,-9.969487319669916,-9.238107790080395,-8.702577976378635,-9.615457231235126,3.4606201696375116,3.5388467433413258,3.678653613263956,-9.944640716590563,4.405126460961597,-2.442098076191521,5.501879385015794,-9.12973648882483,9.502282497561211,4.78365132975183,1.1874739181362788,-1.7028804878359125,-9.201213156272324,4.8192982656130745,8.163756832872657,5.106827867071843,4.7922249552041425,-7.799751356098992,9.913774587416743,-0.9586288724133762,-8.424239737417285,1.6565536509694851,7.694003227634163,-8.292852889236407,1.014300054222213,-7.243416221434007,0.8739073393521135,-7.15124940046401,-0.8200703892191683,-6.68971513236939,-8.569101549987481,-6.390499589736587,-4.101528627212261,-8.129705474867151,2.2961108844320144,-0.6873939474302286,-8.610355298195065,1.4355702143851872,-8.372803656394659,1.600130585583754,-8.790552069023123,4.746881277615742,-0.3905179275207775,-2.994321561190767,5.653172117835247,-0.5327982585542212,-1.043168022152594,-4.93107407843503,8.278715854076289,6.262100157933336,1.128776063572122,-7.250992095840423,-5.988774374229058,-7.433423470000779,9.189978798717075,6.994292594018269,-9.931449952502053,-4.045102964745391,-5.422204181246924,-9.785474015054678,-4.349812882902047,7.366663643110552,-3.7012076242978775,3.7688386991701712,9.453801794819292,1.7841069077455103,-6.19209910375623,-0.4617324564051266,-5.6149514478049944,2.8992412158993286,-1.818276884004801,-4.992297218420266,8.113592135977466,-0.8049466736694466,-7.391957342507061,8.698307267781576,-5.578092422184742,5.144401885631053,2.510402682451252,-5.302987087410274,-7.75409338975477,-1.3673354213519335,1.6231696801945148,-5.329623166643049,-8.748459358538266,-6.257038652612992,-6.219217219486037,1.7316875674218473,-4.551983789118368,1.091738033386406,-0.23181801419740466,9.358364286844449,4.263833401479273,2.0679432632713173,-1.705898570661537,-5.9707729600874,2.495493595436688,-1.3085014735371043,4.593479661745594,-7.1594541682719655,7.834804083183283,-4.19819534903384,-6.8453314168377055,2.174423823620913,-2.582287279152955,-6.67520778616206,-6.68844554889843,1.279817617771073,6.968831021775028,5.5668154281122835,1.462478685913613,2.1058489994755742,5.968467196913545,-4.171282315744276,-2.627630720959253,7.119830503710514,-5.460176095136879,0.34276586064208914,6.533817364702461,1.2669997238416268,4.770130341672701,4.68945155034068,3.542410293586398,4.946334754188603,-5.057689321628558,8.102158082426747,-8.903344706405779,6.014396883127979,-2.6768595096255403,-5.927135232531658,6.42648178810505,-6.043057498797106,7.60159638663049,-3.444001231612212,-7.246547501866698,8.7258128170931,2.7638301946246546,7.919275184889294,3.433808783389212,-4.647640303145508,-8.264978740079007,-8.341792559969496,9.022468957442364,6.480688265515276,3.9010063211583574,9.03736903238314,-0.36792473013127136,-3.2778253316577537,2.778699405101195,7.246385348736055,0.6823798542202049,-4.136600516126698,-1.1447245961411454,3.6767118903661604,-9.43456905177159,0.5233139229268602,6.853080378067979,0.9606205158049423,9.07781588305269,-0.5378362875533966,3.433434066307818,-2.1154290749411224,3.19170214803556,-5.356629787696161,3.377597714068372,-0.33969547813236467,-3.6096926732929813,-1.6828983683517507,-3.308089430204813,-3.098710539024772,-7.713929707356215,3.4735372066820034,2.257380374984221,0.03572290155663893,0.85978841020723,-6.670811429535853,-2.5227743704439227,-0.4339299072498868,1.476562781248349,1.065500604069971,8.989822437226021,2.608432754588092,5.727369016156288,-2.969218093876991,2.7710691550770417,-4.85843080362085,-3.6808704570379325,6.778602644907373,0.47592246045524433,-6.051227343304264,-1.5280707959598683,-1.474188567899862,-0.5789676068483232,0.6271130035608152,-8.714061534911837,8.486521496057009,8.784406104037068,-2.4891301539596196,0.2991696784402702,-8.503545247846084,2.1644545151487886,9.014210383368201,3.230595630848004,-9.828469345895199,0.5183999911920534,7.284213576739656,-9.850298956214324,4.495822436305799,-5.74539122784433,-8.194567842991011,-8.821288200807082,2.7178908172861114,-6.173019024952819,1.8260800681751181,2.2685078072253084,3.8287408212889495,-5.824651616723133,0.9145813084661043,8.577922385641092,0.6248318195283744,7.002717634046981,-7.169119060788656,-2.58044692427966,0.677114839403421,8.380459106936186,-3.7091043647515853,2.677643271003996,-8.49563842618794,-9.917588148122219,-0.26593308981336783,-3.3567061591923597,4.402823458597421,2.436155370806212,-6.053768975022358,-7.115573528020754,-4.7592929316020305,-8.741014659850643,6.686907726570787,5.623906688382906,2.924077327161477,-5.932994405833385,-8.34520126392131,2.6866414475487836,-7.098005655437323,-8.769717109079798,9.553864827544423,0.08072877539826173,2.6098952131398434,-1.2242986385533605,-3.8215773437364353,-5.555982812026327,3.0294374265902384,-3.1554204803985186,3.9882630636488976,-0.1073176220174048,0.3447145030928702,-8.519520539966116,5.573279180444985,-6.0321949364663645,-8.029422980532509,8.087167207414232,3.141012405793484,-6.917290417919803,2.978489091174783,0.7238710344653647,2.4307553735794194,7.191234959181333,-5.318984336954575,5.221939658747516,6.7108913895093,-6.897145084751271,-7.3758075359068975,-5.003419943104701,0.48864683749797067,2.0128679448640003,-1.0696552816102134,-3.3227781513425843,-4.076481816203959,-3.8328756656319785,-3.538104763742953,2.3687067651631555,-3.362473041103593,0.4879207112358799,-0.5892434436691367,6.141073083361679,2.9810667134671576,8.299108409448642,0.9245863676978345,6.517217330044538,-2.882344240516927,5.279666107655583,-8.946990452974767,-5.119136720730499,-3.896688565740469,2.9479848364123136,-6.432949402805061,7.274740142752062,8.923058828322073,-9.132571105974455,-9.116938470267987,-2.478092276093335,9.329178153562562,4.754488020365336,-1.0497526155148247,1.5506285099391182,-9.026299749829738,0.6880961984268463,0.06738288477747645,8.195255842188999,6.358650638230365,-3.931588704039209,3.8490651279699186,3.1680024342049364,-0.18167190236708564,-7.738944287553435,-7.445210907814812,-1.8091404355606837,5.065520468909826,5.907787562508496,3.768323393542749,-2.1338326934223995,6.926630237908533,0.18969476613113834,-3.7024135002232423,-6.431243821295376,0.22395002948378107,-4.883981021200306,-9.860193015122501,-1.9215239584984278,-7.158739880330698,-1.0827025408679631,5.350169566301378,-0.6200861773656356,-1.1671501545357454,9.304077761044734,-4.5240519558043975,-6.956211850266538,8.326560011269414,4.526604003373571,-7.310090736007937,-3.5986410006947267,9.181139163430352,7.150932414806725,3.6290736715875926,-6.765244047089731,-4.980356085445368,-5.347814030644036,9.754160793221768,-9.134529016899256,-6.487004246852431,-3.7468727540552678,-7.577023714474556,4.85489125247447,-0.5057358717832372,0.08600415483721591,1.6166910552617537,-5.0451613455324695,6.7316348759851365,-3.388011744374497,-3.571592037581781,-1.5923340279162357,3.507294737509522,2.1910168951725257,9.778132965824618,-2.0029405292302993,-6.978830228010269,4.029310721999593,-6.696342589815578,5.085124367654059,-0.48722732335634333,3.431963905788166,1.2603141798262953,6.042913006180338,-7.666148516172598,-5.421436456354229,0.32730580803657006,1.8714091358291682,2.6020542490458425,-5.5737612733318365,1.6535524560550297,3.1868229404834025,0.7277755042620058,2.5245989536729105,4.537143970984662,4.6295599112364805,-8.074869974093755,-3.7626140876949936,-6.8886389486643385,8.897002835392076,-5.045641513863552,-4.649305307937315,-6.510141807548155,-4.21567417716793,1.9031411542085213,-5.783357114408323,5.3093275053301845,0.8960197216371935,9.71996704482914,-2.411180634990446,3.6751522517865443,-7.940225437640618,0.3703458579871004,1.1947548411238973,3.054521456046581,3.188271399002234,-9.19893682795567,-5.6957660623154105,-5.998436919310858,6.0378211299560505,-1.6216598725052638,-7.959924136781522,-9.568856768051674,5.1467060215469385,0.30450989671417084,4.146515588139902,-2.136802103718485,-8.5728949308442,9.222368232310899,-7.952640647939946,-0.8065079337192387,7.0234889457640115,-8.548244858955169,-7.1350639384813075,7.447761994438736,-7.617600090905537,-2.478534767692919,9.504549096974692,5.008866655741926,-6.2978718353100716,-2.449614066787529,6.479207050251119,-4.6718690115086625,-2.297934296684363,-7.970830579301484,-8.600493579359538,0.3333839789988815,8.140870932882336,-5.700716341591852,0.5714778959964342,-4.73548427880083,7.160641595297367,-4.546490445302238,9.840855797393711,9.981231999356147,6.779555846201621,-0.7415844719160098,4.024049258786004,4.473049301163556,7.948626713992443,0.7427104341133113,-7.7923113471168985,3.5719489642962934,-3.477299413785609,-9.623209490010026,-6.126664377003037,5.367870564959922,1.101083553705223,-3.0929482294853816,-1.863324931722035,2.7895818564364223,9.961607960111113,1.9657504277243696,3.1158286138823996,-8.90116375094542,7.081194672565342,-4.751787694935448,6.300507351969557,-4.7166286618661,-8.734227292670798,1.6416094259149325,7.082965949253065,6.37317131187757,0.8685639043131683,-3.036938627953793,-6.253788574321177,6.067482811521415,2.59850683090783,-5.936781548316629,7.899988274333314,-9.762373769999877,-5.772926621895975,-6.134445638085895,0.9835812929353711,-2.5077210020265124,-5.493232779298786,9.497840788432942,5.061460829179616,-2.170655642149457,2.1118997211983714,0.18481364024876257,9.405378967916533,7.784322084233494,2.3134664118339465,0.1708381373546679,-3.710841731707701,-6.813123029074212,-0.759442079581131,4.5611168097966,6.500580410479376,-4.425955171791318,8.71929569828805,7.719656048947826,-9.554490393433529,7.082307368976686,6.3248461990866325,5.635756412883419,1.9260584869809456,-7.097179088402317,-8.45492161603338,5.350404914401352,1.281047346415571,6.2335026417462345,-0.9864759363614102,-0.09277826438994374,0.16088640419945577,8.324283819280318,-9.97546364835519,-9.623842353566388,0.7798829790855866,-6.354160211159776,-2.8710541179863025,1.682875384718848,8.61554398033099,8.980289779840305,-7.100185155103221,0.7662232944505121,-0.19960112193084,-5.476127456622233,0.7851040915800738,1.2910192487770438,7.561389816230918,9.741370842270616,4.515497324293634,-0.8238408404641877,-9.548492778865164,-6.152823342103025,8.059030990235115,-8.508336248476123,-3.873074690649503,-8.169244200852283,7.900826336046201,-6.6665476151866,0.9725139901743578,-2.6210766808331076,-9.589787480125251,-8.395115697334692,2.3644004596526553,0.23647515785167528,5.888222961125395,6.493381532117397,-4.245835678068744,6.6323306946237714,9.133808460760825,-8.212094865557368,4.912407436837707,-3.6216064698970962,3.7933652322350753,-2.541874657191155,-6.2936947018667695,1.9177356225698912,9.16185402489944,-6.9080915142413595,1.852315375973376,8.411794909741182,3.1592106649473894,4.6040105601635855,-4.645182317463865,-5.169995011209583,9.09840279261035,-5.027327852028085,-0.688311430531181,-4.82126044167833,5.91475894644881,0.2601595047554959,3.2611485390623134,-2.295551141727678,1.51759749286372,-7.242360854169682,-0.1960242268048944,-4.582267830175604,0.9332283050492141,-6.673291133417871,8.213889775019332,-3.808547429436824,-9.211677700715597,9.098254108727726,-8.425338490437218,1.9639295206291045,-9.230984083741367,-5.443122550839819,8.207921864840305,6.3339716540903055,9.831548532687584,7.570978018884894,2.9327737458513887,4.704374411950811,-8.456145801731411,7.194183765992513,9.838867241904026,-0.470777663003215,1.6239572216575748,-2.017287377203174,-5.661460899504151,-6.230257211631997,-3.0769607103492547,-9.274926422771282,5.211401378405478,1.2914971230980576,0.7813443945667835,4.502996010965951,-7.842333431375186,-1.1438673833222097,4.314838042794214,-3.376887925422409,-3.234598791733325,-7.166149005806927,4.804595106594041,-5.930583474623303,-3.9985104496867008,5.921794898442172,-3.3838107060706735,0.27945064835838807,3.925507334790794,0.41914203179976184,5.965022776379268,-3.6358323950913523,0.911904633665408,3.886708704841819,7.311520994670442,1.0174092762905058,-2.455875472295923,4.3846228518658865,-6.122292926129942,-7.053451148800907,2.992452706779588,-6.74739914031411,3.379116883876849,-4.731046434431998,2.6763836303276243,-0.9510009702521849,7.177496791535386,2.0079074799427143,-6.12661799850869,-0.004556718622595213,5.18006022666537,6.805523662214384,-2.7391004031596333,-1.0201024246428183,-3.6983633561464853,0.9538579466207615,-9.267027415318179,5.484845338311983,-8.480274366791622,-9.798634617787872,2.427571626112668,-7.063480349866593,-7.53029624835434,1.781434103881498,1.0820431028788402,-0.7829117500636791,-2.1250926041509643,0.021116099828851986,8.935988375104518,-4.745902294229268,8.255509356721536,8.562179606505886,-4.085583177677545,5.194511814690863,-7.518055085568349,5.543876518734594,-6.5216709888364495,-2.7619329282213467,6.7404719807860225,-8.600656303649242,5.37527525022683,0.6001796043117444,-5.023246894798574,2.212216733716442,7.254382319404044,0.5855644592579683,3.0045530154521103,7.125836193676996,-9.669522020365841,2.1948069908339747,1.1933834662837128,-7.10277484260216,-3.9083188266461537,6.978799583318963,9.097988879490458,7.092989843579655,-4.70898381078017,1.6039323699619672,0.13546076230485582,9.91575052751157,8.202265092387627,-2.610151029584207,0.6457162741826838,6.069686136226725,-9.677649627803879,3.3628016805390253,-2.6853873709239835,8.072491525622524,-3.7724835158128496,8.630770278480881,-3.797770573873514,3.547368561262889,-8.224917491624124,-0.6960110914097193,4.056439766472327,-2.7624814143422665,0.834139557613792,-7.3537233949886005,-0.8574898184769904,5.612376808543962,-3.7831153410506406,7.418257098660703,-9.126158968883981,7.273194659934685,-8.459273290804624,5.128801606604121,6.878686557126244,-5.466161036507686,6.901953942649378,-8.58806008625794,4.224198208922445,6.555557405749248,0.3701697998895792,-9.967031553026144,-3.1132954616073487,-2.457238846826857,-9.10061309679227,-6.596717129884184,0.5154841555875951,9.700244983244918,-1.5653256437126402,3.4912359615290782,-6.184246351959903,5.520194060561117,0.2415221140950372,6.781285964082244,-0.9084542280207692,-2.0780803822022564,-9.464624002123056,2.370901395775963,6.661191550847189,9.789468031806802,5.718314923385719,5.276478280243527,-5.860127438196554,-1.2567904929830185,9.778129047269108,-5.419283278200457,-9.340661877967744,-8.599644463243292,6.320781513976343,-4.626414337121673,4.860953265031423,-6.973195122853955,-0.1624986883975339,4.221686218458359,7.09897613821466,-8.302829346748947,-0.5631965408107789,6.408491405698836,-2.169082329140249,4.383528397396081,5.800489548919064,-6.365224514521293,-9.369071576900138,0.7739114369524849,-2.5823106865661893,9.245554800811934,-1.7313844390328796,6.833089064996653,-5.373596822348334,-3.003385236507734,2.826885449781578,7.603045048882436,3.2195216112183456,1.400036388119938,-8.729867319486823,0.664043614050378,-7.308261152407867,6.492374164931785,2.5454501996987595,3.527155210975062,7.212093566831157,-7.887267939433389,-2.764763944972197,3.59750251100637,2.6176011040590357,8.180643485800662,3.935055963321485,-2.293968933391053,-3.539823265694717,-5.6776014425532395,7.797960591928014,9.18920994703197,-9.088928626403517,9.800399098272994,6.573332479515415,6.291556678399509,9.272708909830587,9.238102741977062,7.593039937824997,-9.03605244332499,-0.185282552421409,8.301405894341034,4.879977054754619,8.594881305117653,-0.10323748920745679,0.982102559671409,-4.223533370025335,-8.778847484805345,-2.4777861333029128,-6.87522334996725,-2.372963009273983,-4.805842524158804,7.049662976046996,-5.242077264170937,-6.863594246040008,-4.160573951971582,9.160508530787531,-6.653703598978479,5.675131697688318,-0.5745972761857452,3.4631030674118684,9.491917463381693,7.271066023850889,7.826089046213948,6.191526249377091,5.073358549796122,-9.35336482539632,9.099496246062206,4.748617996620968,-6.941946594546389,-9.039707336925888,-4.27078364469311,-6.320705984303805,-3.748153418430709,-8.002655996887164,-3.588926910924071,5.874510700184626,2.1482350035980975,-2.931701139669549,9.39186611374802,2.7986121569358637,7.231008467744008,-0.37793209942714157,-7.768352393340583,4.7407462894152665,0.7087703796972633,5.681312342982345,3.1939109775254604,1.2715104669542736,-7.679631773970684,-8.296359331693887,3.751476907796455,0.8256420119141001,5.559112500505245,-1.334480962679054,0.26389160170102244,8.688370314018222,-0.14939513549779448,3.7119893904188235,2.6344304719661125,9.55038520740769,-0.952814047819583,-8.373214967711576,7.139530505575628,0.6445865005262945,-0.9806183402923985,5.694509370919079,3.1961525283705594,-6.400559396615753,2.0655197972090207,-4.866305610348787,1.248366494354114,-2.1490654760111543,5.455537056047772,-0.4375731403148677,1.5623072336242956,-3.0260569481691686,-1.864319240540821,-5.416105479588413,1.5385910475496907,3.43286908142165,-1.6160468015914358,9.220788306898026,-0.3841028410223952,-9.541898475834234,6.657219384713407,-0.9822097787096933,-9.689101422808262,8.455597413143249,-3.1909283131809403,-9.963741706831232,-5.211674772842356,6.603606255309604,-6.130920506393198,-5.4005937804808095,-9.432897217034789,7.609019110222814,-8.861495999433815,0.48037016154262524,-1.3581139396551585,7.360543893541074,6.155196142922222,1.2592057911478953,-1.0709861923970294,1.5348904064191355,0.9190475748696887,2.326615375353242,1.632793471341639,-6.149100886100305,-8.658572964953885,7.345540331155533,1.7024551534140961,9.516046734030102,1.3558246835611207,-4.3556783062292315,2.885405027879999,-6.310583738471667,-9.0632723943287,-8.157199328928895,9.255683832072577,3.365061409056178,7.968263656856976,-6.973144348251692,-6.031071164525111,-6.7884754651704515,-7.639942213626137,-7.268528433837547,-6.357129205532141,-4.66403877699782,5.957662706652764,-9.859210150134635,6.078284522561891,0.8845068422634093,5.890240514585406,-3.401291678034246,-4.80168247965254,5.611540497060641,9.2225467732526,-6.06287496113363,-9.936293822977746,-9.260149821839862,4.082494483034395,1.1437688332939455,4.986457172128414,6.967017683363302,0.24640409245393258,4.474274476442844,-0.45226904489032194,8.918446569147182,-4.6868828253901,-8.588163153880329,4.812501896659473,-6.114543536845964,-6.249561499753948,1.299687855736929,5.581727443375435,3.7208679331302026,-1.9836932645890357,4.2361970972976355,-0.37059866834264454,-4.417443672923578,9.9996932783436,4.102925061732034,1.1616312860852283,2.64257357267347,-3.6696689114966485,-4.7711943508353505,-6.543981612993091,3.7813724254083407,-8.699039026490869,-9.193795281413221,3.538242570188199,5.067375846633521,-8.77669569330818,5.924699246957786,-1.9877300331393783,8.650653763315091,-1.637886286670195,-6.0990596019840915,5.466106150333989,6.452856542103866,0.5366063449775247,4.270590351390576,7.231822835421944,-9.128836858412718,1.431984562135458,-9.59082551853638,0.2697514571274944,-5.144021860364132,0.65066493260308,-2.2893890285960516,-2.4316933704614785,-8.411370026260638,1.0113368935716416,9.401215799318933,-4.071961572020653,-5.997674025976247,-8.666696655204786,-4.404776444978156,9.216476941028233,3.786830595292736,9.8635871092788,9.850002695216986,6.669718297896136,8.89105403871977,9.74525826930357,-7.999051723685806,9.298117289993804,-8.841106158958388,0.2853482714038833,-8.332071955435772,6.898972258473975,9.291831484031817,6.153238710487475,3.872725321450707,2.4953467399215548,2.8126942892214544,-2.2688582758350107,-6.61958443199935,2.6815693864796835,9.205234980273303,-7.859562984073733,-2.2443471541060056,-0.9343154532828368,6.566674316637755,1.7139339007163628,1.7958317652271631,-6.963530405924947,-6.65876386167803,-7.521748219344033,-2.167970268269082,-4.161400195288096,0.8703283396389416,0.6638213775469062,-6.189541819995579,2.8528037737446503,-7.600599014611515,9.478994654457399,-6.897432795057476,-1.6796730300333635,-6.133050293834894,-1.1722906574472685,-5.076306179066852,-0.7229014310376023,4.625856175299084,-9.016666059535051,-4.724529942294353,-7.502957336072451,-2.114289808548495,-8.983112618303037,6.700625357643407,-8.923606310395513,-6.386148042854362,8.48542686877446,6.9395639884201366,5.447656710024074,9.979927837607857,1.5880486089758428,-9.978653072499625,1.6780856901477499,-7.545650180046268,5.913425736100864,8.294296535660063,8.905650664562732,-5.133923183984108,-6.123217767797414,-6.778255292038451,-4.030355182981953,-2.803036697542729,-4.612738964782168,-3.8593793929818894,-8.997552634759924,5.315457741135017,9.016291577984223,4.620386032503296,-9.02007934380175,-6.008956524650024,4.465211092920637,-9.674776083925266,-6.441300898775708,0.5875036543812957,-4.765751595897969,-9.830156745888752,-1.0234020438338653,4.014960183361296,-1.0839930409946774,-6.451112399664907,4.161199174150163,9.76207198104844,9.809437712847767,3.215240752571468,-0.6906192683585175,0.32951330161926506,7.479007877696823,-9.470883498416915,4.099012401774472,-1.830889296364667,-0.6628188455953357,7.7509322974295785,-3.9520769294585056,-5.704306560543433,-8.841158603953668,8.637749120975414,-5.086769223814256,9.743432052331048,8.96229640807013,-5.95063580891273,6.2445682051680365,8.25325013838225,-2.6573330768128844,-3.4958847365045953,-2.968040561347129,-0.7692319465989215,7.200322091409859,9.726210441364845,-8.92602745655992,-1.4971970923271094,-2.1338621983903234,8.985437789314595,-1.129797901463089,2.846154986402592,6.457565662280189,5.404627815533502,0.12883729510792463,3.3934500031650785,9.860753893743265,-3.9292301973957304,-3.0298424547902787,-9.495518370925629,-5.0883507619891315,-5.045717587899925,6.681859746964083,-7.6990088999807345,-0.1340577156701972,8.26872927224803,-3.514293742553485,-0.585270433298593,5.278883947415176,-3.858511792234081,3.248359752777814,2.0580072177783,-0.5161127699009036,5.227390848330389,-4.974184435456648,-6.94379672094426,-0.5331345439668382,8.194131571866581,3.2456711443545156,9.033610487280093,-3.5539557502329755,-9.205740827307029,1.8802521249619613,-0.6575840498824093,-4.7152616998560015,-5.823420039567095,-4.4100070511710925,-3.9929345779190832,5.883329073727646,-1.4865239365457654,-9.644152301060718,-1.5428031025927798,9.503407906204405,-7.862483957286579,-3.972016015107198,-3.5929281757761755,-2.65805862026588,-5.390050811307418,6.891096093564304,-2.686455197339197,5.9842264228042925,-0.7608565370944582,-2.9719482476365506,-5.740146641527191,-9.19037493618452,2.972949705893651,9.642214728532444,-5.54061021283167,7.9925856334694565,6.938219805705302,-7.662206411170129,9.267187439862088,3.2727150349269927,7.174052689341014,7.6905713655804036,-3.407230366119853,-8.375656581456445,-2.4180266405684714,2.9716151320112054,-4.519507112107101,-3.9651955036446296,0.8087791334057925,2.8819931026564056,-4.485083391992144,5.500877769619834,-3.284407751917491,-4.051631142465695,-7.175417067678705,-3.474273016871763,3.8214870146719786,7.09755733442428,5.464443202946708,8.366956294982405,3.5189600594165924,9.320533376032117,6.88853997080394,-1.830149407316064,7.630886795608326,-9.879629849161217,0.5072883110471142,1.3378398679369994,-9.845920862546972,-0.8954635674690099,-4.536540499488724,-0.697640037160042,-2.9052912479603883,-1.1899526582935653,-9.398884087914558,1.3056990310064052,-0.5607215908529977,7.609663115923748,0.9963580778160956,0.5783558871448271,0.668542759559994,6.028317384831389,-3.701301601529625,-2.2195586534921414,5.580846748133476,-6.591699212319975,1.9409077027798123,0.23278245437545309,9.057895875148713,-7.244441543246099,-5.893224265328827,-0.30057440688517545,-9.463411303093963,-8.018931582721166,9.231379722035285,-4.312020292860241,6.415305057909741,-6.173899309599868,4.295562289872127,0.3500268359860854,-9.288408247310478,-1.3583176455113595,6.3588422150544375,-2.494163142624628,-1.0777448483479226,-3.840751070533286,2.982813965381407,7.364903268858548,2.1424183371542345,5.940496673519711,-9.68571620426995,0.02966867800351025,5.495764586710074,-2.737591890288183,3.275422246807061,-8.461391207107592,-5.28615388319227,-8.70633881017775,-3.964348266213773,-3.717862713733064,-4.684019429313626,-5.751353825585646,-8.145993482082796,9.983064977404467,3.8082448402845657,3.217460010453374,8.931573667517615,6.452624772760732,-9.658246385249154,0.1188600005076701,-8.233423667495302,2.3301693645294534,9.161961962132128,-5.120080748217846,-3.738903023417837,-0.8513061478483674,-4.1968886312382665,5.640833236302507,2.5533056898019506,4.3411150959479095,-4.607173683892554,0.6994566662785395,2.740922623005268,4.3071584899100746,-6.598449451654802,-1.9817132465018883,-4.656429978223251,-1.560305435720462,-7.044158592339354,-6.599180897707639,-4.455992563907829,-9.032826178322537,-0.4853937118173306,1.8092766243497245,-1.0459650704754413,1.7725118787187082,-1.0638670322054882,5.711703339921492,-4.20308171355821,-2.377712391880915,-6.1902783099216885,-4.701054304535144,-8.883623010995105,-6.937030083479135,5.387286743803738,4.803566964776611,-4.1476674878809305,4.0168009421509545,-6.9751217940642345,5.46713522766783,2.7400426032487424,-9.033115688789055,1.9405044657364172,-9.772677627445423,3.240153481963077,6.765757842225732,-5.327353011128874,-8.961242966456915,7.48441845119833,-3.8094901993009227,4.498664369220538,-4.478789987982889,4.332162929825769,2.90073197640395,-5.515294951324208,2.6530040888409534,0.07621689460644987,-6.0565033151925585,0.8119811852737779,-1.810537748106162,1.412651108185921,3.86384642157452,-8.111975852984889,5.773303030502301,5.916391384322196,-5.749682164276521,-7.135522456414732,4.458546775160654,9.275580476492792,-7.393991164945923,4.024676498690907,-6.023094425202357,3.6598653701579664,-4.939337667878139,-3.7655981353827688,9.537447948781715,-6.937113780274256,4.988221673870495,3.701404044497192,6.328453763906367,-5.406699258964411,-7.109718024399476,8.386465525440641,6.878099988232201,-8.975809284996963,-0.6911076225773058,5.175614275717823,-4.811105697746312,-2.8284844095811668,-7.836189716730542,6.957056724896699,7.297812672855233,-9.332031170398935,-5.890110129769603,-9.544776878225882,3.644523215007137,-3.5924966883596916,-1.4284498620562225,-6.972837066770248,3.005377875360228,-7.636684362440054,6.427034036651616,1.0335465702589097,-6.356800596623053,-4.455090402460835,6.82593816962023,-9.469830669998487,9.878284029230407,-9.898347838950226,0.5801197343607711,2.64161444516159,-5.084166434833712,-9.978613102368037,-7.748437592907309,8.939211947629467,1.297416746084794,5.75169214042624,-7.519275255791936,5.9766919702907515,6.9182381330910445,-8.530350839161436,-4.262187690889858,2.5178644855116197,-0.1336998849706017,-0.18744162194715308,-0.5692354578457497,-2.0696273666261895,5.6202859008678185,-8.691334038466824,-6.548898339803033,1.3720360918749321,-8.994986339895197,-5.945901395993893,8.418491940552432,-5.663772634363095,5.189801696703828,3.2902118922121133,1.6065756846658967,1.5364655600640447,2.562152020325927,1.8447637666627053,4.630722119367723,4.777116518873882,-2.690202532790435,-4.107212456085323,0.4905401754188059,-9.556271247439552,-4.673415065526254,2.492314965091488,-2.2914018198019974,-5.526366939680132,5.627377237550409,-6.383175770876443,9.226769268090543,9.738750051762423,9.384634980706437,2.814952122834317,-9.099806335214923,1.69204982060565,-2.7374902736898576,5.891357420548207,1.0095082294160012,-7.232078821941476,2.7516210298833794,-3.7477848225948884,3.927232760992567,-3.880452425384222,5.5074320938951224,-7.717775554663342,7.965346338543021,9.274128226197384,-1.8298332735288803,6.210341415067415,-4.289678305222853,6.743688511596929,9.758762215526882,-1.3603870656285526,2.9458846235890217,9.829354751566715,7.225949485967128,-0.7196459440155358,-6.261732325281388,-0.22969773232107116,-1.3573199852008422,9.436727321106318,-8.853554353621378,3.4762416397771663,8.292270229644782,7.675596275105864,-2.3868266702451564,0.3693132525597971,9.362069484879822,-8.466804425918422,-5.738252539439703,-9.738788629050955,8.10561935252499,-2.996581697320762,-7.796148990835851,7.12182320442923,-0.2485646534131032,9.485786311043679,8.607350309371782,-2.0803791452442884,6.406561622602123,8.653741713014838,-7.369768191916752,7.295428838255656,3.6470614788991202,-2.5565920800325497,7.1770787157385385,-9.34416897740913,1.2634486670691096,-9.02365001694398,2.7474240552163245,-9.346320082108129,5.204921096901025,-3.1110638500368992,-0.6315468141226273,3.740574219975585,0.8002397031044062,5.58153706694187,-4.612605128428666,2.86995175835715,1.6436780192834632,4.494035661030454,-6.132635246943652,0.9470191981799676,-7.6727595062500376,-4.097391729148043,-7.780078027857447,-8.90985129627764,8.915413116043865,7.91485856257982,2.3238358512873027,3.2650590173541048,9.5789048921086,6.385337836359454,-1.3068673716938957,3.0274205498195528,-7.607919380918913,-7.4951238191775715,-4.020306253015244,-9.071159368749747,7.399253040996509,7.5920195790011995,2.186316829174073,7.926781662180883,-0.8587359235373704,-6.32749420234525,-7.732351305812943,7.985485059102448,-5.523748951983407,1.8622272643989835,-6.644845608414929,-2.316786583355775,6.769640126019787,6.639555754990489,8.355553039748052,-9.214675007553932,-4.878984261976463,-0.05712517932810002,-6.976748285597479,8.949857616870371,-0.031905890990145735,6.022489877953053,3.555392987298088,2.4297423017766775,5.150252748650715,6.907849141421298,5.5126074671471095,-1.8254989327831268,0.5360268502843173,-2.0503405865374376,9.181135950780565,9.440279534824239,-5.566638011837304,8.359368501407545,4.775602160067985,-9.316013443555658,4.514552591303641,-5.719400847289162,1.7168775674088472,-3.5073150243831153,7.545053460897332,-4.698148650316652,-6.0204619497996426,4.833219900254937,2.6042953414851056,5.5210283398641575,0.7488574558457266,6.176153454803494,9.271341856926348,7.536307121299629,-9.350436020182205,3.4324301401940556,0.8895172855421958,-5.416912159075087,5.0444905594374685,-8.538187635544347,-4.535099078429798,-4.7323439151599604,9.265376299606139,-6.531800987731167,-2.9895734287617604,8.715108957012966,7.645607812139033,-4.005315768078852,-8.188479736881645,-1.8465234400359627,-2.8414931815672473,5.207165984374935,-7.969697358493506,0.6745090086992089,9.520997257376067,-8.33520644025528,2.982853203940902,-8.008546573745097,-6.064839838028464,6.6050944586046185,3.259161627132073,-2.5154931532305795,8.196101977594715,3.7262339555290236,-2.904615034268687,-6.033269016667441,-7.474389506526739,-4.007778090246048,-6.367767545561787,7.867564705041854,-4.137686763779986,-8.393063185288081,5.2595083412234445,-3.7764589545032434,-9.992922879160338,2.252774486512399,-9.340366895327897,-5.492853930473682,4.828014661103527,-8.672318074758076,3.627360296725872,5.089208804098664,5.046951105048871,-7.842583814205353,-3.967602328611357,-1.2853561715558897,4.783740594202923,-4.916184298156477,-7.565302493059476,8.109206807407688,-4.522346867828604,-9.326611510762095,-1.502111358529552,9.572390567918124,3.8646708240068577,5.298312840215097,-4.788591461744238,-5.444177588779116,5.1306179298078085,8.963806237444278,7.398842024160835,3.0454057332665734,9.703097848267074,3.0697833418754517,0.47402015313572754,9.623823423821207,-7.256905492879389,9.774711707743474,-8.276683854773832,3.259020061541797,-6.938936269799935,-8.246047921929696,-2.9320246272741386,0.6094676829035688,-4.425058429096991,-8.046735190280147,4.019745073698012,5.796099642532681,3.01299208071317,-7.339849270840033,7.388166420018013,-8.645394548282354,1.682130950823428,-9.239947217882769,7.175976346712972,2.593120293817286,4.756259791831251,-5.346745160365735,-8.226865180954047,6.929253289858124,7.033466706193252,2.04811851424299,5.114361119039312,1.1752215842930784,-6.123981432905605,-1.7029015781487011,3.203586850476656,-2.09038829878952,7.099631971571355,-4.830228792781561,-5.428598791495849,6.827002475628671,2.752000271614225,-3.246007459491018,-9.243320229266711,-7.949326572077402,-5.059888405604558,-7.340178120583277,-1.886185256242264,7.783756093827684,6.244830272805974,0.11331460577830477,-8.519592897026861,1.0167134927649375,5.781341998321087,-0.5091954842332669,-8.978166952666937,-6.79816881246158,-4.518034467877148,1.5512540359340967,-0.6740870835413268,4.763230590709625,-3.2051052473010007,-3.1181602273397306,9.837073983209773,-4.354349980483663,5.818281066881298,6.246859190903098,6.505090348102755,-2.660889736193721,-8.08382885627013,-1.4527978383975988,0.46768538140709026,-3.320208320919562,-4.296123796754879,4.240742640878532,-2.9612631373069824,5.9202294419842225,-1.968418180096192,-0.765247727951408,-7.839624986669936,-4.5355858108322415,-5.505362505616334,0.41247600749623814,0.5650756253807465,-1.8904740894012573,8.35395666650114,5.007422816514433,3.494535388337832,4.559021123255471,5.492559376879493,-5.973048453471847,7.824897756942558,8.047634102767265,4.3420310758974345,1.260901779932972,-9.516907760949255,2.0573376343786425,-3.7980598704741464,6.581588066711198,-8.634911318993307,6.179394816633689,-9.758534503671541,1.585985420353655,0.3947276618651365,-1.6260770158900932,-7.546283084802889,-8.609078296271623,-7.1302012138816595,-5.719483706105153,-9.73173605253044,-6.645930431091793,-9.292605164252523,9.928134403471937,-3.6353663434218486,1.4787931555174403,-4.102556873220513,0.9045906314200494,-4.185839603800742,-9.632372536690143,7.811482002404173,-9.405245092516905,1.5561353945851124,0.5878819121188688,-1.8512987610195708,-3.428347432448162,-5.691938727936716,-5.934975058471803,3.492180831740665,-6.277779957477736,8.153975252281423,2.5249756390871436,-7.814821830288774,-4.624158276913084,3.4132408557308693,-5.751838731834795,-6.65057829178433,-3.055467744066311,-7.293918906004777,-0.19660024389302322,-1.9363413119078423,-5.01105717962278,-6.271228896393028,9.919162531686222,-1.230909579681434,6.725074300847265,-4.6272635309614625,-2.773390603775569,-7.391414904959863,-5.222339332117587,-5.580493173546584,6.423379562774169,3.041937628797779,0.7611629851007233,-5.47125414928316,-6.4843187114092204,2.411174795100857,-4.489825007438462,-7.523413505751407,-1.015304628487634,-6.718339846911374,3.8801875902936356,-0.2977166194509344,7.779229770602601,-5.761045132688021,2.296595281181169,-9.674386835627901,-1.4789414581153757,8.301930489752504,1.8465725473568249,-8.352472187547582,-5.567151591447301,3.1629207028061916,6.555982312820639,-0.4343128337436415,-9.922970363862929,2.9142641215606986,5.545713194878141,-4.080333746532954,5.241040098821546,-4.02876475067965,7.166303744081379,-4.556918363014441,9.836524366301123,-3.908673804149398,-9.610552413818548,-6.150719789955499,-1.6116155169697457,1.6443263688392946,-5.200444725692755,-3.0935074507760714,0.7202327482952864,-9.326754667236695,7.992455751151091,7.073325880881619,5.639602454810223,6.017438548611189,-9.754466430788618,9.152917931203387,-3.3902137744592338,7.74411634433439,7.779530427482552,-7.459337687163985,4.340951686310001,3.7999828863046154,-5.13911036286518,-5.93852079464482,-6.603862200428418,3.9258235316438554,-9.855701047142968,-7.005059744576685,-2.974033164303755,-1.7439734065847858,-8.50513113896473,7.218923068116851,-2.6728833930982816,0.05173405292364208,9.566866249352376,-3.8584040762691307,-9.46794891305479,-5.212244826597061,9.27496068075311,-9.625771842150826,8.949683798273384,7.463663638038732,-5.639344492268414,7.158524910102095,-6.67415841598179,-3.659647459748056,-7.9929720502084205,-8.359114417801747,3.5509780727582037,-1.836695733547069,4.177886899832359,-0.7681682514923018,1.5696271002306101,8.7699433441039,0.24156232282695456,7.560852103099251,9.909984425311851,1.6962048322413654,-1.8647800910790924,4.312398600611637,-0.26353219674366457,-8.898710721895778,6.075727443472118,-9.566978225740591,1.7901924808522818,3.0780821660586746,-4.301275086913378,1.2766978727304519,0.7412647421578065,5.4975417009757095,-3.215113035376122,9.795134535568366,-6.5067072814424565,-9.500733301834137,3.169759967118015,5.036827364501422,-3.7929683145977267,-1.148870078029585,-3.99268114353063,-6.912119130937608,3.8634610328966996,-4.3966570194073835,-1.3261589055068512,2.16799394111624,-5.107755246448027,-3.43421258098277,-9.598951297955288,-7.25727359007081,-1.1860493686198392,-0.7227999098215516,8.03476977626567,-6.245442239750458,-9.69773513646812,-1.01617554770052,0.845834183225298,9.831642983732053,-2.2233854432738687,-2.0335772846106863,0.7615089017348726,-4.565171086812063,8.146536043364307,-2.215514532639455,-5.550042979691527,-8.620599024204452,-3.7949138841268653,2.268709476620618,-3.78798010369771,-1.0496394447396344,-5.684905619071352,-8.91542249289957,8.3438505401412,-6.568942318132227,-5.559271475281921,-3.0569194776158115,-3.7258890898573904,-9.175731601026131,-4.21166111498729,-1.892475301756667,-4.269966897001922,-7.680707705089837,5.137814775710519,-4.440030510800659,-1.778208533071954,-3.284815601467262,-0.5438421536963176,-0.6073457303033365,9.351950379843892,9.856123190899165,-2.906670653995908,-0.8667002930556382,5.2106370001619045,3.5235117681165544,6.064300921618656,-3.165572802129619,-0.4176367000392407,-7.129515708744448,-5.253865813475422,1.9971041680648245,8.728691459478476,0.9648313061788656,-8.369217954590425,-7.224982394231234,7.205175010836516,3.539942261236387,3.4970362769281174,9.68401043728403,8.63808431972367,0.4640671491048227,-4.406977854667378,6.61247852130472,-6.3599104587647926,1.1571478394449777,1.0428077784585277,5.725618235233203,-8.316210741705357,-9.766571780896015,-1.0737016087936606,-0.30108756875086584,5.363415221206495,-1.163111692089533,5.53812560353661,5.638175257708351,-4.49845297155475,-7.27161584344413,4.079736775958002,-3.0144582161444404,-7.373474156962914,-7.174838869735525,4.26664825956747,4.333462886157173,-6.840170305002302,6.855555706740578,6.328560974538227,-7.384928852068078,-7.472525384286004,6.743309638024769,9.639757808792321,9.300439858961038,-9.689637007270926,8.69465428047625,9.3152087826372,4.4352703085131235,4.989852020201479,2.076211003206156,1.7028821330073072,1.4477121963018096,-0.9062536391350857,-0.4511373354446331,8.481653515233873,9.90407689929036,2.006986157214751,-5.538568467719671,-3.8755466532854754,5.249289050404485,-6.6225761521288735,3.42313218012913,6.709554119823498,-7.806836963895285,4.821788611458807,-9.01896725556769,-7.099263587160118,8.495536772860039,-5.846111256177313,-3.7778489613309247,-6.122367493034055,8.421684236854698,5.645128767955857,-3.551598255093298,-9.28884861404531,0.9590000350140109,3.933764597982538,9.695438961535562,6.303886960916085,8.303176173667744,0.159945145009722,-4.493902522339188,5.489088693989766,-8.902256586201808,-3.5925751116964015,2.9466244524429435,-0.7644098142896194,5.172372395109154,-5.050676061650956,4.075137304695502,7.39389737832505,-8.49473158308783,-5.492040864635377,-5.872809934433018,-7.991995370714333,-3.1244366512280823,5.9964885269329855,-1.9250214110182249,3.513498169553248,-6.528136482104423,-5.829504155943859,-2.0802884363671943,5.154052268732324,6.5614819467463725,-5.056045085123994,-6.928397425879855,-3.1653705111781,9.220156849455016,-0.30432232145274085,-9.91108316901,7.5046101518111925,4.332111641272689,5.329967032620349,-1.3748186621010827,3.346997931845845,5.50988689776662,-2.776406812489447,-6.628672209861113,5.668706871541808,9.718701847226761,-9.018726607940463,1.06503856249528,7.115860494084433,6.657277335650154,-9.529241947818857,-2.0191880081254094,7.046564903234287,-2.3347545342685265,1.8454074721398577,3.807163689271448,-2.3925496754397813,7.806821635109291,4.901612891798358,4.973821531397082,-6.031938374805352,-6.494229067127448,1.2527345194478805,1.050012034545393,-0.7847103046174411,6.58217825416126,0.7653878628002531,0.6082736438237077,3.7866677015447223,-0.7640484157869523,5.750840260301462,-2.4714495898544664,-2.250272118830874,-6.358672570660431,2.4635452855281486,8.44979323312884,5.5835951356182605,8.59937380166594,9.66597588257686,-6.413026465979021,-4.169907271918481,3.4280643682689202,5.776945565502016,3.41342406507826,-5.118042601235797,-6.8276627248486506,2.520003912326308,8.780749299918298,-1.4232206636295146,1.0966899147515523,-3.618470206572388,1.7334595610388206,6.7310588663293665,-0.9552123948512978,-4.944499236132048,-4.894655749040364,-3.406457449890712,3.998076301155642,5.202592064709858,3.6738959949631145,-9.1947286040324,-5.288991107418082,4.6889725751421025,2.203020572609393,9.196296849320444,4.373406793339944,2.452181645955145,5.672712501025565,-9.101757435846302,-4.825827481602028,9.077983074400862,3.36472074312624,-6.560596903852193,-0.6875207087214328,-3.0004203816156068,-3.0498462352907563,5.241169622400053,7.276215704848479,9.613930412461492,-1.6230373497185884,-0.9083147774752014,2.120572048163538,-8.771999527349696,-4.4519076300012355,-6.848809541425771,-9.826415791089724,5.362362762766681,5.461768562811704,2.298874183854773,-4.573868137638093,-7.466356312174165,-0.9653008694433467,-9.487396250563398,-3.5190785612512787,6.033287332217505,-1.0563615141534939,-4.525547119248046,-5.020840495556245,1.1774895468039492,-4.171675155451371,9.595803619498177,4.996637468687801,-0.2913722255823341,0.0006989881635295347,4.478655869883836,-5.413263007077345,2.7777833426222394,8.710682243973157,-6.646068317361065,-3.25076814115339,6.074675517732725,1.341344005860769,1.6643957880035565,-0.8782672185784275,-3.855087477605381,8.412585856898293,-7.633512925131624,0.5087694921901509,-3.1972006374749213,-2.2831043169909515,5.367418800310176,-0.05202210314422295,9.689825934875568,-6.049423643079221,-5.134663667455579,7.53591188991453,-3.846706231232469,-3.21076598175652,6.837843820092132,-9.991484551130725,-6.522079990696423,-1.8919594164787839,-1.9755230264980224,-5.453058594664412,1.0303443135071593,-6.304225962401391,-9.322874748575662,6.008424279347281,-2.822882459975782,-6.631875897936579,6.315028961026115,1.6474414980258842,-4.141785903315938,-2.188299718949751,7.044591029913327,-5.291500257670673,-8.775569092955827,1.7160741772938017,-3.3585213830878775,-1.3800011746974796,8.399093781775647,4.449728858748667,0.14024413652535372,-9.417155520957747,-8.975631333816683,5.560481751451324,6.840496158501949,-9.064649769974512,2.9497717977546873,-5.24132042208473,-1.301084292533881,3.0448065335636,-0.26646401235987227,4.705343588154607,-8.83989766517576,2.9927100542442737,-8.830591164695266,-8.7187547728932,3.205539249045497,-4.669636683339777,-7.49222065610047,-2.3438538037614514,-5.557133665875959,5.478702390717947,-4.2988064139828985,5.854739928593347,6.200970875378605,-9.886810330257827,3.375125347188847,-7.943341067294185,-8.988768338580272,8.902088588111706,7.3634624639894355,7.607936461938234,-8.679669665128795,3.8802630001698173,6.48340242558438,-6.0815552932194255,-4.29644586542312,-8.117535521839514,5.180603423908035,2.825149977277162,-6.384955257130393,0.5329292060220876,-6.141700667396,-6.552697312821172,9.47591827998287,9.678492698363858,-9.329685210330608,-6.351769175292857,0.9195648104329521,-6.908657072740898,-0.1350201097614363,1.6846733245894328,0.6338675100758362,-3.687520438500491,-7.121950558501171,-9.116042696145998,-3.378252147877001,-8.487915742453797,2.205663556153741,-7.324829023732262,8.773375521547528,-2.5688033959523153,5.233910289355384,-0.42622705553622353,-4.396802028503783,5.1586669899724065,8.056985496762582,-7.108198913032824,-9.25271261838751,4.950124558324349,1.9725643018957566,-5.730930879464551,-6.55969471632279,0.038012480540214,7.6413360837525985,-1.9446123441493874,-1.737194626557244,3.093005017586705,9.848253272172908,3.77616697426223,1.7003129033418638,5.8716311889514206,9.173082147408202,-9.92891661958216,-9.137457485329858,-8.048183310506975,4.9037954973144515,3.334738971622942,-0.9466931390291613,4.861433852892926,4.293935270581596,9.565936108932373,6.227193107700366,9.034930129275384,8.380557781090076,-0.06504924077041707,7.844553208581647,-5.6128833393263395,9.745864164024749,-9.701103361244211,-0.7643796576289894,-4.527444094387157,-0.6425004376163646,-9.395947986110029,9.471644815934631,-7.788067397907912,-4.254421240234876,1.0784476210002758,-2.8337619510233907,1.3950163170279772,-9.721284956430289,-6.427552307418081,-0.22891801764971298,4.645502733825529,0.3808495046286282,-7.0682359974990945,-7.778767625223879,6.671639409761816,-6.519002411942971,-7.928418500924379,1.1584983662169677,-5.618873561389859,-9.983777701702063,8.075296667548177,0.2886456321407529,6.946650468617211,6.129809569141511,4.0052356793756445,7.723658661229315,4.21890146324669,8.469646069615923,3.1461019741609206,-0.9976971476932768,9.103633006474546,2.107974334964398,6.572172887090556,-5.358664579489902,-0.11646164064506692,-6.120423568015769,5.270869686709094,9.023062170064225,7.210749741238434,9.655715272278442,8.679984854166445,-5.908463448038912,-6.249106041273951,-4.190629812550188,9.424047728088471,-3.3453066172908326,2.9063031712749208,-8.008180595676343,-7.758471433020513,-6.531255527120969,9.479155743530733,0.24738631801946553,-0.7353078421693144,-5.620149915903429,5.84922804744857,-9.171436485070197,-0.020916106710517468,7.224968803465476,-6.486902367921818,-6.942764155960086,-5.456760467699828,6.99085233279704,-6.682094082801779,9.070091537982375,-9.875968026675302,6.988860126888255,-9.874610542310084,-1.801411755372115,7.84458328087079,-8.747576863866051,6.261217118476335,-3.5852265466954574,-5.14237182715709,1.2138242684313276,9.961758966851058,-7.452340253632748,1.211888688595085,9.768753642354511,-3.272729056155999,-4.361927923212119,-4.617628791027569,-2.2314101349278426,-3.0914437798093264,6.41870659734996,-1.7696083422954239,7.192157290628444,6.251302649498701,-0.9940172732410186,1.1730750052171839,7.525341673158664,-9.631900624115442,4.256739736957279,-9.124738199199644,-6.300685051978368,-8.156935356731017,-6.7084667033317436,-9.803875654239981,8.060343992005457,-1.0739904296032758,6.586918650373601,8.21617138734512,8.241286091194006,9.207952141097543,-2.3241297850428104,-0.28457727380422426,-1.7066788985483168,7.8249440675997946,-8.588586065706203,-8.268891373956592,0.9745558853680496,-9.800774852773944,5.044913837608345,-2.8794236730915213,-4.450538086570559,-1.0318239396622868,4.047898213235255,0.33061041372717703,0.957741184451935,-5.24093165011652,-1.5624602034101933,1.1463849476282526,0.4609515963115207,5.074382930948252,-7.7325785863138545,-3.8643774896134335,7.474270882668431,-6.035697576379631,-2.5588445550291343,-0.25824552675452495,5.799639960495529,-9.8647299025268,7.474333807489664,-9.800436919529826,5.055630224312486,-0.09150495687208249,-8.73265531393675,-7.87289090353692,7.790957836527955,0.7258548865709784,-6.503229090441125,1.5858124602400796,-7.486981330463127,3.4646085078340967,-8.276514884143328,3.025158021146625,9.877407184952613,-3.2977873844822225,9.406412445367074,3.297331170839346,2.8465466577768694,-8.772758307703498,-2.726169312914055,-2.371723630534519,8.923790460664154,7.97040471779124,5.651411830604754,-0.2176133599338943,9.008991637437841,6.408573272678144,-6.594653138487711,4.64609802061929,-5.080240073283154,-5.853103337042683,8.151163146822274,0.4526223789572512,-5.5347578370510675,5.401826861486178,-2.158974454237992,-5.168687458888903,-4.819509080532638,-9.815921485057025,3.044153297210796,3.722271519562703,1.2169707427538867,6.202041304343339,1.3209861137285834,-9.865273760372395,6.379472165015343,-4.170521955912139,3.246691941815225,-4.57376575232834,5.106539669742212,5.856851903754626,-4.602299771152099,6.604418960884718,4.757840492440746,0.6665093816382637,9.303270850365703,-2.217348884846027,9.902163297689597,-5.199921542213546,-9.345046540725248,3.8366477032579454,-8.72793949663399,-4.845536195851057,3.4560340730968164,6.717843394636873,3.5015911846152026,-5.917749785418556,7.25282138754315,7.1174649002736246,-3.7776903884165858,1.7914754217117217,-8.537745532361068,7.139339690380421,0.2491154168089409,9.657828275679144,-5.01787508195852,-0.3333138426069375,-9.137176135615148,-3.296288449560521,5.50793422713369,9.634642590392012,-8.815199038529936,-4.47521941789514,9.334155684093986,-9.583235557101808,0.5350303775016503,0.1725509931223641,1.1052737802258648,9.554182753511096,-4.684303969670798,3.7767990930714905,-2.7128814840512128,0.5237931887028076,-2.085190597045612,7.390898065039863,9.52110361811998,-0.18381291336437044,-9.615025998742926,-3.984971015026872,-4.568092230689258,-9.857772377571807,-7.209375280392769,9.464717328061699,0.24764676248672401,-6.543277722701744,-2.8771396255152997,-7.752573247245705,5.23712208004641,-3.420816690598441,3.191530534667139,9.83205318408659,0.7046079827952312,-4.584129665686259,-0.3866905927236921,-4.59801075601443,-2.8740152242963424,-2.6826028733624234,-6.041988512627472,3.3867632604890083,5.582879801869886,-5.251475985706917,9.616135179284282,-5.255681293604981,8.737324543179952,-0.6302704317616676,0.022205815131684403,-5.016931447228574,6.786984226841167,-8.644249978182199,-7.91291982963754,-4.036740926525566,-8.28062502967098,-0.23660501289370117,8.162089407016854,6.314010771404483,0.7695600921205603,-5.455563745697964,5.392738188972103,-4.973492397917736,-0.6270630604927536,9.851134242548799,-9.379255724302135,-6.663181726410947,-2.686255247811536,-5.248003614285643,2.2106245632454993,1.1379251072877867,1.7604308431999485,-4.292381447569409,-7.992113348862365,-5.885140638764841,-9.138108685295999,8.478946869034875,9.462697519292863,-1.2228857095953707,6.70966434641716,-1.0095193002267386,-7.1809504390282175,-2.449704605038847,-9.815780647001763,-4.066315582780257,1.2198211243128387,2.509468666264034,3.076546949843568,8.215014477602647,-4.582566225526823,9.659719227539103,8.446552257821505,1.9628829078173293,8.592978107561159,-8.133364547717184,5.961694454929006,-7.615893890581966,-3.6442246867573775,-3.0024449708437384,9.253310155774052,-0.3074806275824855,-0.878805041294136,4.6971996149532576,9.993330934153207,9.05141261888291,-0.6706856659037967,-1.7352898779398807,-6.869239491353296,6.375576564506112,-7.119264247602668,6.118442466295882,-9.646561554623972,-5.960772819781635,4.732248712216968,-6.554371506557734,5.39442490399342,3.022990991713158,6.677266313903289,-9.10877448069125,5.813252295444107,-9.449167370438081,6.48925855479769,-7.054899072642177,0.684526361039687,-7.181493681415729,4.84525729123882,4.483519362964314,-5.05267406198829,4.037192120127106,-7.579717689487695,8.855230064314426,-8.130448172115157,-1.4842995170704327,-7.8060794432627905,5.224845337598403,-8.749552297605359,2.080636891874093,3.863904768712798,4.976028295729659,7.078512702817839,4.663349916823689,8.874079419076988,9.353595377311947,-9.052737315028342,5.2065998797496285,5.691591938320181,8.796205684723294,0.271593812583804,6.254190295310327,-6.347591186229682,-4.784512764886532,8.886502368368124,-2.0522703031187195,-8.684514369950007,-0.9056141563129216,-6.797932199636354,8.890505816073595,-2.0474236843112426,0.820790418003952,9.74656963022921,-1.7745407605111723,5.081617216111837,-8.407326133827109,4.298034058916693,7.585312361855184,3.5465699271932607,-2.2182325015678988,0.9440060471929783,-5.177936188048246,-0.8467079874800874,-0.8064101701666431,8.369985853010846,5.399140075625688,-6.737435238810299,-4.618625699291671,4.418426147821448,-9.852671910231482,3.9142071259525313,1.7842021071223435,-7.603846469490545,5.292601608298497,-2.6873831101797947,-7.4756185165827915,-4.135245902707929,4.105739128804224,2.0270389019870567,-2.207209851927181,6.12092463875539,-1.6011321872363542,4.831256524337331,-0.5912901665700065,-9.06540442782555,-6.675130691683786,-3.238825439901401,-4.350108943730917,8.407932313655582,-6.902495411363412,-9.050136542390542,8.232044175164791,-0.29662480210664555,0.8617663415125758,1.9643045710045648,3.452113370467025,8.023693209453008,-5.672984114870337,-5.127219642740535,4.451781197782427,-7.02839250571071,9.07895902781825,-8.946115218661372,-8.499511915155187,-0.04821585235422532,0.6904478011411896,-7.186807914684257,-0.8274255129137931,2.0946587552463782,4.095215979778766,5.850427337983215,1.3307047973713786,-8.526905302073924,3.382065304367682,-3.9641936124034345,-9.023904292691096,7.7732122275807,-5.913260663691318,7.8022666134613345,5.503651483750184,2.5038039922873203,0.8015061086897077,0.4505768270907815,0.5934471243756683,0.9032126843514341,-8.745325758427068,-4.761195370430135,-9.903618112753172,-3.6152651010633257,-2.4717560697945418,-3.379852852508966,-9.404110922618703,-2.716163634746536,-6.464814150250017,6.917261200620267,-8.60450077013991,-1.600765079276842,6.334225660082932,8.53183118950432,6.387515164578076,-4.513017356102978,-7.5404246327563085,-5.973405771396698,9.905533029244914,-6.998162007893567,8.88454307032032,4.818437586293848,8.541829472015124,-7.152531645883449,-2.316173120066778,5.878764343408399,2.6698511786179964,8.516171860877211,-1.8315037040811823,-3.281412350630748,2.459510217583606,-7.081380006617499,9.511623570001788,9.74728415799403,6.510108475519747,6.496139849109568,-6.362571921636748,-7.187207208291024,5.68762207348761,3.420870271560519,8.13027159918446,9.009724754183683,9.90182311999082,5.505295625130842,5.740810586355881,0.12562407398498365,-0.14451471566253815,-5.245393984409787,-8.592743847330128,-4.457701982075337,-9.396069697465945,6.046789140957191,7.383560626987993,-5.608572965637588,-6.467040323851929,7.395695065573641,1.5365384906809165,-6.985629440138858,-4.065558497187933,4.253919595963422,3.6586970598211632,-2.276043860557797,7.773611827622119,-7.17808940331987,-4.776683927909473,-1.7896404441602414,6.312002819855859,8.98893731521455,-0.6996980408031668,7.320243271055521,8.844257875809905,4.2781832753871285,2.2144893872447895,0.8564916302102752,-3.7916445664008247,1.4745085180532271,-6.607408792664082,1.9733231752110214,-5.974613844787433,4.982347470717663,-9.271361367366842,-1.0886005733367021,-6.330059415008781,5.82321271643233,6.503604179028862,-3.923508357097978,2.634310198832095,-0.48557961714401543,-2.6441562891123604,8.634634205263069,7.242337945688089,-6.9220261307854365,0.9226134402791946,2.4929083060857984,6.058128240543386,6.216602933705634,2.514836221065151,-2.7751152478353713,0.7516439068813767,3.462319239533434,-7.3175045394880645,-8.014841001445577,-3.917830308007706,-7.674655867968365,-6.639386409721892,-4.123994132449489,6.1263069934683365,4.592377125491769,-6.031594601812489,-0.07685178529933978,-1.5174106869968718,7.390478385985531,3.093906235176675,1.2642030903597359,3.1113165118586235,3.8937192066791404,3.054910322217024,-5.222926621445303,9.699008415496934,-9.566678476431756,7.419601794707152,6.364544877328331,9.137996006990548,-4.447435671217185,-5.174112964849796,-0.4396130498905748,-0.913174525114858,2.4567308384682995,4.765599217558975,9.156415640001242,-3.0454787506058034,-1.9176074311248303,-4.70074058786494,7.417529254311173,-2.583769964941755,-7.9340206124370845,4.681553999158597,0.41654106206866715,4.558008411266183,7.111272023915987,-9.584297999806797,8.694415880817996,4.961543769452426,7.475262975676415,8.702226960624081,1.0119082360112088,-2.1441935086707486,-7.4410596865982,-6.096055431751424,9.061319772867769,3.812649419157994,-1.5203983380460535,6.105315447365996,9.865315644271877,-5.758982452959634,0.9721064285626042,-3.5972148649000264,4.845264417370579,-7.022701632445734,8.189665618815166,-1.0101482009559746,9.234693523185818,-8.084509183368187,7.607494756775967,-3.65226105168645,-8.800983410622107,0.6595594161450222,6.1206496564455115,-8.299421437217166,2.454292945831684,1.3802520580760138,7.053230726570462,3.7646781439393813,-8.28721711762116,8.857605804265305,-1.9293181531375119,-5.269871323254436,2.348399601956313,-6.9642708191034615,-0.7967143899266009,-2.3083461539551724,-4.513205366478246,-7.402711214076834,0.5364421948808111,3.216304488224246,-1.9668591829708042,5.393776104815963,4.534802412491391,0.08222430655451518,0.011342234768939363,2.411382162775153,-3.6161392800113434,-5.642577188508813,-9.651124903599166,5.138572773503389,-6.109915808308035,0.3568505413185026,9.426061852709815,-4.400075135107713,2.580999288215228,-1.7594200627218193,9.632063461254145,-0.10167557591435639,-0.5411924908681858,2.036749398177534,9.847142969326303,-5.6564814298564325,-1.1371373732099759,5.055197992787972,0.8604677678854209,2.010504342386632,-3.4225134459205764,5.421227624412751,1.3363782911693356,9.26513131261612,-7.287496046364675,0.9628813145650881,-3.232446983632748,-8.031057037244494,-6.594769992717476,0.2667303851825036,2.7417179201026407,-4.575132695140615,8.745587594255195,-9.126098712219399,4.490348392162835,-3.2143827669933582,5.8234773683246726,-8.193266223271472,7.027654496889959,6.995218454923975,7.455811908786014,0.31410914704361304,9.273415572635365,8.985876284681343,9.547359443946569,8.338639005852166,2.0735423267666775,-6.896729339481082,-7.5102665665454875,2.165732859086809,-9.688711106962902,-3.524514506911891,-7.465262086102522,7.213934595840119,-4.751324944787784,5.546548303426315,-4.913972426110432,-9.332300731350413,1.36220770543148,2.094870445441522,-4.046317449224808,6.86620007688613,-5.088412669933389,2.9180759398577507,-2.0089689572569362,-0.3100899991224697,3.4975408812117976,-7.803674774379048,-1.3287790158426827,-4.35009621576679,-1.6178727539848268,1.8006820663548506,0.497378739980018,5.2611064399737995,0.7829331621193987,1.4712287870681084,-1.3652852705431506,-0.48670285562358195,9.69264445869861,6.869558599360776,1.3867452629513206,-1.4499571158720386,2.267256975776558,5.2115016343064795,3.495231871694184,-0.8296581936434695,7.043104693478469,-9.547245249082266,0.23089188479402623,3.3905759888383216,4.483976684489278,-6.076174431807059,9.516468164527168,3.727579953870597,-8.526981488926229,-2.8051415051667288,0.3803404197287126,-2.9724338496182163,1.0464109733288005,-2.297394720537902,-6.294900168376884,5.570863222194394,-3.097490339201485,-6.217232913121173,3.0981964915187596,-6.2633418502074045,2.756873073196367,-9.787555377915997,0.855161325315084,-6.535756547121658,-9.904058742883828,4.249079790563021,-0.8615693407814078,9.185223213007554,-2.059614734747168,6.127336453926723,-6.962354394911408,-6.40566833031071,7.051492515561023,-4.9242454497788675,3.078207630439966,6.906757484340542,-5.152675224682081,-8.84721509809781,3.3807823725584285,5.707614110786274,-4.632003808229479,-3.9484970743030834,-2.2582952308350768,-5.776849516117581,6.499584572372594,9.253500214199157,-5.026170592033599,1.501709273888629,6.492342320227586,0.09871715430043615,8.638719137624673,-8.888509939243384,-0.8395504674894241,-3.171522205633714,5.267204035032165,8.777527748765625,8.733669955849454,-9.906746973914647,2.9152148208107107,3.561497782250747,-3.9350194346174465,1.6045949862049511,4.289288790412316,0.5465549228229278,-5.1626770213949875,5.760456064922192,1.4592804286193015,3.501045284397934,7.202314977729138,1.1838223277009732,2.000828955943966,-2.6579782528561218,-5.754580387995314,-9.3385422511804,-4.134549916212378,2.3202633473327445,-3.9355558674503683,5.290032370475174,2.985130344550914,9.522636578822848,0.36859888985187794,-2.0826715035389114,-5.201943249945962,-3.7812419886240445,-2.40241233358506,4.476125235560438,8.666661583582869,-4.513385033398487,4.9267855553024695,-6.511378220586468,-1.6192979940845813,-0.8567937040414186,9.672824777328447,-8.027896262031796,5.118776035122803,-0.8734954465237195,7.673337062169676,9.412480823745486,4.890206192172055,2.026259477163581,-7.0201179665483355,-2.756797462474556,-5.328568771017068,9.481025654643993,-3.6730779415322807,-6.8180548599417445,-7.236755722691786,5.222600743272443,-0.7915966790219819,-2.6272764054391757,5.3802062485127955,-8.538415757458369,-3.413538972289796,9.867776045609695,7.574623103745722,1.2162298019498312,1.4092597381660248,-1.0526681467169077,-5.370388091300365,1.355272842953596,5.295223153097815,9.941337382097743,6.28468366929258,8.271444230208335,7.147782701665651,4.61863844023107,-1.4265590055908728,5.815096728682192,-5.2062688915758315,-5.375941448890245,-6.6465753464001365,-6.496080596382754,3.381640671043515,-9.897917937712977,1.1793614020094871,-5.755625626069505,-0.5881094189809328,-1.3761124371921714,6.259906573850035,3.430848262748899,8.784627702850262,4.0001214639905935,-3.205792134550583,7.595699033573496,4.065872653315717,-1.0519915967158315,7.877554413979972,-1.2268425407543972,-7.493012913942854,-4.2985148133657525,-1.9114588829395025,-7.243950827651677,1.5867454052555434,1.661953924691236,5.01423468263104,1.0619170081254303,0.16734737527147914,-4.257432322881445,2.4316308810729126,-3.48366228499573,-5.545272916458186,6.9329647465819235,2.084862110245968,8.663476813635103,2.619415970168875,-1.6878581401981094,-8.789165261178466,9.523222932180367,-9.15447893154492,5.72019277906106,3.5651147965251013,-1.1206783065202792,-4.619208218626856,-9.881208291460107,0.5275672845288994,-7.128782102275768,-3.0842056691459145,2.3793177885418757,1.421571730598469,4.646585803976462,-1.447367013943797,-7.338413632118965,1.344622810154135,-4.4449706629346775,4.508684547519987,4.482337859077038,-2.290563479708336,-9.855840282218129,-0.44296553894035995,7.311522352542266,1.6987786181231854,-7.922033843222778,7.954941132756133,0.5621839839579543,8.57447913460338,7.802622991627594,-1.7505955976026666,8.448620537427676,-9.453383526177305,-0.5006104911355358,9.40709438111027,-0.6131600007873352,-0.02876474383406702,6.488521589826039,-6.702660399622305,-9.512028540657427,6.1729917574890685,1.9794377134495473,2.757011441494699,4.460814644011089,-6.459882671644605,5.655247464394453,-3.7493156218883783,-2.7067169892120813,-2.2457893637814035,-8.492288698988748,-5.6896539075577435,-9.279207159806111,-6.77992630196422,8.379829233782395,-3.379395492202808,-1.0593855771653793,0.14007074115917284,-8.890884284079654,8.694734902370314,6.389383512052785,7.682698709441556,0.117254754281781,-2.1509108217032473,2.5080115440732254,-6.147616422845255,-0.1460347158891988,8.411446036391123,1.1835366240789433,-4.995265780778451,-7.516536258802946,5.00643550943273,-7.5268617553241945,8.136822252261268,8.40402292559871,4.470365034756803,9.21081147175768,-3.4489627802241296,6.1212156972221194,-0.30864357422625766,-2.562934993391945,-6.233789758872672,6.612763191691407,-3.759214541339338,6.496573580813319,-8.790649690036915,7.679861940291154,-4.476304704429648,2.6534592598791953,-0.46129852411724315,-5.811998753359163,-9.869961458614531,-0.4225403899736335,-7.345045338043863,-0.4834998292775623,-3.7068473470299823,7.457224776655906,3.2227950776013348,-7.776742291571789,-3.2361891516412733,-7.539948393813301,-2.599772689604074,4.5910974453080335,6.162181632688458,-1.7878119660314535,-9.60045204121187,-4.075329471924942,-9.096828709649209,0.6609324665538381,6.652929668601619,1.4234932382293515,-1.4000308802337145,1.212992373801658,8.759663605196195,0.23944231144087347,1.0358203095850378,-6.108582483209459,-8.442925814024946,-5.88684917728896,5.945517758007252,0.6416136198823175,8.199074267968967,-1.7411553991975826,-7.871876680461936,6.844542794525552,8.21443463251019,-0.6602603630387822,2.165152478745526,0.16944322854802962,-0.9540037899650695,-9.647106651878072,-6.013428988334719,-3.425124817359144,-7.2096259669066365,0.0932349592384405,-9.196870084026923,8.456834217114817,9.36411759940237,5.8726875524739715,-3.247964449658854,6.6688166182825555,-3.591204377816042,-4.766644976010415,-3.126685832541936,8.345783092824647,-3.6446260637481043,-9.233795641085983,9.248397535413378,0.7225425822580274,8.065435844290256,-8.493717837814064,4.112937606273315,-4.910535926029464,7.309483281589493,5.2667137200221585,8.430620254030966,-5.067891531303566,2.7862955740155275,4.04067946629576,1.1670669123403865,1.030169629949338,9.4663732157453,6.832748473875629,-3.0462026500247337,5.717349363985143,3.527493796270205,8.064536759722202,-0.663197880932298,-5.386103946380231,-8.144505975830707,1.2766170880088605,2.3016483444267664,3.8905439684973366,-8.219439343528524,0.6129155333729646,8.194503711466645,-5.2463071082065005,6.040524967680522,5.906685317851437,1.3905565350114735,-8.138608313218082,0.38052372678513535,8.501895338676821,4.891573846989804,5.872460885132934,-5.613554081117027,7.903579445106708,-9.68555537562272,6.709653701332883,1.1896330610671697,-5.8559081594367735,8.937312419323703,-3.8206687199294027,-5.712879232644816,6.36793664031633,4.462162722319169,-8.080513472386425,-8.00717990898818,3.510165165742338,-2.1050048853816055,3.5107180068661865,6.901726096401536,-7.9416571788231405,-7.420479701725469,-3.907428416192726,4.11540709391778,-8.640659052142972,-0.6968286965214698,-5.659977186100463,2.4825267860507143,7.250468617959378,3.820571966605076,2.7513919680978756,2.463464819693584,-5.15473650130091,-8.315946902730662,-3.098776891651738,-0.9976745871836954,5.970277584151271,-8.934102342313047,-1.831518236576148,3.724446985338659,-3.6592916322005653,-5.229925939223601,2.0613181720066382,7.465561390230043,3.49227095835265,-8.140897578569197,-1.0291129415896165,4.145645401177024,-3.829621851272753,9.392338554546647,-5.181870701920673,-3.560482469780908,4.996034377419868,-2.783051036055914,1.101970295304696,1.3309349210473602,3.7467440966709553,8.80878488530081,-5.662588052310316,-2.171960493973173,-0.7436556648878412,0.6309327582389415,-4.609112803349744,4.572902130473757,-9.38701769638751,-3.927304171585069,8.92296565966016,-5.71802050166948,8.317766426190069,-8.014305461786769,-0.6714303613424413,-6.939602157648039,6.106165538856562,-6.503091871290334,5.027538924875795,-2.4897107580195277,0.6982537684485184,5.78841202317043,6.680394290014352,5.098812036399526,9.712083559921275,-3.433316494381735,-3.255053692246735,-2.134337303352871,2.784059605488734,-0.33272640869551395,9.401187753248234,-1.3701814809485136,7.080409756269489,4.339761586383066,-0.19463803662437051,-5.1137548188011,-9.291575029734641,9.124711194488313,-9.79047030269448,-5.793748168334361,-7.990259512612541,4.891025844566135,5.424946960476657,4.54898656141215,-9.145796799843367,6.046141678216944,-5.420263834241615,-0.5150986735922576,4.6790308780592245,4.200529504630996,-6.485414185262288,-8.32192816600142,-5.195327789345319,1.318969041521548,-4.918917248216708,3.7913848288804424,5.009478951976282,3.7634188466887686,7.005850569608832,-4.937438950423784,8.22247899959773,-9.507204110967582,-9.404704573789331,9.947429909014723,-9.219707935673423,6.1732182731652046,-5.125100378143541,-9.825709527128787,9.773208710703884,-8.96059209253359,-9.126508754670228,-7.462724003398884,4.150566116215506,-7.57049681107242,2.6327159264844795,-9.40137501995656,-3.68243592678303,4.098348611093014,-9.5382589852111,7.934012479758824
1.767744292686423,8.681769596931701,1.6553135031944173,4.4965722473900716,9.456597403546475,-2.3676810460291042,-3.5876036716272512,-2.00206074154959,6.678063992302739,-6.441803700180717,3.0624859720731674,-5.639904813287728,5.207497516262656,6.995704247014924,2.4956450988528687,6.030316303081047,-5.186861903332556,1.6580278678115015,0.876112351416598,-0.4979453542679231,-3.2079136740570036,-4.163478324728835,9.131199835698663,2.1774802562728155,1.2716364898416703,-1.7821349382563128,-9.371975990678447,3.018042572094295,3.9945073688448822,1.5346526106266616,5.219564788699099,1.8656555215851292,-1.8084090616646726,-4.4963181745668335,-8.185961737765187,-5.862136564815453,5.759156623846767,0.27017674672729974,0.9403600539702026,-1.9269781283563319,0.9431005866296882,-7.934769727551565,6.279455798981264,-8.541293939125685,-6.7476852356741945,8.6643052298937,7.6454020206988424,-2.3115894287762373,8.341532575885424,4.934975293368096,5.1947361430177,-8.351600865980583,2.0935942827890113,-7.2146769364508545,-4.167668349834486,8.641697305616873,0.7972652880034836,-1.1018092330965885,-3.089843540943553,3.182491864262417,-7.802510858522222,5.293876850253966,-7.4692492869123095,-3.931216039792056,6.120962545095832,2.845927495992859,-9.425292186939703,-6.385323834145645,-6.860698056033114,-1.1222279382423377,2.6075756503387275,4.128023395593594,-6.175969017978453,1.8701439617051197,0.7133120090441452,-4.603608281654821,-0.3738962765367937,4.297586983359933,-8.408507537292206,4.690755426026874,-7.882814481126594,8.762729955700859,2.0624191885110648,7.140188874006352,8.160929142594338,-2.933591215972342,6.5002956101088785,9.346966325097906,0.8806482884837958,-0.018312570591895394,-0.2010090113001759,-8.76961016707692,4.182016206573238,1.393081444436028,4.580120886452706,3.2305847329117974,-2.9453021906758536,-4.945608204934151,6.542057586395714,2.8896121361487292,-3.2792659452435906,-5.312039456891711,1.5839772541330177,2.796181284697507,0.807735191623582,-2.155709707398814,9.183296200619665,7.772196331219664,6.253610307181983,-9.3240414558308,-6.6224560605009835,-5.864660296984736,-8.365480264632911,5.895339054287321,4.452774403938363,9.917440930267919,9.536383849911964,3.953315318819861,-4.5578757611529035,-7.388380304201256,4.857097658372634,1.490991388763268,-7.281238518016988,0.14311662219766141,8.055666384731776,5.482277507570403,8.974264024664848,-0.745275322103268,5.918725502588229,-8.703046160843579,-7.4473672378073825,1.425406736658756,4.194285674023277,4.678365283018254,9.796971724427731,9.602220047596916,-6.3231001390094494,7.248736359223571,-8.444798188128955,4.169680438909085,-1.8575736544439554,-7.955575759567582,1.1802093689453113,-7.818792992777841,7.639858843447964,-5.957820816586019,7.7132708360771645,-6.747576199596823,-7.030288351048865,5.402371605382951,-1.9643660942726378,-1.7657388138443952,-5.702839245413703,9.087989735623971,-7.361928622043122,5.034353290093707,-4.6932684587040585,-7.998306120828889,3.3037720570081994,8.083871049588364,3.5520656633180163,2.3393739264651607,4.4009810294660685,3.3961080592969477,2.9567321417924397,-0.5295275944968569,-6.009570005184946,-5.918369651906412,-3.389813780681095,-5.731460540547468,0.45613368061929016,-4.817962342064524,-8.406694815388455,-5.389231638793046,6.675177575108982,-5.170829780465203,3.6356155695540586,4.860307092522124,4.494634001548503,4.5358974219776265,-8.16099698870998,-5.6582428392631385,-0.3228774827217542,1.8326346612260824,-9.291588172700605,-6.194570872632834,2.18352170682895,8.90755423284579,8.31821837315988,1.2046526155652177,0.22057881644850852,7.68353093130786,-2.3129609687741493,-1.5631729581800684,-3.392793845864386,-3.8890651812814925,2.1025287290723647,5.452443089080312,-2.9715366986859877,-9.797841745488459,-0.6407394320749997,-5.710502960764567,2.7630129186760772,6.917327120403641,8.6940113289732,-0.4588300014566151,7.727515134756061,-0.8725624116696888,8.77046557030673,1.8790617876186566,-9.830057850334011,6.340857991818961,9.181652258110013,7.112412810743159,-3.313483687163245,9.57718691869167,8.448386390226823,8.500116402995094,9.092605422440617,-6.113708832532289,4.382223725709405,9.537747328682343,-1.4612556614840333,0.5341184303112261,-7.599351179831353,-7.642725238188099,0.2518011624384364,6.8181343866388175,-0.9055881860164643,-1.6247103124657354,-3.9684947095089296,-7.912885511149903,-2.3313951828921153,-5.097593861254863,6.327979087043726,5.0419900904472055,-1.8601026096923494,6.8196877045950615,-3.584608039319548,1.6041099286593496,-6.738922865822081,-8.522036373267625,-2.5345477885362637,-2.5929412725866596,6.844579740950511,-4.266709853070538,-8.466583449690074,7.3674563001335756,3.6851315262702187,-9.259563916295495,5.858633036048257,1.8591040359740312,-3.929324981406877,-2.6192100587565754,3.886017915976259,-2.677837270161236,-4.410107389377799,4.107991213633399,4.660862322024981,5.176909714925111,-8.206272219478517,-0.2938693893234756,6.452691939182682,0.2603885049154222,9.150051366517694,5.442060964981202,-0.20571781434716563,7.783866748016621,-9.5981423975266,-7.4848492934311395,4.425339250618109,-1.1303513828377767,-6.419155502496019,1.6565915997563803,9.141226231833219,-6.671284740352705,-0.33359240365234655,5.95609014291246,9.632880856508223,0.45312964586983284,8.539519235331912,-3.161612897346031,3.898809122354205,7.910100424529613,0.2911143159710132,-8.023896750504285,3.120618807972015,9.615233397084793,-6.763390288199009,1.999209369612414,1.4696311524450962,-4.84580431205607,-4.09555961568385,6.813416948710962,-7.791385721266606,-1.153805107420137,1.8165927403043973,-1.5841765630287306,-4.936477174156339,6.569174880215449,7.580603697544539,9.42483843490529,-9.886012253485259,-6.324458813486213,-2.152196627301861,-0.9756998592084365,4.632355057774076,-8.915813465960694,-9.075021623580435,3.4024093919271863,-0.34567834953630516,-3.0559908607432344,-4.861718696060693,-9.90386670441627,-2.182705921909127,-8.671381528991624,7.955310938932566,2.014470823206011,3.9890616874197082,-2.4522414744016308,4.790657198621819,-0.4982602511008274,-7.875408492417404,-4.856223813050016,5.856280548051334,-2.50113804441278,2.9216407872282737,-8.700846105053166,2.7254977848121786,-6.3716743712092905,7.245762583228419,-8.142422929509374,-0.49727456740200005,-1.7106819951349443,-7.076066530021055,2.3380075907595828,8.936508825113187,-1.8434682389655404,-7.206808332390693,-0.22403725381348494,-1.6376857447101667,5.991177776158716,7.01319810725963,-8.919286201014895,-8.890644146996994,-6.3575314853112275,4.326554552834825,0.36884388170229876,-3.5445348509547436,5.5854548977952785,1.8664341474477304,-4.285899153431796,-9.326507763657732,-9.599881949557123,6.120747701428453,5.958681501256635,2.1366866394935897,-0.5971226210081308,-4.027930737117032,6.382922306655313,1.1756411547298935,-5.013199682969914,6.256176250021358,-3.6692317040122973,-3.0082213432625355,-7.902851576891194,1.781648555663974,-4.7736807681832545,-7.2346978386166105,5.764701233959013,5.58779198512301,-6.5027089495384205,-7.3513564071214565,-4.3978976003602295,-5.210738196586822,9.203947058973931,3.2310427263046435,8.312111284271172,-3.96503015522671,-5.513461318059494,2.561148853708996,1.4435284784606033,-3.1105397889265163,8.78137037527225,1.4142350368153522,-8.970911745952293,-6.525164832248798,-8.810903859789171,7.085446495446622,-2.2611510623367153,2.3398352510119445,-4.279435004635759,0.9815878178369175,-5.540637107827555,-5.662157805026203,4.636056296749569,0.16840542648912837,-8.630361383788419,-3.8303704300699914,1.2853731928335126,-6.163021210394771,2.664347875431339,0.40856926366611823,-8.312445612977232,-8.93005194073945,7.425551895625638,0.8034295096086765,8.402992068951786,3.567865456704153,4.541215877739598,-8.705975152861335,-2.068202519223825,-6.057584411939086,-0.5396316569330679,-6.709390798250809,-0.22622435699677368,-5.216566073641189,-7.375530219666555,-6.810480286183211,-1.1388268839427127,7.880910904267374,2.71631767931812,0.060700552019500975,-1.2613476740218275,2.992326012561069,8.30700955018553,-1.1113682357794694,-4.5143889971178925,-3.762192657054948,-8.597372126050523,4.017562767700003,-8.298680411860456,-8.758040935914389,2.5032404375982686,9.15064585510628,8.357105905751983,6.893560886149341,-6.913859448790034,-5.774805370045472,-8.99515040299482,-3.235945101822768,-3.7611663906961823,1.2411739408672702,6.473027735424338,9.070723924713509,-1.0434623124524105,4.512685033024717,6.121216944477453,6.642306280584368,4.897663102775935,8.013211577654385,6.892308461592911,6.071690396961518,4.600580015032625,7.71212040720258,-0.8290462326003443,3.102823735572418,0.003561990489899358,1.2386700991408581,-9.957848495402331,0.2179307672561528,-8.98543826816065,5.932389379691649,7.335967109303095,7.087818828546538,3.0323747592519172,2.347353207871933,-3.132144100651029,-7.12818023943292,-4.39737901681079,-1.187190367381131,7.978649154932775,4.721698688882196,1.8342420772707797,-8.715039791615757,5.328128845376865,5.598054683740068,-7.759398616181374,3.3592571548417656,-6.912933709030211,-6.314337314957474,3.4720708495508426,-0.22739259191551398,-5.158258892567331,9.049905100658819,-8.864567329151287,-7.783595374980694,-8.858521399584099,-1.3060052879209891,-8.576585088577124,7.1870480910739545,8.74942825139738,0.41415078827161267,-6.102764101496236,9.05562249763475,2.317275867435086,9.48042481602348,-8.033030793009107,0.4546242216084515,-4.013779639703301,-9.804050408697531,8.667831587044418,-8.870218078984642,-0.10341342920184715,0.183149211533447,-3.4341837663254964,-7.261727780971087,5.726673949539528,5.8309516604059635,9.841340507506604,-8.368091243155433,-8.206861369798782,0.9741371693673866,8.553995540518688,-5.9552951753089856,8.70141502165946,-6.53238428039673,6.08398619654152,-6.097083086541383,6.125404661052745,4.039302716857486,8.979690135522425,-0.8658461285743861,-2.173932109253178,2.9026785422158046,4.647248633075087,7.6474050856902736,6.517207247623492,5.708752079027521,-0.5744238217233395,6.917613762154435,2.7185882647448096,-3.0873986651865444,-0.8851520750244255,7.8048797508023355,-9.645703339250378,-9.135340054076943,0.942349242784319,7.841505426225751,-7.974899380087923,-0.6466593796504192,9.184230366566034,-7.128648996741973,2.4399200155631906,-8.251391377238175,-9.130599728810072,-9.200741952511128,0.7074255810411838,5.826943909479512,1.8387124486909947,4.297429069347295,-8.385754371528165,6.137816145416469,9.515693108324179,-8.331947959463426,1.3244795110671568,-7.0952666970844085,-1.2232367638993953,5.425341307885116,-0.899679281317491,-4.314701908431471,9.140708626823542,4.936858397437307,-3.466330333691399,-4.011065202219584,-2.6374387599242954,9.311780295048425,-5.392960741873313,-6.785910594850666,4.643539121386404,-3.834345000610579,3.7759023291052927,5.723383660565375,-1.3956341207331135,-5.7597153583640015,4.811532104681282,-5.7896581909631735,3.3516384547002094,-3.474228027617632,1.1897643573044725,-9.2318781264429,-0.5800783818616555,4.270455262770911,-3.90681381218116,-8.714464140911097,-9.317377701059545,-4.382033870023186,7.508341766165337,5.798459573809156,-5.440319483090564,0.15236894252925914,2.161748227648763,-3.091523920859367,-0.4773597606071043,-2.9238434065867764,5.94162825498384,-8.682672165367656,-5.669213447681218,2.959205939375815,-5.826248118771189,-8.443525018031302,-5.116256641899279,4.448989395554566,4.573894722879819,7.9464785814676056,0.8391210389059918,4.184337848062313,-9.320064921450085,-8.625160623963248,-8.068930043351813,6.271448820339863,-3.1719263128957964,-3.7581000263239206,7.118674537288705,9.483491358266395,5.271605874343839,5.547529086214137,-1.0774235678422812,5.020289061916731,-3.879744999741539,6.085601156435327,-7.11801633504386,7.721557441299346,1.3394824116496924,-3.9143017557889337,2.477499826722763,5.855478447870116,-0.3076071505689164,-5.742032288402337,7.671130239672163,6.438934651567102,6.5361164595910175,-2.5707541104963827,8.968429062385603,-0.9339717075431757,6.79513138588635,8.253588695337342,3.5392228230568534,-3.1191592089108227,7.021104911031664,-9.762143497802429,-1.7236199119920297,7.730897153207209,-0.4696528751731428,2.996732427455333,-2.9194829030680243,-6.456978268553799,4.714457352871371,5.654859329669259,-0.35373687350288385,-7.2487792823744694,7.644120087148284,-5.374335204379079,6.187807247054668,-4.020581145457809,-6.888041195352985,7.566472855645493,-3.6012894115031973,-9.371464025618799,3.510039345110936,-1.563126402031937,8.552170552697756,5.988978075694661,1.7405823359000188,-0.7005638725245227,3.380602344613255,-9.135580890031466,-0.5086646360712059,6.268784245956294,3.1533215540975146,-8.812490917046528,5.607625180727872,-4.659215568655474,0.2508437266006265,-3.4440827423634612,0.20921548416448665,2.6419922636457365,-5.646028750410467,7.230191236464215,6.518462678414416,-7.816849373298145,-0.8596279399949864,-3.742712246086626,-6.097224303899402,1.4267152984442628,-2.6926182864832526,-9.998778557043853,-5.3517271511867115,-2.779346962027396,0.3901758898038459,0.6594104167645742,-3.836059549551152,-3.9103742427052612,-7.797077264205456,-6.113754080122158,0.3610933800959071,0.06517277630131701,-2.3429037279365117,5.059621879662917,-6.4927650441098095,-5.777474178122306,1.9258817622963793,1.9906781719466426,-2.797278915376169,4.8024185770341195,0.3721801269502212,-1.4987746220022817,-1.4852020888317803,1.5359799849772529,3.9489919939556213,1.2570263235137666,1.2851290659423587,-5.38179701659347,6.31831378586352,6.592620848651109,-4.5115445212938425,4.06005686684688,3.826482620904139,4.257765954689193,3.525124342185844,-4.410408995259216,2.4681724751285294,1.217652991547256,7.589670388908029,-9.006369051046503,-5.555791466072955,8.265988353475674,8.027817534530975,-3.9795196180764254,4.273156333754022,-4.420825449671392,1.2126219790150579,-1.9982255710502717,6.9665049232831,-2.202759579673323,9.573874486180056,8.406964076735186,-8.497511096940567,-1.3413079278740536,-0.35862352713905565,6.36234833573489,-2.46982997121348,1.622898393661254,-9.741333524929212,3.9321885621897543,0.547898310274217,-8.461468764231093,-6.4579333732775135,0.26913035500554017,1.567954126248047,5.553325794443166,6.358562289685075,2.5108913195047027,-7.645126521084404,0.9066577209551259,-3.4897629154205028,-0.6624834904544805,-8.270139201327385,2.1413137071431354,0.6104506458891823,-6.811304370536988,3.7391759180009068,2.3085312504596587,8.450926324616741,-9.314310740251251,6.746619640529602,2.1492409484777024,-4.349743298987585,-2.8478899370232957,4.963097409817337,9.4378690473849,-8.682228407920203,-3.585198578715419,1.1727080160980563,3.1932254590330107,-3.9353381869461153,2.6528731375585615,6.244380806704328,-6.997619376675644,-9.59960495273344,4.639684935940325,-5.521124187056157,3.466279060595168,6.977251607888483,7.802620651198403,9.64630507845827,9.919391282549086,6.064163761077289,-7.250881565359489,-7.691994437054346,-5.035329713280808,-4.994408114513571,0.05503514058897352,-5.321863587973688,-2.6997668047779078,4.17669971212349,9.656687901777122,-8.969787468552271,-3.2812169171780736,7.639464499518553,6.642285318949547,-1.8702454246890277,9.049954401082566,0.001636055926612201,8.709607140336121,-6.915098986602864,-5.662569027715505,-2.1341823295143447,-5.564265215055311,-7.136705251889963,-5.604783165593372,-5.558657627892796,-0.1988782912492617,-8.258958842535655,-3.5521031101636735,-5.41610796656218,1.4601033595508888,-3.992703300194764,-5.784389705563868,8.147655599533401,-5.203719288417505,0.559883158337291,0.33030978889199325,-7.914411057318427,-5.602190131410591,-3.3052262540268966,-8.43354725729196,1.9045442524756417,3.94707278948389,-4.728492504037874,-4.9194527103697006,-0.6507190407886227,-0.22930511583665947,-9.115779760337592,2.7479126468195716,-6.496182789813892,8.938571338087652,-7.727066554069868,-6.657018608872143,-3.6612459440538236,8.216918684161751,3.444960971341173,-3.0488596266378565,5.5742716019664975,2.2728897272101705,-1.2034039344465253,-5.55859470102976,7.9681684035853095,5.876466525720659,-6.490168634178777,-2.728690709705564,9.85164501402523,-0.9097299184167511,5.344363502987237,9.33087110685096,2.1532194407997345,8.20826369552518,-8.365062675653805,4.910730614155501,-7.876857218046805,-1.5829781548674386,0.7120590059382401,-2.441580320903025,5.158837149462737,-4.1580930719478655,1.910004478537612,2.627115329932856,-4.588858915277716,-7.194239145929733,-2.110667719178741,-3.658007763319679,-6.69377809296307,-7.6347613393750695,-7.401822523944128,-4.52802690761046,-9.325064228297599,9.095493997575439,-8.581143470317468,-5.044121026041076,6.644731809657895,-5.961367833320017,2.775835048945183,-8.808146615277954,-3.3921031396725043,2.240215481480451,7.257978880715822,3.1880863226145184,2.15315662679798,-4.164109954249295,3.930387599070368,-4.622890492872893,4.608504689815353,5.097960470057966,-0.4962297982004351,-9.506760097027593,2.8934470765032323,5.520193253132366,0.9477222753206611,6.639702559514774,6.283022808390271,0.35142514418292237,-1.4633413879551878,-0.68929832566619,-0.42047817861492476,7.7531863763029705,-2.254054766610425,2.286788797672912,-6.67379544531522,-0.288250205341118,-2.1946540376106043,-0.012025306763831622,-1.3854883586812061,-9.237127278149973,-2.225659799713096,-4.811047499866681,8.084999203194027,9.196271731340758,3.356277907799729,1.7138382759179311,6.800426105991445,-1.862348612090294,-8.943818030173166,5.535138735846187,-3.131136105765499,6.628242542901916,-6.990271762530977,-5.923972520819651,-4.26553188211029,3.630772492548818,-9.389062631873529,4.57807591028897,3.0810215662254077,1.2964781202364861,3.8541918820916816,1.7202397680020667,5.669941478733193,-1.6218766742737074,0.9345228548596651,-5.193772685604365,4.767805223434321,-9.514546331777876,-7.0745638264772515,4.6221574429959045,-3.857865857483162,1.5568707495984935,-2.975890348271715,0.2662644215562615,1.506107416307529,9.579277144759619,-6.754144115684602,-7.502781747487058,-8.789043150522728,-0.040860123472132415,4.266216088540929,2.487232034521176,6.399275216596582,-9.995455876344966,-0.5343272372316825,9.334123346440116,9.236083862151084,-9.734064669399984,3.007012111106608,-9.813168725409497,6.304715257306071,6.143061218198408,-0.2185997571656788,8.962922856142665,2.239578049027921,6.677172210287601,-1.916930177706515,9.507480861619136,-9.323489672059534,5.8199539259894415,-3.051880477896649,-0.3230939591755231,0.504381052517374,-8.921447948751688,4.370638768596599,7.479985754627052,-8.465417338438302,-2.476061713735205,-6.169048428457337,1.395406949486624,3.0285079202652234,-5.009431914088173,0.2818980642288267,9.294321699816802,6.681819575795906,3.473631056938089,8.992924662948706,3.036960898699528,7.2320534132432215,1.6470770299477717,2.929516499285679,-5.4362038244128215,2.48783923811388,1.4045631103500238,0.6608081695111139,-2.543253129373997,7.717662028527933,3.647578239651372,3.611227601966263,4.929837666019294,0.12954079195419688,-4.4858887991070535,-3.781085850167716,8.36420249642865,-4.150170941452577,-3.4915179273826746,-1.5509970313793016,-7.505433198760139,0.9082267478694455,-3.3048137935556294,-8.20140222166043,-0.1021148729240906,-4.845871297255471,-2.804770905734058,3.1196049455380592,-3.2986387168833264,-0.8314267812684655,4.120786484903389,-7.341811838991267,9.913967919606087,4.681270798324924,-9.25257641284025,2.6577976272155794,7.7253232005474715,2.3982142907043347,-3.0957009032304956,-2.730347705859934,7.37594540770219,-5.4277737358339735,3.4951803802951673,3.5526500950856565,3.3209035264004623,2.41091501296723,-6.503568698838689,4.791923552095106,9.156233082000295,1.394543904557155,-8.676253134861726,1.4606852191699833,-2.233200619741204,-8.171526902651468,-2.469834851555561,-1.0198208474388508,-1.7882735488147272,3.9391697909085295,0.6588365621480676,6.791255211332661,1.2094637442478486,9.020547698628526,-6.73432752398337,-3.7685986354776997,7.653247163024403,-6.090466405220654,-7.569256253352135,5.1905460014918265,-4.837383351381592,0.07980815729408519,2.8988619451004816,-8.818163081014593,-2.747120814195185,7.429722023414222,-5.362802712241248,-1.0001280895992366,6.790255154255938,0.4593905415801238,0.50364546046751,-9.760682359778139,-6.156344647224399,1.080289967109799,9.452265540464388,-1.155809035923042,-1.405317783535864,5.072316935893827,-8.189755428117033,-1.7047447521928625,-7.769861254012589,8.10913676287225,-6.320983586352238,2.3876994517109686,7.6528925218357315,7.352985604135309,-9.31672074897513,-6.38180774182648,-6.716509611401678,-3.582865065537854,4.798603737068534,-5.526718632128905,8.47588327804091,7.501521792779528,-2.3432531430010295,2.6824062057212146,-5.367515917279833,-1.6011295860050527,4.078203215067667,5.266941363357873,6.7817619553667505,7.119895166218207,9.07372980519149,9.907023521712425,-1.319958585566468,-9.602358511050861,0.5914811118281893,1.4263554574621011,4.436168515338652,-2.8938300954769396,2.8754134847452306,-3.3119925778382475,-5.106709097923594,-0.4926957819848976,-7.09302013523907,-3.6360449638516013,-4.7153131653633125,-7.353277146226609,-9.749096794322758,-9.850102161882887,-9.928418086940257,4.7965081266793685,8.33099895178199,-4.424963414215637,-4.438812994432936,2.871582495091836,-9.578968807075812,-3.1112293452777795,-8.843899581304271,-8.883371668417144,-7.876038079924966,9.374089431974358,-9.589483201727074,8.685627118988787,-0.39767284426203275,-1.6943499124184402,4.63663047023042,8.78548323263766,8.734454992060897,-9.323305826388552,-1.8654745331739235,4.790042401151908,2.1771336563249033,-6.193099719599607,9.03954118771945,-9.576859835703095,-4.068286812867634,-8.477633895601684,7.335498293383438,5.060740023601113,8.978988905031098,-9.743815003284881,6.310619826086452,-2.385010856181249,-1.9655867122014232,-0.7314317054519677,-5.030822786656226,-8.183149382815278,2.9803935325650333,-6.117541522351207,8.708363690430264,-3.2443567288676096,-8.353809181285897,3.2133899191217488,-2.579324340428963,9.097622338150874,-4.097172404382321,-8.34733362119572,-1.3046652753373404,-9.2964574828612,-8.102875646849848,4.364358911754261,-8.415974714540491,-7.687834579760056,3.1980656249450217,1.7087692844323286,3.46277160747049,6.856887456284852,-3.1722770266384526,4.879971692967635,-8.55550346761419,0.8910251864280418,-2.7056088075829905,-2.436854401844557,6.976572792081274,-5.167689325307956,8.781805810916254,-1.1900526066880026,2.556972891764053,0.9541881469457394,4.584514485248379,5.406035211253808,7.35039734863318,6.544614015587623,-9.087826844560158,-1.2979161386740046,-8.325920039482442,-1.5789397299867947,-7.478056091852434,-9.494008852615059,4.469125120700944,4.446267031384183,8.202622611252416,9.725432234530786,-7.778694502506185,-0.8437208300776007,8.189743610412496,-9.434796606136866,2.8825095619620775,-6.7498190209267594,-4.5951997507134035,-8.481380490862785,-9.551247438114263,-1.8949634282310015,4.986418334973731,-4.2448164456141875,2.2413915338531076,2.8428976210713977,4.702958868262195,3.4088407475217526,-5.136822860885113,-3.490626204876916,-4.262211355528949,4.3305147405572235,-9.002246970178923,-4.837700211372229,-6.918213601630803,-4.516126911307703,6.832840812525269,-2.0440599273885063,7.486796240407976,-2.110309068807819,-2.98170485400699,8.023914927104798,-2.97172024527403,-9.846505337096183,-0.3781894885337689,3.2861480982663682,5.398039640803008,-1.4972369530973353,6.7060653459594874,3.380858817799046,-0.6238876168458702,0.45237726985696725,3.399757281366176,7.804072571393206,2.808295419118741,9.04231564628476,-5.077411290729352,0.543464595535923,7.369428377142572,-6.22071904585102,4.319099657344687,-0.5818666278584939,-7.09982125026907,3.658473850180359,9.92965982590049,-2.5872489812089334,-9.479501166956526,0.010762207996293682,9.727307796208564,0.6032759885520438,-1.1846366059997067,-8.073344730958754,-0.009820797779367396,-7.964323532769917,4.0699593959927896,-0.20645751204536822,9.83959651030036,1.5639379101207886,0.5755770057714571,-5.60452517344312,1.0879958847839433,9.280963269454862,-7.563125322719557,9.651037633367029,7.673445354282702,5.030347422821597,-3.9757839506890225,0.6175863288097379,-9.770920908711773,-6.379139590238889,-1.7554121294703524,-1.7240481453429002,-7.414864096642901,8.806459746679959,4.872621896968294,-4.3229249252689765,-7.553452363978945,-7.543914246266768,-4.761109586332455,-1.3200018987305544,-9.88677225198976,-0.6431542993717425,-2.3901472129032957,-4.794189056478078,-7.2125294267213285,-3.3312947802356385,6.714232080585141,3.2271615308708608,8.551500694459854,-6.530974513186347,6.331335548117885,6.531632853749645,-8.131431177421808,-6.923230057978101,-0.09036727058747829,1.3161443656849148,5.253492867693122,1.0344033393689536,5.498632323543918,-8.207678740890593,8.732323392706128,2.5043203718433187,-7.475769086397392,-8.421034259569337,-7.826859960036168,5.331751191266241,-2.130546090282346,-1.8991181513516349,-1.5262333483784492,-4.860152353596998,0.13924298893726572,-6.531247474849586,9.87133067182788,6.280510726509849,-5.954827216920171,0.6169879935640985,8.766665063276253,6.965085819695595,-3.9711400581899685,6.976179409703107,-8.356334714891709,0.7830781981845814,3.7876760923330153,-7.062588256568924,4.083647657532834,7.161436008243388,9.265455015225694,8.451413687059187,1.4675231405741478,9.832258809306882,-3.4538966995885367,0.39597957312947685,6.094738976586235,7.800646520024472,-1.0498479692747118,8.06874572329393,-0.4690927797295643,-0.3993215818990681,7.43782560195681,-6.441021479204028,5.495369617859179,5.032951135692832,-8.781107796348591,-5.686596591455699,0.04760683715410252,2.5197555975047337,-1.4745762553332362,-8.960708004325234,2.981779115395325,1.9490727415992044,3.70479155256832,-8.103143574768975,-1.7302367172308841,0.2624579974311114,-8.502573183346984,3.219351792625357,2.7167382452769253,-8.457619957769019,-8.536927309109164,6.577771498157816,-0.7628808505930866,8.294562087146474,-4.981748403356734,-7.334043254982909,5.405016079055509,1.6750818846272093,-6.06203754551117,5.078686025060568,6.114826768470291,-2.8616516231335654,-1.1101705197378582,-6.839062824867909,-5.12139380870093,-7.453416322369266,-0.9839961574991758,0.2735646240654823,7.631599850709673,4.692067154200149,-5.5037491470291915,-3.50558625003214,-1.2324477685552147,0.6955228164809348,-6.204453900431965,1.7202397994494927,-0.0952570132526418,4.247446473112692,-1.258727717147707,9.370210651080875,-9.18314547800624,0.12963062430010908,6.815243166374636,-9.565377551178626,7.940184608165012,-7.886403209400155,-0.8219642485343606,4.655142548332101,-1.9381540134082815,1.2577829018797004,3.223673576195324,-4.481928051892061,0.2070403200057136,-3.6148660396527905,3.249400127715589,5.66915515680715,8.208667465140767,-4.535693061726653,-8.793331875416094,-5.297323742812832,-1.9467636478284511,0.5862283940687725,-7.405815801373407,4.968422163783773,-8.317685869464757,-5.776856581551573,-0.7308254728953774,-0.07569874069490545,0.5811611614639212,0.8527214562149403,7.09347315293175,7.875472963595019,9.8402422194679,-4.915970184453609,-4.22872043061131,-0.9481574209758126,4.37867701508479,-5.746858657237022,-9.038420437998713,-6.646350933255707,7.8536834852618185,-3.4059772668696464,9.631371422695203,-8.284885367291874,2.1219910866860925,1.0764219895669633,8.082959976582515,3.6674563667375466,-7.732553858674606,-4.963019140562186,-0.838147546960295,8.866412439334376,-4.652660883921483,8.435722386507695,-9.041763967364147,-8.632964594467234,6.1872987521449865,5.8309536702018665,-7.976008674385728,5.514947404273352,-8.870484670246451,9.584673100931294,4.283339661202749,-2.05065639221716,1.5840614857624669,1.8474916229365697,-7.983846081658945,-8.941160708096533,4.886036154109313,-5.210096805858302,9.485977844491721,4.784545320288615,-3.4204029043135904,-6.392196926133731,-6.513690745083696,-6.2444434518492065,2.846209514015136,9.504867846711647,-9.009569562282529,-9.65213067113076,-5.3121457177888765,-4.946299985034155,8.628333969587707,-5.56405675112001,-7.423169191783947,6.6666680729736,5.1406974780384225,6.584523741447946,-7.642318770563619,5.841117746105136,-2.2973868551204983,-8.558919669085867,5.766041605904528,-1.2482526035403296,-7.236907531265528,-2.3608806305518577,8.733454711088118,-4.020722471928084,4.811204241323244,5.941938283672316,-2.097068576612946,-4.168936155356231,6.935587263938469,-8.700562868887243,8.346324763355266,-6.257221347157287,-1.4344808695984739,4.888000606078204,8.632515214152015,1.4131218800150798,-2.031518657012363,6.650758821376307,-1.993350396287175,7.768108412520309,-7.903843682889049,-8.384567644439008,2.6043344373335824,-0.3232014735712614,-1.6385820100200572,-0.8117348771913093,-2.567272632262105,-5.815725300522486,-2.1276926139655528,-4.289311843611356,3.795357552376011,-4.010873702030706,5.449498964228942,7.110320903668725,-2.6798631576267677,9.267101485228327,-9.142215233906994,-0.501428655110205,7.871019863609135,-4.710165319723414,5.137127403315896,-1.6250064532873196,-7.22915906464654,1.4567111747608799,5.993514932085944,8.529368914183436,3.932575096931764,-5.581984108741884,9.636197149179328,4.595767408116458,-1.222525802766615,-3.5836998850270447,9.021046300588136,-3.096272749748195,-0.6337284860820063,5.991921624889001,-7.777350014762529,5.154939315677446,-9.27789213204866,-0.23311167156964885,-0.3525770457063899,2.0755328525741934,4.199603583317554,-3.9331712771370464,4.949982808782565,-2.0979289336622493,-0.678323105787813,6.632366811209945,0.5847030465044245,-5.504154195095932,-9.222751114359449,-4.7577613381558415,-3.110071440491076,-4.002652398558746,-6.5439484834911,-8.610397355855328,2.1728417552709267,-5.222444130099328,1.927992993292456,0.7458943579012178,3.9619284226841582,7.118299231395561,1.619563758450992,3.1653750574571387,6.29266330427529,-5.773812054809175,-8.077838219238647,-2.242837245639995,6.254439133773321,3.7833130554854186,-2.0821408264845225,0.338583107300348,-7.421031875146933,0.712395272751289,-2.0370315718782095,-9.077354291776365,-1.6830455791795078,-6.737371263142078,9.155544807370926,-3.9066530575688185,-6.025950810080225,-2.8977654572902196,-1.7770687566911025,-4.70824631054154,5.378866241381786,6.30976819526451,8.065014861823716,4.848174037620803,-2.387732824688409,3.697790460845411,-3.5186964835938284,-3.3896190853548607,3.025992019252673,6.303713128123654,-5.843884744424612,4.503417011801998,5.943308328337951,-6.32346910513693,-3.9797816529180547,3.295012104812166,-8.43816276214149,6.607306783794556,5.270861198461629,-1.096023007034164,-0.9898509757399498,-6.024131358447655,9.580952387888345,-0.2617090788639054,-7.449869590886116,-9.3156108181072,-7.040746065809438,-4.1626781149273295,-8.996355182459848,3.124101645118401,-0.20609066051325087,7.595228695426766,-1.796599277378867,-2.534893516484969,-3.1647567370416496,3.653208696053106,-1.3459265403102805,2.573988492284787,9.062442433100909,5.456380836362873,7.58806504720453,-4.107738362171931,5.978357019523203,1.2824202386501113,-9.885628840358756,4.557473550977676,2.640423969097416,6.3082130819119016,-4.952714800007925,-8.59099919918668,9.89335389082235,3.8474868212146323,-7.6262255787569355,6.649142627839936,-9.458313805647077,9.133233439408336,8.00722335515491,4.147573431843073,-4.3486677234427145,3.6491118714473423,-3.04560456418945,9.416473102456791,9.574794248917936,-9.61918935860642,3.2878085582971135,3.06864349255461,-8.07499516162111,6.802485610377168,-3.1674439384507647,7.6451508512901185,-3.87927899135388,-2.8267539547312115,7.619143888673811,-5.964383398837638,7.826468247995308,-5.3095579312184515,4.2525976515998885,8.634801877996878,-4.326832920640607,-7.353924721467724,-0.5752975700162715,-6.0441756893137955,4.639600905200506,3.1349498345043507,-9.971839111433095,3.173517582271943,3.014360063425702,5.897736925363946,-2.6049116914628563,0.7096346810943377,-9.080798229574418,6.300728152282677,4.9240699328022135,4.026990397171774,8.505034129700977,4.100695870263634,6.9943118830322994,-3.0185592468079703,8.993916480744701,-0.7186624994806969,0.5833514575155245,0.9131403863922838,3.864532668050856,5.800377622668746,0.9545717429395157,8.641912812725796,-1.040432615535778,6.252983582142559,-9.836737933196284,-3.5625903820151787,6.970383694422033,-8.73928118400313,2.9806111378606452,8.949119385312095,-5.918042067395877,-0.12308995920890631,-4.029462401816475,-9.173423111747516,-5.866794957811969,6.188558801595587,-2.6961251441914014,-1.8921885648831172,5.6206636452180625,3.670235206373283,5.7503789425493945,9.64340914793442,-9.87458919022452,5.133814759292676,-1.5660456503943223,-9.146209430353519,3.7254057763789064,9.335051287241399,0.1763612225019724,-5.437445137323911,-7.557983231126597,-1.3107448000715198,2.0188479082357684,-0.8417723798739623,9.782396991286891,-7.512848894195159,-8.648816901582883,-6.8738489473738795,-4.503685414195466,6.881358338063009,-7.019814247043589,7.672308094255747,9.9343943686278,6.547780109745251,5.870965290163884,0.006573190709371346,-0.1833559017361459,-4.579465024167744,-9.38323802738097,-2.1919937021221063,-4.3726053631542605,2.8641780418647436,-9.66729146439889,-4.555873732410635,-4.190516844976299,-5.9483473688016275,-3.4782861551345263,6.245202986331634,-7.109150801334345,0.5733588505697362,-5.569415391229255,-3.269061576246555,9.087405571160389,1.9527565347665536,4.458787841077189,-4.306990762863789,5.666247335055495,-0.011732010972684392,-1.0246847629602307,0.6221143466493722,4.917939387570264,-9.390535881956792,-2.429837918974309,-8.593215539869735,1.7278950634159056,-5.474579443174301,-5.571180821416566,-9.670462017729797,2.529079877288261,7.346533282926231,2.084673577543324,-2.85908204687283,-2.602948285501549,4.898226083463042,-1.0094761791063807,-2.090121253323149,0.3188715968048683,9.629404784996616,-9.525256523245977,2.246317241453184,-2.5748143835894055,5.206464355243641,7.07748216172995,-3.534048185186429,4.018083631878749,8.667045441899333,0.9011706031719662,8.218004606008662,-9.001349024068508,-2.7334238307435132,-0.07738807409747572,-6.163540437032557,2.89890866525667,-5.846136207166886,-7.6966865814060075,7.253816425969305,-5.823427392880842,1.7568480308835142,3.9721605395324318,-3.6312554630186096,1.1138342595828128,-5.715583011512997,-2.6174547909349126,7.7868737774010235,-6.611148597249342,-3.4179207393406674,4.703495643478179,7.337803774214603,3.145091371285547,7.90074664691182,3.4606645337021096,5.178779653778081,8.378534722012997,3.5435110562417105,4.028559377782807,-0.74511361631642,-6.770526581631611,1.4601396646197333,5.277171314193289,-1.8398295309083323,-4.4097982598547,-1.5026192898227624,8.529153191255315,2.385004162363856,-9.112388545955172,-8.128053260148285,-0.10368990391608435,-6.792178253704089,-9.56648542121468,-0.3027709618318042,-5.903489627084704,3.735551752303646,-2.9172100598118416,2.2793235397000053,9.983079885502669,8.266023904390575,-2.348223023497038,-0.4838494021001587,-0.9575716298224695,6.003321529342951,-9.378208722963883,-9.212623294505594,-7.066174179574478,5.671890330582045,4.628059182287217,-7.577624464956849,-8.005562551875773,1.8196734078311056,2.687615139489189,-1.3061887077116712,8.997299734200961,-0.23163612855184468,-8.210883253617332,-0.01578823924886663,9.974339874824395,-6.290402283570973,9.158069042860145,-6.869701944124602,9.276136472518697,7.081429475461242,-1.8537850168413161,8.934886929770947,-1.4827823143899561,0.19040164453846664,5.632841858952933,-4.539522654492647,7.696914568944226,9.029833876551542,0.6175530125300543,7.40424299439448,-8.254200708312272,5.5833356747146965,-2.2941769319891225,5.634020292932579,1.0863452094469839,8.660843401432963,6.192817686286393,0.4071719518814909,3.4205794056882013,-1.4002908686193845,8.129124648055306,4.011705514136425,4.853348701090109,6.603475795388306,8.236551766384896,5.816237965514928,-1.2451013060437148,4.846977144600796,-6.134287018951261,-2.39025543784972,5.677718404200419,-0.5102017959828871,6.671669176835124,-7.378639286400315,8.052182523442632,1.4001148171546678,-9.663721653709139,-1.1976076971985847,2.0173801584594813,-8.721731162327487,-9.988692560709973,3.6073811996188,-6.899099219778142,-2.0543474125249928,8.921539121156542,-6.641171768236798,0.6899948557040005,-3.6264003396933964,-6.298052791764233,-9.512633079198594,2.0720964867964327,8.618824238400158,3.817193308617144,-1.5387649316126826,-7.192782716727053,0.8321256792508294,5.0929595765252955,2.6160764848866265,-1.9293945229649623,-8.579247944896217,1.642224112613718,-4.398844521585705,-9.18956791739703,4.847144425006672,9.768141519395893,3.006629477135352,8.657556112060803,4.370509586245078,8.224950388273697,0.501440779334434,3.1366131960444896,1.8723985208316947,6.19842454303679,8.75404324054584,9.68965050059024,8.89934386314009,-0.28802619692967646,-6.88653409002648,7.416814672941786,-8.552392828508449,-6.935803176923734,3.4540584090344435,6.316589631957324,-3.643525685618889,8.66332926559111,-9.287089919530727,-8.540238671045923,5.739128905550505,0.982733916865083,4.856493345960061,-8.199501551033814,7.524128130222159,-0.7813531298703857,7.589948418061951,1.0776648264801558,-3.7449477390376007,-2.525582595195404,9.067965765574368,-4.889516972799304,1.388844776760095,-9.632248219416542,3.071821216553783,5.63250238481659,2.5072739329284026,5.539178412051172,-1.9614065228602424,-4.587825424220922,-8.144612608417916,8.401469890116541,8.457665998801676,-5.068762100433199,1.5397003188336988,-1.4819237822859588,5.17801194376033,6.280284953477249,0.42557437728752134,6.983060407857728,5.700510338630547,2.424318406980653,7.784291966556655,5.527985020047614,-1.9815943970683136,0.6188660413138418,-0.4211277784120284,-1.3269247274329903,-1.979542675290837,3.0698093314384955,-2.48566146057896,5.068613407048254,2.2859727669588725,-5.4609942348156455,8.598392942520075,-5.786096699314697,6.531797441693644,-8.395191102519629,8.131664957976021,-4.6671066377630455,-6.768843807147064,-4.099718690708432,-9.152300437993786,0.08350467761280456,2.863043046223261,0.2202663923017507,4.355479416702835,-3.1767841688251863,-8.609187768220039,-3.24608890444863,-3.0665108891259063,2.309214372514319,-8.942322659346662,9.040023964828364,-6.002838168562777,-3.4035598588059806,7.46541787212206,6.787372174148921,4.2717918844323925,-3.1564574412392066,-4.297404256208366,6.949495951143721,9.104958933454299,-5.808558304168061,9.197330443340526,6.699589712612756,5.941207328120289,-8.166637892198672,7.066146263240785,7.088487363600041,7.263425402726121,2.5467054509834863,7.7190238603897825,-7.316967541112634,6.900743283239009,-6.0931923318620544,-6.79405586286657,-5.3817371047476055,1.5587351631985236,7.4639721280505995,8.561475467661705,-2.4918815355551738,1.4755588547148761,3.2099643331809897,-8.568570470596928,7.39039469676424,2.2957876103715726,8.663116531589939,6.6825822066604985,-5.008637009112409,9.554302261368967,-0.4524148798099539,-8.147562893658007,0.6723491805754893,8.962797789657294,1.1737967519581094,-7.716156259363467,8.053844691572351,5.021420755511377,5.71282300481284,-5.0274143512749125,7.258944716650298,2.0326920455006707,7.906310825961199,-0.27503135339507523,9.812803760516175,7.886634823429564,2.6881798021388015,-3.904565290670541,-3.9066407755607386,-9.866450770505391,8.697547348219373,-3.231394783117074,7.265617807953845,1.2275627057741438,-9.151996528383595,4.928081970513645,-8.84725602413793,4.879726500250106,-8.471112329579826,-4.800640741125752,-9.39536766801041,2.042094933582831,-2.342317643245451,6.28162099355059,-9.58405876328361,-6.773285157702578,1.0090291203851294,-8.354616132274323,2.854381093523319,7.46915318172768,8.107511145252758,-2.5964624545120607,-8.829196708277756,-3.0853068100636865,-0.22825830017351656,-9.613252707543472,1.9483515564641678,4.991514517051058,1.9279236366666268,-9.418894543208243,8.095080258193718,3.927425246318288,-7.242306043004922,0.1105762427883441,-4.16483019698187,-2.423952689615156,0.8551853059852235,-4.478104666304064,-7.799454611438943,8.749915470004158,-3.157190938354722,-5.3793908567998905,8.260698423859427,0.8482536364266942,3.2005937141438334,-9.079696083536184,8.548572979072592,-3.6670941913045603,-1.6660954559318526,-4.252145029261318,-7.674184522388576,-1.3932640162134131,1.4192813770555794,-2.0103354119170724,9.80117445033165,-5.881964445167867,0.4355621125390847,-6.427895180903391,3.023842266040104,8.546613543853688,7.813283557111362,5.159013074830682,6.311618054238842,-6.355199850661066,-9.4045265081313,8.1874877982501,-8.734742444051196,-4.31971261962079,7.937983334724432,3.0656056865085706,-2.0680966744300155,5.676674770523512,-2.402263870538375,8.030072239121896,-4.755103977343385,-8.867711111525598,6.493285826698422,-5.472259501718934,5.065748526945942,-2.2571223589691076,-2.0222367697723946,-9.713073694081206,2.9326030803173193,7.676918267581186,8.456700379626284,-9.405514600826487,-0.11918846300293318,-8.773353055653859,-6.932044982372563,-1.4686794338007196,-8.797278794887971,6.519896435568665,2.4983037879986387,3.004228730911521,7.339898137526323,-2.495383597055218,-0.8265044234314409,-0.10217823677244553,4.626126269324233,-8.406572291982283,4.39285077697517,-5.393653199475912,3.648502396230411,4.153106664980573,8.925108467789226,9.125383786726243,9.214053920493768,-5.266517939631945,-8.114006905741844,-4.988256770058641,-1.9526168784448021,9.384607406258446,9.308142425865082,4.245275982121095,-8.678487109328067,2.3543429342156266,-2.636563479072123,1.0202671580420013,-0.6809217800355114,2.113959634607866,3.2296420635627854,-8.819793727584777,2.3226972890284703,5.560987253851568,3.2647186976629925,-2.9896678213549137,2.2123990784599528,-1.200790209052478,-8.487398768390522,9.049977345959704,-8.529623571605345,-7.689043053749565,-4.999652954945651,4.303907390234222,8.92715428374352,-9.987332795277128,-3.0991672957092353,2.136923796172379,-4.190504154151102,-4.295647088142993,0.326865049695682,-4.69298040603098,-8.936265242059749,-5.024214878724472,2.1386910938429864,-1.392468354484361,-9.494625408993102,2.293142003786892,-3.381128546517356,-6.028355022977654,3.7058691670256785,-0.31443836935905267,-7.513204965770859,-8.657622228207407,-6.925984224003196,0.6410047978738813,-8.371479222958412,-1.4607343721308101,0.43983248525907115,-8.730778352597344,7.674076895311018,5.849258443468155,3.291252322399174,8.830413917817769,-5.2617033404442815,-6.099029653021628,5.161037582366053,8.505158341276339,6.943369139389937,-1.2151296676303822,-7.004013414614942,-9.030582017467864,5.597211099516068,-1.4894624783532677,-3.5326112794416247,-2.0025617464866468,6.337062994721833,-5.356723191687934,9.51247621405269,9.226391474582393,4.274995932977488,-0.6118248178602208,5.467715725156761,-7.0749788677825975,-4.328471181807072,1.1677262997340705,8.055337976259626,-1.7137260267274534,-0.176341117086265,-0.7340300766971879,-3.5533378132338296,3.04499178946347,7.903849062952347,-3.2028730659126374,-1.5995898969195306,-0.3802811387556808,-9.137060326488957,1.4595689530955802,3.794379857678061,-2.056486774844344,7.368463370515354,-6.102697424476576,7.212066427738012,9.570000101119117,-9.868560450411668,-8.07987181667529,-8.869570221882357,-5.682157771586544,-9.107497107554554,8.832191145584346,-0.8865860814192033,-0.3101722188797833,-3.406995882956374,9.946752591057507,8.961039995925852,-2.9480539188241517,0.7695573680389263,0.09024915569927217,-1.634674884158951,2.3754961795913037,3.935352928133165,-8.490197522106055,9.365349010408373,-6.995966980515198,-9.783726587141771,9.330024342397671,-7.251219017218624,0.7254167124394613,-9.346084797721183,2.4365942616183904,3.0612055419813053,9.742892157714468,2.9982091785771807,8.573057467976298,-7.917813871284542,-7.822790437147178,-2.472665344981988,1.3571439851768403,-4.934610338983763,-4.228287602407031,1.8062159651380938,1.2411932290945078,-3.2261286681147228,-2.3400110721746508,-9.29703407831079,0.7409228035358044,5.214098630202539,8.875059958679778,0.7330981726310437,-1.2079560702206837,0.08427496984882588,-0.09188225031443764,-7.0229221199779746,9.593106204782998,4.073243428688366,-1.5245984538474584,8.437485488335195,0.7926068447999874,6.041816919763093,1.4040038324908561,0.6709046313603633,-9.518986468667558,-7.736282167299871,-3.4733287387630574,-7.635637963255128,-8.062248278208362,-4.700107266682291,-3.3898499527737087,2.528877273287282,-7.693077236862173,0.19704378467016959,4.454408185052191,-8.465148090206307,-8.420291022669657,-3.8950134379261714,2.8104293026314195,-4.993464464989352,-7.563808141765955,-1.6348487562210678,9.844973006253028,-6.160839153987534,9.366552403811017,-1.0422981144027492,6.667924739171323,-8.900845347168456,5.218506723110643,-0.18721193163287353,-7.685035690687025,3.9486477854961386,0.9439092553138213,-7.586910989512845,5.430451958164447,-2.149307298364567,0.11645747696879027,2.6643736639538638,-3.314823861108427,5.510681819830445,-8.020771288592233,2.3376645671878507,-9.460553080925752,-4.077287821197107,8.790241540556242,1.9627826475617063,2.822597303062622,-5.432010309814499,2.5142602199101383,2.178421221892126,-6.583710473587185,-7.989269203606099,5.592013649929282,-4.967890942902759,1.9327982763245917,1.1001177292083675,-8.508918038003044,4.223454869831553,1.9187881367496313,-9.114383742738488,-5.3618677694949195,6.718321648936513,5.38209381969569,-1.8923121361378463,1.075250941681464,-9.438984588902951,-6.345861491381841,-5.209066908168993,6.554841632317181,-5.569596038062583,-5.05007658931113,8.498795889894883,2.7409124048848827,-6.258590627962257,2.316809611780098,-9.935273955580309,-3.0525733050534214,-1.8085276857416925,-1.4702630040522653,-0.9230785602446865,-6.280619846331799,-6.217454489911541,-8.467982776146902,-4.440599718968146,-5.68209262888185,-0.8665499382590554,-7.625087842226703,-4.247642939993856,-6.234878343451118,1.0041284028625306,-5.349501493349966,-8.32137203960993,-6.250383084998439,2.3723485068857624,-2.4989750052271864,0.9432710161551672,3.856552105515039,-8.728023258349262,8.451833949667215,-3.5314917543556508,3.695170350470594,1.0156643293298888,-3.186765815479564,-7.817406262357746,6.666234449236377,6.447554363908839,-8.15787169083073,2.0725252710256257,-6.305797633022556,-0.5618470828443485,-7.528650183907166,2.064417749245667,5.555180362177747,-0.45555221607801677,-1.06239400998078,2.710537639290102,3.857187401519379,-4.427870070504829,1.4519344631379276,-7.2634760644175245,-0.06301385591610398,-3.6599076191393927,-6.573381426965059,8.739842675820682,1.962292834499939,4.583022654645363,-5.067841202426058,-4.663892924831439,-6.017683151162842,-5.93625393182011,-4.097695998563314,7.02001133638662,4.93895882322818,4.691407042171722,9.819678375487452,-7.093117679054462,-1.0659491288654461,3.820753359885,7.828626446024845,-0.6878562441983345,-0.8767344658080951,5.223174820551357,-1.5202123822675713,-5.467783337720327,5.808460887129687,-4.089223822726158,-2.5595507689421844,-1.3314239902598874,-8.56320440439495,-1.254623730917146,2.88761281664906,-2.157990146788209,-1.3683770703542226,-8.493171476305664,6.871364095214034,-8.006513394575528,-4.9376595452170235,5.306479207925037,4.658934608278225,-1.9131341866397662,-0.1753435497296678,-6.872613581257905,5.029802006211163,7.521085358904585,8.550189194919941,3.8909101845998286,-8.694520991835649,8.828940692751566,-2.0553906148794177,3.1499397627598587,6.851617512842793,5.225355878066402,-1.9402422613977865,-0.6266079251621388,9.073087394290035,0.5185742754316713,5.526350364809884,-6.2344757700744635,-2.8224523337446517,-1.608774917009967,-0.24932430480133938,-4.631452451609537,-3.497769813534335,-7.904707747565678,1.9710699533350287,-8.134115986231107,5.1052488211330385,0.31809811933276855,-6.835986163665348,-5.992161505353765,-3.2446988485470847,3.9696697920030193,-3.6057996560476147,-0.327613908255703,1.8816047798911466,5.666402997537194,-5.441813664508426,-1.675566471530356,-7.754095421886826,6.638660438179297,-5.46767351012885,-7.81222509121787,4.874663344112388,7.112043141982429,-6.26646983862053,8.750757810591892,-6.358115760620853,5.09562214019736,7.9879130418528845,6.940850482347869,-0.5080486464879481,-2.766725964687568,-1.4664644353520995,-6.220424203668385,-1.2379135865741944,-1.2969212035334436,-0.9434254191744973,-5.292326461690598,-3.2040284743910625,1.922487544385623,-3.9711254933795352,-2.7035719409996624,2.3208615979657274,4.7825493970656865,8.520251167253445,3.5096135920089804,8.154304487577392,-4.169289182440483,-2.1689146711426606,-3.400704929458403,5.975440099848139,-3.0656570001612637,0.7822174985847568,-7.966516649688542,4.549687996433796,-2.8751831354704454,7.12182868899724,-5.803755216392387,-3.3489287468861306,-4.687414424199083,-4.794597387364405,-7.77269378079091,-3.1946461469565364,-0.6488077833560606,-7.527827434398575,-1.103701394539538,3.519010336675157,-5.068954068473741,-2.542545978675477,6.16997574808558,-8.10439656113225,2.5585027982861703,-1.160856944589998,-4.23709821251043,-1.466556493012055,9.360644195278876,-8.019467397759785,-0.41668927280200485,5.549086725566898,2.2109876203559526,-3.29480098502893,8.03663838794817,-3.0251816180363944,-5.0726939484129385,-8.379022197043165,-6.513441367031754,-1.0763039802325167,-2.8671909004433127,7.2247109024423075,-2.991743476654378,0.10205230399820309,-3.638551979089768,1.7329251435515403,-6.437966942096547,-7.658166699532314,-5.0141094117859675,5.222572624364894,6.610867556720667,-1.3407878332364103,2.7292673659272992,9.094525782445846,-5.5155712364872,-3.875925065241561,9.02583784748144,-3.0534012879383194,-8.726227249700262,-1.9884899172129487,-1.9997852056792471,9.134391723620908,-8.816230174231773,-7.462606034192971,8.82572663819008,0.5590910721651738,-3.8391549707035777,-6.6354959059232215,-4.838270068006658,9.99897131788569,5.5687351740810875,3.5854300429702626,8.549885623714175,4.853995610755245,2.2615634295755456,8.121549559244684,-7.723919062799574,5.3131068652922835,2.296959998127633,4.271802187622191,-4.441045864605419,-1.3242513227675126,1.9816692621020486,-2.439767238237806,7.979494943078805,6.584230104891912,6.912416680676529,-4.894112314430837,4.835549568846407,-1.9011903834350292,6.092440789626526,-8.182170046752912,-4.828705670088085,8.267438570360177,-0.001981869219832788,-4.290172625870783,8.412551074105192,8.47543068552159,-0.9402586579842698,-4.7179399989254005,-5.078725067113849,7.511480401023004,7.422373621998393,-3.4455004760700803,-6.506940756925152,1.2752821301084722,-8.944411119460538,-9.331486032257626,-6.546967605631915,4.027749084787436,-1.6014604229707547,-7.992532637131903,-8.432577262943123,-8.149300213986667,-5.470188806815843,8.799725093289545,7.889324735000088,-9.132552708685486,9.887715894666751,1.2143307692615064,2.991785610078878,-6.220183078491761,-4.12650313079345,3.690923424668341,-0.8650917317423694,9.638473818607487,-8.448113248910778,1.2721482761364005,-5.042030116799774,-1.6348167669968543,3.1258198043655465,-1.7546058222824517,2.6637410426331236,9.065004266325932,-5.705078894320968,-1.1216896048430396,0.23965402522073376,-2.2121973335069693,3.9326920770722733,-7.747318620280148,-8.746694529109906,-8.234929912127697,7.91531253698243,-0.7563606195942469,-4.325024304361085,-9.072196232320874,-6.974819266025422,-3.0026129405265367,-1.7894513966069088,-2.1045575399513012,5.918593138414108,7.307878313451088,-7.0577360633595525,6.289832743464345,-5.207824722616731,7.35579555087655,-2.522301839422676,-9.088542541744417,9.0818175908657,-7.527249269805685,1.2127484472294654,5.339496147502343,5.747960294706909,2.7025858920568897,1.7717932249686275,-3.763341198237735,7.310384180067331,5.3635085738740695,0.08346661649462916,4.372966254440495,8.792407237533048,5.112654224313713,-3.8974822831532556,-9.534190157059548,5.164783742984175,-4.481683576943021,4.447825701910617,7.20195515329906,7.005517313293456,7.829622460408821,6.4554134989097705,-2.9912375211021214,4.906932896919301,9.283912208249433,8.23011986798895,8.538427149376112,0.11546936564056054,8.66996734583525,4.432005586160894,1.4850853270943318,-1.1323726186604173,-6.495248474027031,8.279587618927508,-1.3514832956776388,0.8717696847084451,-1.5522631721122853,7.606047258554639,4.121741675671309,4.601591982457499,2.666607938756565,-2.508455751010139,1.4545911227570691,5.3564044657328775,-4.532301511208187,-3.840139087692103,4.066726572785262,-5.8771072864142,-4.141173617195375,-3.7471983847152917,-5.987272359548013,4.489703415217601,5.200427483510527,3.9628238039319186,5.917667139390279,-3.9598770793273292,7.3278267152982615,-5.7078594744703075,-0.8419624906615741,3.0685629497873492,-9.456402745587356,5.073251514321161,-2.6564725873021233,9.324503619326233,-9.97530198177664,3.056557128687709,-9.123779904836557,-7.58745881697465,-4.449816547287597,-1.5150795772745305,-2.538500755304818,2.241782722146887,-6.529924751295795,3.2290557446952146,-6.201705148571264,-1.1631771089140859,-8.96074262865405,1.9410778548288317,-8.01873085870509,6.818850829716332,-4.292580406378173,-7.289945571649898,-2.832753494051543,-5.346303441448281,-1.4762519214021594,6.880609046733724,7.163463920478758,3.018705144591623,-7.4117154153747,6.939430305580135,9.98061958484956,3.6704099363818052,5.691994348710882,-0.47813496731325245,-0.45502851878564243,7.621740137099984,5.103920074493342,1.1588079225407544,3.481707268253002,8.413754927343248,6.817247643023823,-4.9620535791081455,-5.455608225417827,1.2887252580885633,-4.097294790864254,-9.37650119519297,-8.451863032234026,-4.851257482887612,2.05311950794529,-8.527385603898948,-7.638248007086947,2.147927691652111,4.155202799720154,-8.70366000778845,-4.235609969120007,5.981882767900315,0.6419508918272072,-7.386659170878362,-0.9185274249203506,4.790786920902315,5.98582713670314,1.9725683035350077,5.240796949029541,-8.69844858680387,-8.41562775572471,-6.504941260982999,-1.6258320488501283,1.0052247133032726,-4.470618373160256,9.854737448324215,3.329712317709131,-4.557528204426447,3.235126940730007,-4.270070102066974,-6.393674111234997,-8.94606639485939,-6.75514704406525,-6.483214297631084,7.194267660332891,-9.543946937291635,-7.575088531972818,-9.00275067016828,4.396075464416329,0.9164004552250269,0.3044524941532263,6.600207134043554,-6.241943878885383,8.626823782940885,-9.328675536844816,-1.7507937396255873,-9.66303014116117,5.258192595471909,6.923301088659951,9.795447888307539,6.196624413721491,-7.959775003146296,8.165251420741352,5.151780489051509,7.544975738657527,1.2692625503428872,3.9664929294116575,-8.459458129342645,4.105149714502758,8.497664201271139,2.3668308691680586,-6.137861912917957,6.299406662052025,8.44471873692936,0.5148890582454833,3.4189565358562426,-0.6876856398277216,8.99308390684999,1.1374420852529195,5.497945995277467,-6.90081999102749,-2.8350367516965314,8.183500779457741,-8.719669039776745,-2.322062709214343,-2.2594969846950663,-3.35204701355698,-9.279408400701417,-8.9461264092884,-5.377353439861636,9.101358269024317,9.145166599194297,-7.61187675574001,3.79347254129771,-6.798100735967479,-5.339312693515299,-7.075690725087207,-0.5751967648223726,7.382357023645973,-3.8074957438638606,-3.763258191798875,-0.5479942864684837,8.407614133148329,-7.38275425503333,8.491895216678781,6.036051677614182,-5.160165202059861,-8.541688108742614,-3.8187312042390804,0.22328665640747047,-3.1681701101572006,8.027222869773404,4.6439877463098505,-6.674554591197783,4.0657941513594125,5.094212691911801,-3.3557924549066476,-4.985969018989673,-4.900769306655517,-9.083820275803117,-4.032495787435999,-6.2698258543097785,6.861838889188096,5.283638432806534,5.645757693871916,-8.460095280362905,-6.778241126238822,1.0528623412870566,5.616037744358401,-9.12281879830092,-3.8408157168585344,2.673490974417838,1.9080891764310657,-0.25877540852741454,-3.8660174398146925,9.34878803342476,-0.2963913827039111,-6.535715635617983,5.61122760926812,2.220876085077407,7.042276436890528,7.517848783217342,-7.598415408918626,5.879167929436566,7.776418621321337,3.547148210589981,-7.342849366959879,4.009919244611979,5.400175063701308,-4.308206184677652,-0.7231313155483328,-0.8315949885726592,0.8125434745311608,1.7138745390340304,2.394328159288907,-9.15190683512307,-9.255275692405675,-0.24623612603027034,-4.999965738858836,5.290984163418823,-9.778643708121898,-5.572036897190622,-3.290212519397082,7.581701242886034,7.96521323154505,-0.9813318075793109,-8.055072248112038,4.185882968313052,8.209669231781383,1.3377880007819325,-8.41898064359577,-7.802848435227889,-0.23608665019925112,-7.979748409183543,-9.83308795311281,8.083775140749854,7.6479587596494945,1.4045132869265338,-8.923112376017748,3.5610657239733143,-8.81489076208199,-8.573521648633012,-7.477191428820788,-5.153573186159099,5.2185176093283765,-7.957500578354109,3.381223543828856,-7.976298690072536,-9.004387565189907,-7.11586599157827,6.689473872953112,8.520610219262839,-0.914108023227719,-2.1933681665801608,3.3343414482521183,5.559186704990163,7.100773761223099,-2.0148722637729506,5.762877109235978,-5.934827625109367,9.840038385249496,4.1426818849363904,-3.897979724332979,-2.992078618154828,7.813382486738767,3.264104119665088,-6.7860154870046845,-5.181161462376167,-1.1847433673103076,-8.812007214084614,-4.680926158447464,8.709865699850198,2.8762549955921948,-5.678820955928348,8.14248048555152,7.47483100784207,-3.110411126026089,-1.0635398898384185,-9.478357392483526,-1.7701699218848752,4.817517851120602,-0.8132919294786944,0.9905626030451948,-9.14316831081788,8.824695729059137,-2.321955917352909,2.3159834443317813,8.08691190826799,2.8689223016778005,-2.4817685732651835,2.52035632866132,-7.837957872970871,-0.40205795547097267,2.2002836439755598,-7.1590018346262525,-1.1032918049485936,3.8342498427186484,3.6006434593974035,-3.9820930425302663,1.3989418550023274,9.722998170362661,5.012299106478636,-0.7632697279526734,-5.184809718075445,-5.335175834505856,4.674652369520482,3.528979717373062,5.32717820014703,-3.4563382006138443,1.8676071010113873,9.660275035339708,-3.1637823088303403,1.9248472374744203,-9.72505683073491,-2.4986297996773548,-0.517455257839659,1.4992604917311034,-6.529679100809174,-0.7170120035806793,2.1996343170520642,3.386028201563038,-4.683446458436831,-5.983836728528987,9.592586475299395,5.5789191441731205,3.906634017923267,4.119121948405198,-2.80228785181301,-6.183961247704886,-0.24716782894993017,-1.1936076597821117,1.8024329331063846,-5.702675763568079,5.830583176995773,-2.1796931080775543,8.32793330023027,8.63561646054671,8.893959839716647,-1.840290247079885,4.594886459584217,8.376958594323295,0.8008812222534445,-1.1642608075850838,0.9453760561319662,4.229821438396712,9.750101323975379,1.0231698006544683,-9.929586741648048,-8.289043769968433,-2.9264304863085417,-6.391251011245891,-4.485013959255091,4.047759186588875,2.935096492013967,1.1865556997306257,-4.415614659573861,6.462559231148202,6.306371842160527,-7.648174876944511,6.250517194033076,-5.2383911460186905,6.012392726029962,9.300294782569981,5.827532633994021,5.865522786662938,5.055409028894351,-1.17980768999508,-1.2566628675189584,4.9233663723772025,-2.9005653022140976,5.575405563039702,-0.23179803938866428,4.978339780054375,5.145537071149803,1.8170529567136402,-9.945673357841006,5.0014239659252056,7.719646248177753,2.5980941134041746,-2.3001702723493445,9.748612317046941,4.7999096394712275,-2.222460181028225,4.159037107259509,-5.3407781924607445,8.747175078863862,-4.396221759793262,-3.8102078681347145,3.6775638106164408,-3.3570636275142096,-6.515540513107789,-9.030169889437687,-9.754891710941875,7.118802316545768,2.1229646711143673,6.640724510625798,-3.898824479097806,9.726743048427608,-4.628966209724103,-6.336661978225823,1.5906057893779053,4.634253209005239,8.402051467666773,1.80410225550097,-6.563643918588227,5.600760229683601,2.549105513111325,8.08658910496527,-3.340288229362569,-7.834974530696986,9.277866639738125,-4.134262083578115,-7.045650387587957,-4.61943692295714,-5.751078367478765,-4.5312832811737,6.985502984317268,-8.798798704416921,-1.2716474436134426,3.9003075274373593,-4.72099091194792,-9.691519407702016,0.5315911181785982,-4.979450588424359,-9.438579954431818,-5.8401451168691825,1.207049020347089,-0.600254241997142,8.447246935427103,-0.7354406095631454,-6.454578491289597,1.3769484457243735,-6.223830693842052,-6.226920021319757,-3.322270816536843,-6.861576341686084,0.6619916717505738,7.038291156190699,-4.867504444899778,-3.5181920906674318,-4.064644156298469,-6.000055867321721,0.6496172245322214,7.643407639590102,0.5220085705580946,4.258981274696481,4.328486660706883,-8.865978076139601,-7.173308291687728,-6.772872347147909,0.4480619192976558,-3.2145954756364787,-4.612843751375255,6.774884820530655,-7.274536990022227,2.0132983615355737,-3.634213403834183,-3.946562657573831,9.493683237402866,1.180005076253181,4.321513292166475,-5.109747136665657,-2.5363457038178865,2.2540242318835055,4.439576474457773,3.293625128685809,8.623146835670518,-1.3947503556243852,-0.6116069778429516,-7.064516234110789,7.518086586534679,-8.239888448466221,6.530866990747203,7.385789917974236,-1.6194595004833943,9.48909440782828,8.731034821862895,5.975456323416404,6.1830054270531,-5.531088787458616,-3.1813655234555327,4.6675136965945825,-3.740234932545345,4.852714823504563,-6.003542889437432,6.284889014362481,-7.207057285607414,8.26674964918777,-8.445213774793972,0.5071753866127633,5.5462610500374705,1.2658036444798508,-9.522136836249128,-7.50359411231317,0.4611912663941453,1.2953659851826806,-5.111170715933675,5.168102425206079,-9.238694200482474,7.233212933328829,2.1341590070608074,-8.577615243245354,-8.000213332995207,9.281026163202085,-1.9199005847848323,5.880609407656545,1.3413635372152797,-6.906880111827309,-6.995716119929362,-6.440222149223576,-2.360880879407765,-0.7410208060611225,-6.4395560894627035,-3.6968573507239793,4.57137804495753,-5.458961807492404,5.281726484997515,2.18689385776468,-1.178945698851667,-6.4991386356211045,5.76562845292157,9.613858920639416,-6.131313192922978,2.437266130795612,5.703351192027126,-6.035447659042841,-5.532319176812828,-9.099608896069679,-0.30241348136140545,6.831056710716059,-5.239053965740315,8.128500118300547,2.0659708983967473,-8.896319668133732,4.318553135327347,-6.7517414305252395,-2.563439795435971,-7.769292758072417,-6.947384368022529,2.4098981447363936,-0.5355124927830239,6.498446342563362,9.6793528082924,-7.455601056569334,-1.4764981513249609,-1.2738682350754225,-4.133436526489566,7.875774392946646,-4.846569784826222,-8.020344879136772,-2.6021547240139604,3.155816626057007,6.743120465260638,-5.630047447553288,-6.477894056616633,6.67969571089268,-6.884203439025582,8.084049050905723,-4.422203262908557,-9.757488248881462,1.5181327259988961,-3.0381261895227896,7.423118230897902,0.8879707885013293,-2.6980182399021473,-3.9546328249086056,0.885504458977298,-8.411124045828615,-5.383506679515038,9.26337503304454,8.782115227639864,6.808434513097236,7.439354633945566,-9.877805028483944,5.039963023488177,-5.492249105070486,-8.70670736861047,-6.024324792463595,3.4358723739870527,7.830589069319313,5.346795120279516,-4.1610146817689415,6.041197583639544,-7.267443111281972,8.569654652124974,-7.657853209578354,-7.952600467277435,4.096617200535373,9.2050064950547,8.832859360874185,-7.382163647209392,7.12849440814373,-5.279081277317291,9.798147805227536,6.2030724291308275,0.21366524603807768,8.93668518801827,5.163795251489702,-8.123684608715731,1.8742434623760182,4.687199871866872,2.7576474591496574,-6.621035761542158,3.9966216776724153,-9.986203293678994,-4.232768898772823,1.4994114205884372,-7.69273774824645,-4.348423528470853,-2.279913622263945,-8.440710930521032,-2.83069716891331,3.015948796843542,-5.750719582895718,3.9711044288936463,0.41620204900899616,6.517626250029554,8.045345942349698,0.5316628369769472,-1.8663835985879569,4.5438344300141775,-3.4440951635971606,3.291071467756053,-8.013203004851821,-3.9697996254560213,1.5858589005176977,5.866004446758584,-1.467005935453729,3.8825348950390097,-9.057588776375791,-6.77472419145047,5.443928535654091,2.537123813968707,8.257618461142588,0.1099417424392346,-4.890927167632341,-2.4720925004889587,1.2377591034500846,-4.539563810779342,2.678853198065628,1.2495032584610666,2.1481377987971566,-9.213744898403679,-2.6833466244453907,-2.7905115249659973,-5.7793681791361,-2.3730826550563933,-7.362557024348922,8.799259666002403,-4.93787610490942,1.0602567625144417,-9.153549340551395,-0.5093529410298832,-6.312859251886469,0.21990689575582323,-6.042213868732828,3.8438237555005283,2.4360386846150917,6.9682822509055455,-6.618509609902232,9.755838971662058,-8.9885297534849,2.7268980057670245,-7.043883964965301,-8.643487137278017,4.564831631680335,-5.428651891031153,-1.080357831706884,7.517759760320306,1.050916576621706,-8.143043697503673,9.686572348239178,-4.935254814264624,5.823644289894963,1.2574105686083108,-2.775644177232726,3.1606964641455715,1.4859651392192355,4.865445343766272,-5.7772955508838875,-3.318067705516481,3.909718806850888,-0.8936099401240423,6.849273873531608,-2.4639573057874387,-5.658730788425288,6.8846107597679165,-3.4762144900020964,3.4016487532881428,5.667012579581776,-2.9298045623059865,7.424429926548431,9.946287216594264,6.343809013677202,-5.446651357961338,6.353527186737594,-1.4640226523015514,-6.993151405658695,4.594929710147021,1.365730604247572,-0.4564119026173934,4.114642008192531,6.7793980363654285,9.40686293399471,-1.3419239549531525,-8.312405743293873,-8.373674405742108,-5.6866179140671775,-9.652652819169202,-7.297296995551525,8.752472677110866,4.8012486775704115,1.7157395022923883,5.733324926737334,-4.011324120106227,-1.7445517833287347,-6.953524705895986,-3.9703410608406813,-4.68310752343405,8.228695362119716,-7.63015124986004,6.984287612762525,5.428039948574748,-0.5925235999635969,3.958188720835537,4.875992750764356,-6.146225065048694,3.7989694808846775,9.010443615512564,-7.233706639151984,-5.225047512430905,-6.2250222908476776,-2.3073549585265933,9.577652949943541,-1.7951406229804174,3.739243330430746,-0.21342817043919204,3.0671153586973716,5.725502218361045,2.1551148216252685,5.538182991552318,8.054644420846117,-0.5506978780777789,-1.5317195988004073,7.50985303560234,-5.007348817762822,1.5874465121268404,-9.713303143260305,-5.918943748168141,6.9667831161403235,2.824393777316166,-4.537277907490937,1.293791928559802,9.74669309926838,-8.680219235999383,-5.312069077404569,0.6902744405176655,1.8174794903352094,7.390117653982486,4.4446349828493315,-8.339039418404347,-2.390015658385498,-3.6093678932517337,8.568542612968365,-1.9727098816254482,5.421324632360516,-2.7646682940572536,1.7595913332885864,-4.224168787768705,-1.4745539074715897,9.855749439680896,0.03261731182494643,-0.019450118310475162,4.896285021701672,4.678186244284108,4.863416471106783,-3.7847995311163274,0.22324694070877626,4.390908460260274,-0.5828427114065686,2.0321681496441606,-2.0771479698775197,6.004312878665175,0.257952503970893,-0.7778518338206446,-4.623081021582774,-0.7685936413426475,-8.31369350789622,-1.5055490132187046,-2.2647203511368286,-8.660918439420044,-7.590007739291598,1.6980617917198586,-5.511066103624234,0.3253820839206085,7.680730212045319,1.3402875038836708,6.5191187761916005,2.560920598904442,7.842082387461925,-5.31973729810316,8.840773234262208,-6.238871028349604,-5.828083519689102,-7.0726124816578295,3.2861376307769934,-6.984188918160028,8.932944723841231,-8.0319636213524,-1.6184338040408655,-9.26596955542575,-4.083852275055522,-5.266424341820352,-9.073437705249177,4.904715340474045,3.702300184418945,0.5755095866091597,8.191975157890099,0.6378070453363875,-0.6718693644980469,-3.001305833108276,2.0629901521001273,-4.552509812234609,-3.709078396871117,8.751493609558583,6.707722015660092,0.9674480003972405,5.575864180492015,0.7262553525015036,-9.839898565210255,-8.999888117985154,-4.297190169335002,-4.521341716890149,3.2960850563602904,-7.021209356541718,6.858322678686999,-6.852201709699832,6.774331689100524,-6.629151827967805,8.78476274159243,5.562095708891286,-1.668950086786193,0.028557333126270734,-6.664560860846754,7.933128807835665,6.778190028448286,-5.212612920256186,9.430430888775842,2.6710517175266766,-9.293425819509501,-7.010648540067816,-8.570165629663162,-7.076174707566832,4.403399541100679,-8.212728123812258,0.08056927275994141,-3.0470286597572223,1.451358698235639,-7.16898540872333,-2.7373584114323073,-9.723765987169717,-6.024623594066403,-7.02398327320835,-4.38699120300535,-7.273634574216197,2.5452709142170065,-8.83673800699767,-8.444377102752085,6.021422673849461,-4.262995877501385,7.172247512333797,-1.9088589502612727,-6.19398917313724,2.1630099175986377,3.8667997982364284,-1.4609114114640835,1.7252444257378166,9.167176749881175,0.3620371750676181,-2.2358536889319875,6.645599916884493,-2.584979214274079,-0.5049277918814159,-9.105555648630974,-0.15781078164543594,1.4675697889296977,-1.0079103363754456,-9.679186990393525,7.977750678026311,4.867958573311931,2.265527555313124,-8.989058603232065,-9.943275752148262,7.462061962271072,9.226476859353824,-6.272760696873312,-1.9241679679038555,9.282754572254348,4.409504796162523,-3.044024813436792,1.9905200584248242,-7.0325747050031095,7.641934785486448,-8.69528722551692,0.24082253571985568,-6.87420626613962,-4.5696764452148075,4.373633356981925,6.267638991996225,-6.3525129693599975,-9.263209577270246,-7.419674511267564,-2.893975962510713,5.705603661357824,4.477582032864671,8.109572090515119,-6.834282717684923,6.293991135663994,-9.261304336427846,8.267341133327587,-5.6170074704923145,0.18502660895424405,-7.014001609893672,-3.9475613768899986,-5.273175323481016,-5.113534655193217,-9.87042906174116,-2.6090785982142144,-0.8335086688139697,-9.149177444742275,0.7342376293374748,-9.968020009552339,-4.894143642106754,9.722432719737416,6.212640605706781,2.0424895791571522,-2.5656785417759886,-7.996756946623229,-0.3784783691001543,1.8988309878801317,-1.1406180443166125,-2.3617765171750182,9.945578917060413,-3.6509274336378184,-1.8452791557578827,4.07945725757653,-2.8764858198976384,-8.18358178311815,2.659930195522138,-9.41181836274602,-0.6445484846608451,3.400767811357891,9.755320390155042,-2.904929981652497,6.644439013387846,-3.8688645804625548,2.388548202561809,-3.7571842622062146,3.1605712298249617,1.6642718654566941,-4.29671792669337,-7.5810075088218465,6.977380036388663,9.383451918200699,2.6787584646278617,-3.5415490758394856,-0.9733173716839758,-9.739467394687196,-4.365433186476155,3.1997412996097,6.85411753201269,3.9065727028763053,-5.132422617940122,2.430384534355163,6.230376381756514,1.5634456469884377,-1.8001217218360477,6.5344222829377046,-1.2360855303875784,8.569492433169351,-3.379846027796347,-9.112472977834221,-0.43477517936303123,-3.237025460446361,9.781377633172962,-3.567863377419327,-4.323819047649908,0.21592741055239273,1.516476905694077,8.176918098095086,-2.9045487375073193,6.3210472031909255,3.307203011499112,-8.809743213282012,-9.535843709178708,-3.212815148120878,-7.23775668031065,-1.6672112039248361,0.7404108593253351,5.625944242157679,3.6129767734678104,-0.92756479206599,-9.664001477561335,1.2465957282007896,-8.949315148744866,1.5006241859136864,8.976520826117348,5.070299458009973,8.478549922792673,6.131120927531114,2.2829850233431603,-8.97307038994676,0.31190279829122325,-0.9099331462743461,5.025840592967878,-4.771106532653309,1.109127733045101,-8.24034133051794,1.5633349974278854,-0.9006439894070191,6.878147863569826,2.60867649265084,-2.932867124649645,0.5691747877694624,5.381126810232269,-3.8455107793353083,4.41392564649246,3.109126625225178,-9.56622073451588,-0.8441004324614347,-3.964830616461093,6.898236017594723,-4.687151619213681,-9.79244542559491,2.7700382745496874,-3.284856382339987,2.964662997579479,-2.192385670166095,-0.04128614835494204,-6.1679402558196506,1.6649848016898972,4.732448563814026,-0.4633448325039691,1.3156984172627428,8.631518321722794,1.1274845626640975,1.6061653855570164,7.3784037049586075,8.831893184590818,-8.359574276674193,2.159940108685369,5.754319039204962,5.315119522363993,-7.420130759374519,2.3462055621231173,-4.860221668770532,-5.046548219414538,-2.733513825512519,-5.406924957076658,4.423780955868274,-0.4048517362912243,-6.226209863720027,-9.240849055796874,-3.2038540789159047,1.3311584040365219,3.4578945694542806,8.945880281854784,4.052142785251956,-0.11762662702986404,-8.2962023941133,-7.767750027675175,0.0074447665503356575,-5.64755300714038,-6.9734791950549235,4.232394283639334,6.7940975452535355,-4.28653363447742,-6.232032571592239,-4.840751522595566,-6.059785515547853,0.9235978153650866,7.142261914562333,8.590157738458451,0.676538894727063,-0.1783814786062532,-9.874103050623951,-8.918118760191287,6.211919532049951,-8.767944912177562,-3.348519963407708,-5.236017383174508,2.169807235638583,-7.047539709991586,-1.6255019581516663,2.2911472413910072,-5.2170406759418775,-2.4753659845621705,3.2402155617946864,4.348325909075658,3.583377766008226,-5.753327968161179,1.8259080620359587,-1.3201108618608988,0.3080232310629505,8.309978593254918,-7.649738450105774,-8.94232490407254,-3.5997542074440814,-0.8625019648603214,-7.469917969035691,1.2448144612957321,9.045375464061099,-1.8590159080630748,6.993796469349409,3.102250313468078,7.53557490637737,-9.107989894689242,-2.0891399560039776,3.270684571298146,2.950210578118993,-4.905933199742389,-4.199114968827027,-0.5786657322582478,0.5147617086337064,7.819529633143404,-6.2379987449030905,-6.576825644626263,6.772888529505671,6.32505732384211,6.181795493357896,-3.919692376027464,2.3491421182213283,4.122186527869285,-8.439973332325657,9.58968870083342,-7.55026911720736,7.124069121557671,2.9923017036673993,8.845684912723037,7.914102805625038,-5.086092563311702,-5.455588673490412,-5.027410360778459,-3.6362415272556365,-3.1193802497354772,3.003399497676842,-5.131492671526267,-9.70397073537826,-6.053032934128176,9.403262563663908,-7.4389771040495,5.305214815862563,2.5974407078954354,-6.917223375500221,4.584407753495935,-9.551879930542647,7.160533774363152,4.3920792179990915,-7.906194492144605,7.655400005543164,9.452167464763772,-9.183623940026429,-7.114012271234056,-5.547300117922496,7.672196081891663,6.506098450018744,6.111688191753405,6.20192671204234,2.976760191453529,5.73564970884042,4.926314146405504,5.08443246180539,7.809583998261825,-1.986066110442371,-9.36351510481324,3.106970922442592,6.557668799264608,4.507095293009968,-8.18409455221455,9.516234474673542,2.297950206189057,-2.407682124216654,8.957302499257501,8.822463664348895,-4.671070098508256,8.306986716692002,-8.089101780909346,-9.865715157382438,6.839735883016868,-2.3560685942005932,5.41319004607959,0.6865798260055751,2.3752330671941646,-4.397297964916838,0.766285840971916,5.727582143346959,-3.4735686991309063,9.355366564843045,7.675170003505855,-4.542336040242711,-1.9183061119210834,3.4303515381764154,-7.376786987051986,5.817940699428384,6.941724181872008,-1.171142951180201,4.877334647306569,-5.283232516943568,-2.969872651805181,8.940455422439534,-9.12398583735653,-3.683067625389418,8.414850262473507,6.632234214668284,-1.9200757522450989,-0.724364014691183,-7.079176106493499,-2.0085559915019013,-5.345403600510325,8.378946605564224,-8.385233163336832,-4.244157771970265,5.858277372082355,4.6155503041085115,-2.007177356967058,9.204465772996613,-4.791815814170586,8.201075968627027,0.1771249291542496,2.8553341047211926,-6.280140702216048,-6.7793527733502446,5.04254014082813,7.459795180804779,-6.820175075890978,3.6285991338386268,4.906362026848319,8.744609159216232,9.867035983126126,-1.4608520213940661,8.337631669416687,-6.37565392730359,3.1047475597307272,-2.6521228536618136,3.3651688634554304
-7.869456232201135,-2.035977788053569,2.7785433983416308,-5.430644851379722,1.9820499773601963,4.533530088288549,-2.063589290625214,-6.97524665109424,-2.6463190250173714,4.814160244833122,5.862190171833836,9.044441580027211,-4.787664618142027,5.6866087425143945,0.40728653355604116,-8.601993581948559,-9.325467519828132,-5.866551410214374,0.8999924101816461,-6.149075203306027,-9.62516920627051,-4.655994252347824,-8.345037148600529,-0.016712997964313914,2.2776646124331723,-2.8044509388515486,-9.797835155602835,2.6715758379586667,-3.2415234589001107,-2.1771630221867433,-6.460173797808498,-9.784221100216442,-8.943898980703908,3.61934911073873,0.45479437158784286,-5.917829844926732,-5.772744219353876,1.0471328939773983,4.271228613300327,8.005649159194494,2.4296400440157626,8.587795818474891,2.163264835002998,7.110982486742177,1.461766418521698,-8.1538661216738,-0.7324769440240004,8.548655949926953,5.345899044126368,8.592880351447391,-5.906740485158474,8.010808433757,4.637550396222652,1.1843186602078433,-0.16870189141033443,-4.256176084177488,-9.475679334316588,-5.512018785835211,1.7375407778180225,8.444695066459143,3.215741129729574,1.147775414678808,8.360748061650668,-3.7073561849339054,9.438533782303526,-7.72451100601103,-8.043206312450355,-5.017962855118434,-9.10340648783988,-1.6289384900170827,-1.3229981718120136,6.217768717164109,-3.7219133358369705,1.0157314605976566,-2.1690548973479444,-5.931789027508292,-0.9091565779877087,8.660474385171575,-9.121935875791412,-3.575507317864126,-0.5106263677149254,-3.5084054931554594,8.280620724216469,6.753651857666117,-1.8393575404066826,-0.4202640600761711,-0.6399977432007713,1.3044402974878881,9.172407735855547,-2.1708749750077017,9.28237233713234,-9.291230138661303,4.511791318081023,7.908320712866278,9.56174090773882,-2.742363788177946,6.647914088033119,4.791986997654297,5.435167606378922,3.3747758954013296,1.1088111381496368,9.398351448723915,2.4081468234999903,-9.103107376199075,-1.0375029271423752,3.2480138596607375,1.961389803036809,-9.394999969116087,-5.309867455849027,9.326884027769836,3.376809453689109,8.524562326248539,-1.1642110219060005,-8.595734177309664,-3.5764016720247955,-4.500590241162616,-4.170145920123431,-4.694631396068949,-4.017645583005949,0.803597244909124,-4.625780852580523,-6.766516933133766,1.478131857100255,-6.229474632437347,-9.835038591699467,0.45843596951243804,-4.012212066011078,-1.1552121864093614,-3.1028316733374623,3.648805030151955,-1.7518183507684313,-3.215141961216263,3.4534413416223853,9.345133762966874,-3.491197200682425,9.750966321056048,-1.45289625998236,5.663485033133178,2.1603407937429644,6.275313235442265,0.920168723009029,6.830128426661176,-0.8930159302688381,9.538285162380078,-4.602308715351146,-5.108354118652326,-0.6384351905696946,5.892701043949209,8.645662864593934,8.08421442245789,2.981614079633472,3.9693640955862683,-3.8795703819814147,4.085374513293196,0.7068868551056617,9.217151944106611,1.7676013334162768,8.44732685038283,2.792190031596151,-8.68268502832078,-0.6259256130713702,-9.825673067228324,1.2601875019267261,6.083369597036818,-7.577073504885354,-8.059630467472122,3.745271634416408,-8.035625958196233,-2.72840048896329,7.083046357457629,2.0786005484010435,-4.339526811653296,-9.183632480435593,9.832488172458472,-9.73086026431842,-3.3610302183798035,6.1479535998757875,9.934715666181358,-5.036381073611029,-1.187650572844305,-8.199579004292996,8.658127722379579,0.29431522466891735,0.7871383039872164,7.589750111738837,2.652954996813456,-2.8168515801855527,-6.215655423147897,-9.602842089954414,-8.31888165816377,1.6669076573098085,8.30370911769759,0.093344362270674,4.566905297947672,-4.036019606179999,0.6047258910363436,-4.666006658468868,-5.846712099217113,-7.037843995061481,-3.106123872002218,-1.5861544266373855,1.01964576410351,-6.373165525552453,1.0007389869871997,5.857745149499497,1.6152537540758303,6.535177459791829,0.15505300275110478,-9.997725018941976,8.994486260873849,6.54485090829343,5.593254307285822,7.015138702144757,-4.763950506078423,2.9657316691447804,3.799294116198105,2.4329242269180718,7.25749165291159,7.5077190570915455,-0.2933029682563948,-7.6756730762097,-4.841471645325108,-4.662357213969923,-0.6582884819233588,-7.943333322958221,-0.7992595394613851,3.893757726930204,6.8517135206136395,4.06412654210742,1.9064146394216408,4.993922401737535,-6.511774277776732,-4.2067752483571885,0.3397991860589329,2.9465365958492544,8.148227733921345,-7.79132852337173,-7.733297243159047,9.337998394750219,-4.889237011848979,5.954751784173846,-8.232930332229863,-6.851650608637159,-6.190697388304633,-1.179860787377482,-1.3850711539307632,-3.7276856424756843,-0.5320223894732692,1.4878452889503357,-9.293222568725133,9.938097162122578,9.343425523152899,-8.0834176477392,2.7753254476514595,-7.837062646970885,-2.851432725959075,-3.553389707675805,-2.999509322876177,6.177950402421871,1.3728134964214576,-9.7797027044682,6.6563257697773,0.4851255063496822,2.593802410991458,3.0398186076574447,6.15124807990675,9.549227776318268,-2.2483747539935344,1.153130077698279,-1.0926767456244484,-0.005092672384689578,4.2947614112782055,6.874786500993622,-9.578779776550167,4.55927641437205,-2.9760810982539976,-2.083422232307866,6.68013313276154,8.79971883048212,7.876573192309092,-4.133938680980103,1.3382983403619608,-6.590035933296125,4.683947564228607,1.2454481480363881,-4.075314781887998,3.0314349264975764,4.125623581259267,8.930512516751662,5.462636471699065,2.843711267756248,-2.901737881764981,-1.9226517517974155,-7.863891876203204,-5.362569860543105,-9.252185682888376,-2.346878486281785,-6.288049226389503,3.732821682285774,-6.095318532023937,6.8832063160296,-2.140037302944327,6.8401760553804785,5.205824811988,0.7575498698490808,4.4806657216280605,-4.950505875948872,-5.306168411355474,-6.87582264976901,-1.912559622555424,6.645876479296824,0.852802991622239,-5.2163400375071145,5.633940139958714,-8.110511773196711,7.797220664206062,8.15143749049513,6.298828022555298,1.9858917464077273,-1.739056840011898,7.568986385879683,-1.4154157478348068,-8.917208878656002,-3.977892741862803,-6.248618958738346,3.80414308051704,9.874479038947165,9.114186624362564,-9.74449105241897,1.3561633207869424,9.437361383321495,-1.7954114470218983,9.530347551565146,3.0381630062498033,-1.6790489636503878,-2.839927594620981,0.9993620777267616,9.272042750336212,3.2014981571364576,-2.1920235117887614,7.6612323124535635,-0.5085281098396361,-4.150068559832842,-6.042063954274777,-8.186718776520227,6.466265288343312,1.6883760172800493,-9.482638877137077,-6.298665178842806,7.632083979590558,-0.7258456497579715,-8.614211652121952,7.509559535867119,-8.13666683774031,8.28708791097187,3.5456669635830274,2.7047795345078995,6.231132099380339,-8.146089526476752,9.135279851010132,6.536155570226274,-8.007310898271028,2.59111466833059,-9.980771008455767,-4.422290009639371,6.384187305695232,4.913598306090062,5.003580944912807,8.34836961429749,-7.838000059273565,7.575177260171532,7.528688622560193,9.027912740000247,0.9886464095515883,2.982151127954891,-2.1147074077867494,-3.9426724200368497,1.2094596271467477,5.853197421888755,-5.668612749117557,9.575672121618911,5.593310077380577,-0.2507480324381799,8.753295522850546,-3.651856159298945,-5.028897450390957,-1.225762985273601,-9.524417381446852,1.2558740396387904,-3.871738837726584,5.914516170048646,5.857849611804877,-7.387824041342867,3.549827629822664,5.220631474532155,8.076994050898236,-2.5254356016464214,2.6914574717878352,-8.988684503439245,0.8114618506677189,3.288691306257288,1.8117524750507048,-9.513049086446072,-0.3150553630546753,2.486261749701857,5.175965573285975,-3.4346676609830107,1.7339221392820825,-6.377922782016459,-2.904714137251421,0.857120466964826,6.080172431219641,1.8096965173602708,6.446948798192047,-0.07959418485641301,7.4899034240699685,-7.367453521387066,-0.11770239145235628,-5.220835618775721,-1.1033722410114244,-9.631998748448794,0.8474598370081097,7.64942206565015,-0.9237325212891268,7.954059271809765,0.634652903118873,1.7475860609685423,6.072416562722001,-8.52952342522729,6.314299911377024,-4.244469204674363,2.7495173341172006,3.5305929525972974,5.740956922201846,6.060432934877674,-5.759483081538155,6.657436780389602,-0.3213064693516525,8.494028488879945,-2.607683457188477,-5.381280561731585,9.41512618169945,0.6827976995426468,0.5390190513277524,4.054848867231835,0.20836203087883298,8.042511244117915,7.6033493358294955,0.03276993592058908,8.92475072949242,9.930957715366254,0.15515235117246107,3.2166938014485744,-4.224981305987161,2.7788599705347394,-8.683143627546743,5.016202107105547,-3.038577523427368,7.228888239004057,-3.774691251720612,0.5212336526511194,9.876274103911491,9.497786998535489,-0.42587736481113936,-1.0687237974976131,-8.388250132165641,9.113500289164932,-0.07122244168165892,-9.726500164148334,-7.557871549205446,1.639590274714493,-8.342301051167379,-9.643378792675556,3.5073230130536093,4.283192469793121,7.170530340150567,4.82221168824179,5.929019232261153,-4.566047108355895,-3.0225323533890647,3.6864387610146174,7.090569377059435,-1.4888953402532845,-3.680921798759389,3.697242917875794,4.279066282345603,7.58103677874718,7.127481687875562,-0.7752758797792545,-5.689640035232362,5.537737905608942,2.80752503625674,4.344850286956243,9.39700494208881,1.0967444808671303,6.339498468545969,-8.135732117168683,2.1484260185883386,3.165063333363314,-3.6160602833541127,4.740561188342857,1.2464790383568332,0.02962750356164534,-9.381474217847535,-0.0459052711400183,-1.988571405303789,-8.2162555346161,-5.780469881410662,-9.918267805256683,-5.765694785283739,-5.592996899046414,-7.029779083624166,-3.5780065922286024,-6.999638093367489,1.7894267000970316,0.5052262502017779,8.353664923936424,-5.193453464071263,7.432740005479161,1.773951689599203,5.9194795878885635,-6.064281786998582,0.49873626366222545,6.12240480226291,-1.6446619858784484,-8.597155631259053,-5.267327221071372,-2.673824811548508,-9.705219758344882,2.825294783352284,2.7632861493769916,-7.337476605463995,-8.960410618250156,-9.696226469784575,-8.967131356099058,-1.330132688777553,6.39996371977551,0.3922159932024414,4.310488646386624,-2.5491213038360883,6.926471913908713,1.4271402182491926,-5.484991755374022,-1.2798194488110877,3.6961476134098508,3.3313760415766662,-1.1645587896714265,1.4557275360933133,-9.250781970056533,-7.359553100621252,7.886288212392582,8.418948337454161,0.2315042008806003,-4.702388397882049,1.961763842763407,5.683622409544515,-8.158011146469281,8.878078699873221,-9.52296891608041,-1.7465003902468332,5.027660610387146,4.791610871958271,-4.282810101580676,8.25964471041872,-3.2313146855469714,-7.087441781641748,-2.6463462788212366,-8.386353790401326,4.004414992877699,-3.50967843452856,2.98330826703104,-0.7033051784277777,8.920395040076617,-9.038361710105258,9.218621904379606,6.475104772747262,-6.770135817134985,-8.084570964425133,-5.13850948380242,2.5588145352741627,-8.759847938326015,7.155815661220231,-3.3214731066289893,2.148227232454609,-9.441832363507315,-9.438628933909083,-7.193880971963096,8.692242633267508,-2.2592661970749184,7.696393811244736,9.113392582482053,7.164185678366696,5.362897585749963,5.509327525180613,8.507629135782583,-6.035750058610024,-8.783954492974832,-0.2760372615640083,8.24693113243,-9.676666416754165,-9.736669415573068,2.2014509964298234,-5.045096335528941,5.188787607176565,-5.109004346284283,4.9760004063087155,4.710601057647255,3.364143204045167,0.1604246833694578,9.46812054615063,-7.186062342577195,9.330334277681807,8.45627731407086,-1.5787514997054934,2.5885130986683773,-4.258795856002884,2.0259086215714035,-0.03698519967749547,-7.936988841296753,8.007495849528112,8.408854198783754,-4.377366816451058,6.057132594308246,-5.094863149652397,9.606697101510754,2.613440893927365,-5.374025726531646,3.455836378367943,-4.480840752808232,5.147336206384841,-0.2733280068240429,-5.689734735117595,1.2774000124608378,9.36896106923109,4.627080895928032,-5.758612334488607,-3.850115997486885,-2.619160282026116,-8.462715717859083,-3.58339478430326,9.090659859217588,-9.859423393764107,-5.664521419687441,9.905511822328311,2.450021283259275,8.941809668392953,9.098544495251879,0.8425632193437416,-3.6209732256404514,5.003322844964702,-4.305644542451299,-0.6829147929900046,-7.1504283327425044,-0.7963408163161105,-2.7159974177461077,-8.053630338436871,4.419052459993642,-4.041685844247214,-9.879303098184774,-7.633489015078807,0.032337896037549996,-6.9842299922873945,5.523401381655905,3.756975482240371,2.2709077930899983,-9.92906059719585,2.0594842904599773,-6.989598031212272,7.129816828260889,5.957347958899252,5.016569396580458,-6.680064997640414,9.373399614935181,1.1187310930697887,8.32635310320557,-0.2336854412194178,-5.271502249515363,-2.702876719265081,8.605781051054699,-4.817635755410608,6.299637596315996,-2.3537887089081337,-8.33606641778294,-4.587737361491504,8.522443167739805,-4.368621104921484,2.4941364548905867,4.544964082439369,9.535008921344058,-6.951686641661519,-3.485506990708851,-6.793825715231545,4.374169769769157,9.285502696141986,-3.0417384494404853,8.335121386168119,-2.3159689777190113,-5.651179011908633,8.47433035942375,8.513947184760301,-9.578315663815575,9.740213954487547,-7.3445245215974815,-7.568208944735617,2.171358742065433,1.5674590556676655,1.9277620209951287,2.0697331684579883,5.304367953015882,-3.1283254561090112,9.586374403862486,4.903530294619687,2.015664811134471,-7.623752955225229,1.4000196870409276,-8.502243943099725,8.439004798354222,-9.08954767430129,7.601261635516714,-3.1265368739939348,0.641582353650481,-9.786735410679873,-2.9486391475495406,3.3898922480679623,-1.7175542160834016,-6.308141915751686,7.084939399479918,8.611333978885234,-3.4214003051185937,3.3672676902065746,-7.047645343136373,-3.6718157026961107,2.6438617087667087,-6.977940231324888,1.1845358475962335,-1.1730918201312335,3.755197512147099,-2.0901714533534914,0.7196605752644132,-4.534663339468676,9.192308446107543,7.5515441208159935,4.8666705889304485,-3.2937686221832934,-4.615856046970244,5.986980317109737,6.642589167884939,-1.4818931173049599,-5.04279403293904,6.720713575054003,7.704777136064656,2.418900060318194,1.8002175977710984,-5.1161207480683775,8.715436309693416,-0.9980900501944046,6.7845696398175015,-4.247511609064015,6.582111258384359,-0.8962218284069046,6.980836407735399,-5.608965060593625,-9.61875808850765,0.946314888264002,2.0294991982039683,9.925291295706607,-3.992674680497914,2.0262069791689523,7.149820180135759,8.599486031767082,9.537118668930834,9.578735468010557,4.239055279733382,8.669605955361536,-5.165971826557152,5.750853314140137,9.052117128420523,7.954941176321025,7.222832151399988,-7.130816872837187,-7.256093113248254,4.736974859915382,2.535070573364223,2.540926573852003,-5.009978402198481,2.5969955324416905,7.900012336447439,-9.67854451323083,-4.6954813488201586,3.9277927828763364,-0.0819714376558256,2.629987613958818,7.333467775455372,-1.5993037653395703,5.511841202148416,5.049329127813735,3.7481803218577205,-7.725406878836036,-5.4559078407608546,6.604600105760884,-9.221764269440012,-8.976119211091175,-1.4995754039622682,-8.563925198840055,6.7192702619573055,0.7108507482131863,-2.719411875477711,8.817063936279386,-8.806893669533318,-4.474616218508373,-1.4334648725973906,9.085463967180878,-6.458081736841567,-8.919208562711008,0.3368630401500141,2.8106843592316366,7.220437695490368,-3.058082277164777,8.513684040990753,4.183728773029339,-2.958574559545461,-2.127020301125464,-0.996946819317019,-7.464559945186369,5.479531593075357,-9.510449769136518,4.4501789254920165,9.993276743898846,-3.1122183130512067,-3.972175948285008,-7.884698217503017,-5.120224088818379,8.214756400823823,8.86486686832059,4.766363387216314,2.510218703980522,-6.477494119340048,9.749786759314702,-0.9676541352010464,-5.33495023617319,4.574743237520311,1.6893283986553058,1.8231214616122422,-5.438077558234255,6.529766736610199,-7.95468119358228,-6.971762616978696,2.1140146271459592,3.8018601442283853,1.7617331299226695,9.30294060787216,6.938439591740373,8.225730821205602,-8.519080808481052,-7.91773081393975,3.5706668552050544,-2.5587518758883903,9.320495277258178,-4.060387454094245,-6.744797315205446,-1.2507944186410374,-6.558510193482694,-6.093115228190406,2.0171044294505887,5.4008139031386335,-8.165767293731216,-0.8808944369222864,9.153125463819332,8.312559462266059,4.511884970769124,-9.802196006094707,-0.617510482222059,-5.620475301092672,0.845730002797147,-2.0274533303763427,-5.3324880751692145,-3.2330854488975236,-0.9516345139161757,-0.8870246674602189,2.9058342831309645,-2.172923834002769,0.43331523237594105,-0.08420191039731684,3.2109788390890888,0.5530824742839453,2.010103586783119,-5.381441642016043,-3.7337640291843073,-1.076646880482457,-0.8763868464416724,5.12815385885029,4.251986013663604,-4.857099991613765,-1.9156225711057733,-2.8506849436867387,-2.1620720609369943,2.9589116033899927,-9.732042284575266,3.29835415726064,9.69501463932923,-9.468867152986174,9.407566558339944,-4.555997420447044,-6.975867661523294,0.1738195129021758,5.24844450173503,-9.901866004165266,-0.6423759579797039,7.406386777770248,2.5557798934971245,1.5586024728693033,-6.048965321427071,1.8842705565372988,8.540955183674026,4.353876592070531,5.816487183719685,-4.793601087779282,8.797748434831036,-2.3152206403391196,-7.734719039277405,5.65159694850988,4.877264866149986,-3.168540878296769,-0.0065691813211099515,8.702440475140413,-5.468922298134622,9.921598582171491,0.5693622574711821,9.191360189731512,-5.752054036171392,-4.471783030168379,1.013745669960466,-9.771832769191082,-1.353142631026948,7.62719397375642,5.725197493945803,7.867887720766028,-7.599464516031924,-6.111485480251075,-1.0815747342068516,8.743205559746244,1.418401663733711,-5.821753457211527,8.738923710281195,4.831642606692345,0.511245985056199,-6.616476362515322,-6.935184658279536,1.3124078931708638,1.6928668145751615,1.3590996047127764,-3.59485202939765,6.221512939016161,-5.89643500099678,-7.808734947667899,-4.790462604154866,9.936453733511396,-2.0930953910583616,0.11818593345143924,5.249206886712777,-9.371922391444997,0.10835064950980744,-3.3155630169726162,1.0350097628620407,4.73363868673478,-8.753192737623309,-5.45384817016811,9.300214745206695,-8.709721223547344,2.6731929641989964,7.211340149776653,5.232878837254651,9.006984059565774,4.883814762541272,9.041408674090935,6.717725504371856,-1.2294893160726232,0.46947046065925413,-5.298312578074469,9.776576793308976,-3.4903834245430883,6.918651354201362,-2.2040606391090423,-4.794941375916178,5.605175598207744,0.10619448766057715,6.762222501331909,7.659629937717014,-0.8187973563477229,-8.598410332799151,8.300500650742798,-2.507070156070144,-8.441005696118914,-4.941300207048469,1.8305738413751484,6.119991255493659,-1.2991993965085769,6.8757784114683,-3.992351964449819,-4.74226353139265,-0.39300402406264645,-3.999152929773846,0.15167136392389224,5.365768654020789,8.518393384488302,5.076406908789908,-5.7024250404615096,-5.055427940489256,-0.8661891674426236,-2.1249779055042968,2.6787585176318736,-9.97588214396198,-0.1063639919289745,7.848433606663573,-0.11600709236990525,4.060471171433056,-1.0883575756213375,7.29222239953636,-2.3677437413586677,7.312293243164284,-7.629573831584411,-0.9664461417287651,1.3878823232033959,0.8604565540203559,9.220877109538836,-1.3341534188684,1.7363817187309056,7.844174872618105,7.1438967984703545,-3.68211660274601,-4.301200814803829,1.532529066231156,-4.2907608763383,6.170047522003209,-5.5756030622010755,-0.20361703388054941,6.9854644718821675,3.1706895336319914,-3.6674874134584057,8.246082059983138,-2.5939916909860354,5.527281593516118,9.703841968112354,-9.315754602668786,-3.6876180346402077,4.389593454378794,-4.117023138343663,3.267678091856288,2.479018632661983,5.92133022219028,-6.146328222227735,-2.3597024955929164,4.105755925478544,-4.61692716885678,-6.761634393569662,2.1348078376487134,4.818788848378237,4.755467012425086,6.421502728459686,-6.995422623429417,3.27977374928145,-9.521322020260534,1.1203528317846523,1.3527751649117636,-3.1527799407907153,-8.053450327859114,-8.017833621431066,-1.2823450748677274,-3.8173518868171126,-3.4425007383043464,9.675446782267727,3.3442515011693423,-2.533657328861663,2.772355071710944,8.61471045927589,-7.355552173112554,-2.865794590363837,-2.311038067720328,6.796768420289787,9.208002759177955,3.0857314338089274,-3.3022146860968915,-7.331620982399425,5.597057676335883,5.496773860729684,4.191075905031273,1.3776777794372936,1.411757443630048,-3.412599682248219,-8.734280565119533,4.018813880230292,-0.22689688636867267,7.769876921589965,-1.6080992534775778,0.32577984729802445,2.4808370002866553,-8.99869491213549,4.342587278492701,-0.7569822336563359,-6.118469009221661,8.611637331009913,0.6168978062016723,-1.3992424819047713,9.712103858126781,-2.663974530051907,0.10729249026133658,2.9261353477900816,2.2795090190047222,-5.795832077384411,7.448675226248859,-3.040695153051624,7.560945373617464,-9.315300953980863,2.893277505193632,5.923457456859273,5.616738376699505,-4.361168750436306,-8.501897481624837,-6.361518668902555,3.111217450179476,-1.0789382718514275,-4.518991123348844,-7.363309057039846,-6.524265302156664,-0.5090051568523961,5.670725410969448,-2.303002466455231,7.461151247865665,1.4552428154229684,-7.778152607121318,9.811011912426814,8.653228103192546,-9.314396409082303,5.949659611908544,8.410801972250674,-4.7757094821078505,1.1311778157236034,7.544868485606958,-4.098392785619051,6.861550158410424,5.668568255102894,1.4996295590781088,-4.712466148348602,-7.920464179966704,-1.615448287788011,-3.5843060912089193,-0.4818886444386461,3.9514470799171377,2.594189047222798,2.2627824810853348,-8.410113846202913,-3.2429033567568304,5.419352377000768,2.918376987429001,-7.2873964385234835,6.408870540257272,-7.592962634224152,-8.14196549907419,-8.225485745463828,-1.9715918326119741,4.059208794484837,0.6245151255201069,-6.530163918718735,0.8818344473507018,9.706406298061506,-1.9167741956847113,7.436297336901177,-6.694047554037863,1.8412352893545485,-4.173208048719501,-2.0972401415214392,3.3981341330681403,-0.16121060484165284,-5.630247768833778,-5.864918692493333,-3.7195017614641834,7.991015102741066,-7.735436955763253,-7.57477315487143,1.679342286785559,-5.724523113601771,-6.165847057515439,6.984828079805634,0.37910044314386937,-5.540896836178892,-1.7528786321981684,6.1487891864455975,9.273320577232504,1.0390928360851621,-7.222719586754518,-8.699076370477565,3.4520845869192804,-9.19295706922384,9.631761876900995,7.348148974775942,-9.376306998536455,-8.666468729446546,-3.2405701360979826,-6.384266599131212,6.993626190298848,-4.243955332849905,-2.580563272099181,0.0200836285071766,-1.5181646860917262,-4.550175565117966,-6.52839760637775,-0.05666100538191188,-5.230642992626362,1.3435775461304278,-8.595593017283033,-2.5314759193147935,-7.4395433243053555,-7.498736120714005,-7.700982755913217,-8.919422815373458,-0.7399762009915474,-1.6376944624387448,2.4451069698677586,0.9157431247511632,-7.7999169560869515,-8.805886864159753,5.604505970049061,-2.763737064184319,2.9308647193409065,3.952313800058171,-8.141166236292456,6.157693820924688,-7.733965207826834,-8.789192237802279,-6.262311765804414,1.3741999743235827,0.7044711699751716,1.4457711516220346,3.045607477327268,-4.608792979279579,1.1231861963316714,8.732709756298892,6.152976961891287,-9.800492724266633,-8.692022964825059,1.2196447352185906,-1.8321155276619052,0.6892086534994117,-5.90576426751025,-7.97177912882312,2.2796978189581534,6.946692335583588,1.6592764107969984,3.875631189960661,8.7876237346321,-6.138413031549903,-1.6310022600127603,2.605024297482526,-1.1889109182026854,-6.529845388902986,5.985606976146116,-1.5175646983359403,9.8757558202973,-1.7227331162604678,3.504582087927268,6.603457049617354,4.759123393668025,-5.6051953550580365,-0.4395886695285647,7.563121047117157,-0.02626851941308672,-6.129629758671065,-4.748532542416135,8.773546392944219,5.317416864685036,0.366287134928049,4.762264434891295,3.5847408583288125,-3.0934857877822726,-5.288339515953783,6.68928519883962,5.30303771439028,-4.187632432259281,-9.92972984918512,-3.6261425890445675,-1.2177912898343202,0.15001880870576478,-9.316464626357057,-6.724628898508465,-8.883734938765945,-4.552746363626121,8.151979973661476,4.87102890251858,7.520972297935707,-1.5062885088017115,6.273739377533595,-5.681372439451762,-0.9318651809512701,4.61899529976437,-2.7334766698538466,0.8486450151011731,-6.576540322707391,4.89545708547498,5.089795488686814,2.947345393753256,9.682153318750213,9.356433269728555,9.749692666787347,-0.3852253717149132,-1.8712864194953287,2.7114786447644708,-7.5658886186513,2.495962642005045,2.3466747208608076,2.1338630241282086,3.8557476692503556,-7.81267313847128,3.0927055178367073,-3.076898697971413,1.2933249460003253,-5.159956791274254,-7.609946224482411,5.084906691616142,-7.130210100121273,-9.800263455736696,0.4307459280531596,-1.5414344279790537,-6.85001063237493,7.088194429471958,2.047487602708813,4.671858544954187,-8.31817622137809,7.167913094648277,8.220192742369935,4.101849365968091,4.409668413505095,-0.2147731101714374,-4.02932316775223,-6.8465395607741275,4.0271350039382625,2.3674649288547798,3.1997139215894492,5.702909344662119,-1.1018696172972255,-4.0266655773256765,-6.41653020951842,-5.9101209363822065,-8.251050119737753,4.373521598127297,6.4779395083506905,-4.365636002091515,2.5294411945026862,-0.36499926310624,1.75653200747373,7.675158265773781,6.3350001056313445,7.156544840011527,-5.814727187361878,9.185380704170313,5.627424102925897,6.954050127680606,6.9956449500735225,-6.179178389367504,5.5123094864744715,7.086546770671006,2.22607546196949,-7.505908455735344,-7.905344204549203,7.751663250045336,4.781310119014252,0.1403136480214009,4.1755161087516175,-6.696318165961372,-1.402793602790993,-5.404546507093282,8.529303693594269,-5.122421877773016,-6.26518746716547,9.50242187320082,-9.325976438922085,6.135483454338338,4.283974469948291,1.6132865031450088,8.316582748808369,-7.557008436429551,3.0525559968661646,7.535346236795153,-4.729569019829101,-8.156701196290538,-7.937534494632406,1.5496961620837464,-3.0029119468524,2.6341993568756337,4.802169272520292,2.840412502213665,-1.7533303408459666,-9.675916586783934,-8.40678113793589,5.24783684513398,-3.1110930823933236,-3.326022522750236,-8.833052678837435,-8.30459258288946,-7.88142969240003,5.287362939229009,3.7353063032138962,4.872519705794298,5.377246603764714,-7.734217260427374,-7.954392709898697,-7.245929446622865,-0.7993480195597318,-5.22613739805958,-8.258146949059595,9.192000866426142,-0.6553385913730576,7.590420297117536,4.563034430853609,-9.492201181612238,4.771922615817179,-2.2176115374602023,9.31364088945163,3.799121696500741,9.389565554466081,-2.956663336133431,-0.37715856758946487,-3.8720655312739165,2.1920638667939905,3.0935009563536617,4.055240523757664,-5.8978957185607435,-9.593603021738113,-3.350424160006238,5.640782210045682,-7.021040198728803,1.707164841145353,7.312442335839513,-5.125550991991677,0.49012796474175957,2.1544994541032025,-9.656421057272048,-9.138680389432903,-7.24231147060358,-8.449776730827104,-7.186349366938294,2.306146278728587,-1.6463762251910588,0.13613191090053078,-1.5125844157256871,3.679165304048741,5.6211480398723594,-5.799507983563698,-5.301657167126203,-8.477634330416134,-5.351483025631715,-1.1646832590925946,-6.295246857063475,-0.8076775780418348,7.864106411881259,1.0805997615698342,2.633640213322664,-8.914042736766298,5.147763487838198,-7.407810471499314,7.072192007507315,-5.7128208075926405,-1.2049195195323925,5.795970639487811,7.410582973923759,-5.634968638591314,7.920713220169379,6.787777179197235,-2.5881083792419552,2.1139226003114544,-6.4628796858378195,-2.3889510512392746,5.064113690813141,-8.439913175971569,-8.868051550838775,-7.789300074056271,-8.514612702642705,-8.034574622893553,-6.072105319423013,1.9727316179023688,-4.397335029747711,-7.710913902875167,-5.144767620549244,0.09638441908556317,0.7073504551967869,-6.553943991626705,-5.695211122122461,3.001374728350699,-5.062543807387088,-8.187327431941668,-2.0017521709337283,9.4826605631641,-6.395465117223463,9.23962806076576,5.758696005686229,-0.18870822971496182,-9.34090957937068,-9.345488217541059,-1.4266120548603656,6.1361963481218815,6.747756160807413,-1.7493596496600041,-5.276738762678088,2.381294927024957,-8.39868351390081,6.714083407962711,-2.5748267914988237,1.4974538131517097,2.4588558892966024,-8.396054923699886,8.595472069409553,4.475132252823077,6.004614392450893,4.684115182475994,3.277832201921358,-5.685518845222816,-9.928941690285907,5.260464200575065,-1.2533253866444838,0.4958887076167162,-0.8968320670356444,6.122058973229464,-1.9989105081016039,3.784636537140072,-5.274910096753969,-3.602003029075023,5.37509230316015,3.070682228265218,-9.96270740763891,-8.690169895246196,-0.6477804549647885,9.9128884463439,0.17182516586740526,1.310529136354523,-0.3383417140524472,2.8010324974712795,8.273267169006125,7.62351175762911,0.19560593848623498,4.605814176866943,-1.0872521563935926,-6.46343345119925,8.410553249889588,6.341568813183862,-8.278889459334282,-8.423463797218705,-0.9709176698974336,6.415440003460219,4.175693113871313,-0.7798523182514074,0.8109529767413335,4.763847458878608,-2.8692557842828688,0.44070700821394126,7.696413822199805,5.433698169135766,7.647101068844741,0.4059400245835132,9.62203279166491,-0.12363200331208901,0.09803827408721943,3.2868687541158064,4.303558002600621,-6.303514640577412,-1.9855451792698489,-3.2314246630545522,0.6770390314334556,-1.0579504864198341,8.613952673661586,7.216976261900506,-8.215653796939367,5.130702567151388,4.054762202243081,1.1131520661431633,-2.009864143351285,-1.5276389549365543,0.9377066491494812,-5.605949230913727,-9.785567562564783,-3.7508871251348053,-9.577968602481171,-0.3758824948994608,-7.471451759394783,-1.1938115298322227,-0.49570348945661635,-6.729805184776147,5.18029091606542,-8.610614126879792,-6.812724422687733,-8.565641010802294,2.989689300735046,1.6020263952020315,2.7649787607653806,-4.591739431591211,0.6748550658546204,5.435927839659737,8.413994749757812,8.332857309298536,-1.6547784090196913,2.210481425441662,-7.990282117490692,4.867196055192917,5.479297368515718,-2.571831556427348,-3.662823305461278,-2.7367082455169083,9.070507753095185,9.416480208074109,0.27009629163029913,-2.403550384613167,8.662498912633836,-8.90743264815207,-5.119332628985898,6.568050326171363,-7.965438158602753,1.0846849382769648,-8.710181077357493,-2.5369014396137786,1.1455740108454755,9.39299948644188,-9.923397497673472,-3.543471042651114,0.6874100243637997,4.908831109715026,9.73563328336709,3.785894861450217,-0.3326381123644424,3.417919830562086,9.605341846715586,6.882283731897754,7.589846074950039,-7.520662543180716,-0.5092872294051674,-0.6739155063907205,-6.675175915795865,-1.0012414145361586,1.7147340942762526,-3.1866324002443296,-1.1194933158437603,5.115216891300619,-8.268064093612125,9.021096523047195,2.6047320758138355,8.034671779772303,-2.396362432905999,3.8265919454162685,-5.863431108125459,-8.863246723061966,-1.2698175644961935,6.94737764325528,-5.367083031524427,-5.412661017232714,-3.6495009746971903,-3.5417094769457913,-9.353905612835806,-5.694362314049844,-5.9144312288098195,0.23744700402788688,-3.2901463820015087,-6.7928421736006905,-4.081228318777617,-2.536689067681843,9.722623048376864,-1.7246280335526425,-5.222762234684357,-6.168863915603411,-2.9911181171348282,4.29028588470819,3.486499121107725,-3.443755584106505,7.631862289786145,7.244890550983225,-7.47953027627352,-7.2377756418113925,5.495267675793123,8.256866212523931,-4.33720298145505,6.571924341395846,6.014625510658785,8.046581333920006,-4.197255813726808,-4.3758388137386595,-1.3702755862337934,-2.549640850812831,-9.890844965370228,-6.739289326316699,-3.386754286394531,-2.4648589302112605,2.4020873985393685,-1.205700588483964,2.4112638482325472,-3.091783809358935,-8.51894607833762,2.429655019086262,2.1527366569038477,6.3445755047148005,-8.226797617104955,9.872922021970837,3.5385557021844694,4.06328324699688,4.276789721565242,-5.448249285918321,3.4774814348616,5.165496205183617,-9.02539123086049,0.22723231635001184,2.088398960124154,9.61165040120314,5.873249433475076,-0.5867852006378875,-3.5862152251175132,7.142037019877762,8.82050700772702,-0.03782085708402505,-8.480309096408078,-8.222767477690425,-4.389924068630946,2.5451319368187324,-2.485314435489993,4.642021819688921,-7.805174424303507,7.606198724358482,8.410779072228483,1.1518130752291,-6.171471175741625,-5.256491913210867,-5.392890124774603,9.241693028044878,0.23479761581610248,-6.458118421451465,1.0396949316487962,-1.3148580627430277,1.3004769546931971,-3.2444139963045338,2.9931167344761693,-0.23209118506066062,5.827798452963751,6.7882804412189905,-6.754442771584246,4.210209769837467,-9.006635532829154,-2.8254379938151697,-5.7770270226362115,9.86793963903214,-9.053143280563434,-1.8491069156312445,9.559896976045408,0.282252235016486,-7.693029182238547,-2.24342006416248,-5.254627867408594,2.9903891378846623,9.809710302607069,-5.04346450507855,-9.916451689346426,4.0463735612735725,5.234641073164424,-2.403519141424402,-1.5377729934624114,8.085679412876395,4.820475832034443,-6.171465302784098,-2.9163059158711047,-9.61126386515038,0.7857853816063276,-9.384624903201388,0.3929964603535687,-0.4177489054553707,-3.153671540033473,4.932341042447925,-6.832948863446015,2.934730756805461,2.6327507872511866,-3.48890319850772,-6.444067883099005,-8.549446923174047,2.309630702420673,-9.282117001527567,-9.313358514756889,-3.98208905977474,4.299036399818586,9.733753513501885,-4.674789413539601,3.714324222409635,-6.400222605824888,-4.266855146931303,-8.25033671132877,-1.5254938825617241,-3.402037948451662,3.2478277111334553,2.815125195160393,-0.2871822941590789,2.7638745490394356,1.1054275051147133,7.9621326989446,7.628466611201851,-6.779462395744956,5.699046747811046,-6.038561091284526,-2.746143822832132,-2.7136695417927132,-6.26457956898366,-7.460374725306598,-7.002903477736011,-5.635511999692349,9.06689815584047,-9.968362111883557,7.245652579300497,6.343097423085226,7.62899939254817,8.566020024628784,-4.200282345379445,7.757986985009975,7.919845097896555,-3.4951604917909673,-0.5500181265088759,-0.8612274359057164,-8.195420145165402,-4.975689746067351,6.082961076201254,6.879746740769402,-1.9929513517964672,1.330243473940973,3.8134176814527105,9.323897466646741,5.9623405754144,-3.7025357835049206,-1.6600133004299078,1.4153962510538172,-1.1542237450935247,-4.935137979042561,7.767499535759615,5.1664323277110284,0.19359184147266006,1.406207663616856,7.380453445317553,-9.370039180336926,0.38928573173374836,-1.4062767952596307,-6.964201359610842,-9.222203782168588,4.331175998028506,-8.827358141653821,-0.7399083271344509,-8.352457305345524,5.084649894454291,3.505558120925178,-7.401448582436984,-9.612614048293125,-2.9565008301667035,0.561441659840991,6.847886882666128,-5.093213211249584,4.73757662401008,-8.173137958014806,-0.6720069377630438,-8.098671360949389,6.814274142907571,5.828125362126471,2.7462235247624367,0.8058258857981677,-8.930806530706509,-9.239572871709509,-2.064026572182258,-1.3147960938472476,8.373105089963726,0.20106851747965138,5.784373386798746,-2.197584954520133,-8.045090109286896,-9.570896273375384,-4.17708700291616,-8.427355789898005,-4.2290582579291485,-4.521167997005056,-1.7167185181258908,-6.435972354384008,1.310069255314028,-4.5936311332819795,-7.91338589767774,8.339962491392988,3.5405890058969973,-6.387013211674337,-8.194984255392237,4.4513836978253565,-5.250499616322735,9.114279810363978,-9.77277165500543,6.781423010947741,-2.9483783049325574,8.501090968105007,-0.22360244451314415,-9.895614255798248,5.76768570358956,-0.6902075875890503,9.141451383179788,3.0930788354201244,9.886864937187465,7.426155131470885,0.5579217909973817,-0.7347147416564113,6.287460967437852,-7.0279152566275975,8.852483679857585,-2.301820349066168,0.6995459903227719,6.822573696756667,5.739099780407411,6.242253651498768,1.6251782024013686,-3.3731565485897574,-1.5609304437538363,7.170376106541788,-3.806131366058265,-8.467385383545512,-5.939319197360236,-4.3573253257940525,-1.1234595260833338,0.9497226580982172,0.5441372652365075,-6.548956394961271,-0.6707157218964372,-2.762416099457412,-2.83498944570103,-5.605030988050663,-7.834619717876161,9.91378518946631,8.393881013116196,3.801806874227152,-5.030802114488657,-5.891821667491699,3.4825272575976935,-7.757251746010034,-4.888722026027324,-8.880331962265718,8.527355725909299,6.334084134666664,-2.1901653629320332,-6.972780787676889,-3.517041225859292,5.18509896435887,-6.085971749799263,5.956614047622324,6.27195897968965,2.683831538706581,-3.5530572056612364,5.26604638636746,9.999699764540075,-0.5342770484276507,-9.348318455255411,6.206068073251252,-3.037822541226487,7.093590655178051,-1.0945485590981807,0.3312145866055616,6.230678288595374,-7.173701663727028,-8.133699020532212,-2.3322427165269417,-1.3305964538887523,7.533619779929531,7.59086792661245,-8.306075095006399,-6.892581947511555,3.214733870601137,4.618943038456944,-2.1060750292240904,7.373193140305595,-5.944920447561898,7.978988888689319,-9.101743013278211,7.9486574816278335,-3.532190510846995,-8.989932742449696,5.898915558314727,3.139569189614143,0.2928133878203809,6.1642113651557615,8.602178942743098,-9.151195560042947,2.309794032864893,-5.06156901473827,-9.862460426731307,6.323191248559102,-6.531480095442028,-4.448397557764148,6.549939577527265,5.436869884524491,-1.685553045058171,6.597918988490928,-5.314321708630388,-7.4954726813000105,-9.101428419126918,-9.563905323289921,6.5378612249833274,4.048555682853824,-6.811177425582042,9.511648163617728,-4.679792062105084,-2.2858590000221906,6.406792392596238,5.368161697484222,1.360621743804236,-8.94659353650675,0.6362961845353325,-9.723473611693567,0.6207303653895462,-4.279881504068435,-6.102095239543144,-2.6699395852711527,9.79854491594045,1.8220110346560645,-5.7864383541272275,1.7870170883118615,1.5804361481329643,-2.9852041544680663,-9.027184926968195,4.183453827501696,0.16950798307158976,-6.1090564999438435,-9.776533947448074,-7.558797996441468,-3.783947691761586,3.4563649859501666,6.561279986833256,-9.317907662060955,-4.357152085175484,2.81770229062219,2.80443811839927,-9.67974593694767,5.501760051074097,-7.428626828662224,-3.8996162294250496,3.5852068383208326,-9.649639834721398,-5.953703667602161,4.796664605219201,4.395227380338472,6.636058764068608,-6.435119525302047,-3.9966832158481047,-0.46725049545012354,9.294710278617309,8.381253860339712,2.115562761604007,2.4470023031303683,8.780607475095849,-7.245928828929773,-5.1479546281276996,6.5302632168163655,9.355607809926056,-5.233787546116224,5.5004257451159475,8.560169830790961,9.710850264623438,8.566814330043794,2.836784227642127,2.4355260073858016,-2.4600189303765685,6.881372268777117,1.9952572220983118,-5.885337390125258,-5.354610990640662,6.13366770032188,3.3496723314820045,7.94640583100572,1.8709891481123044,-5.220776087546069,0.9371221825299099,-9.176373773570898,8.252589520016343,-8.117973720036204,-4.185782093057022,0.6362307653707138,9.376969481395836,3.877247638174744,8.773729142465193,-9.37217219857725,-2.2229340369470663,-0.6403701565874087,-2.1106976543334106,8.996317412434006,7.85716350799764,7.438873636027655,8.446899469257335,8.875651609901027,6.846787691676173,1.4869441858403576,7.619299856355337,-5.37843113909616,-1.590169171084387,6.716845500436644,-2.248312260413159,6.554294360184539,5.567963200270956,-8.942108409383145,-1.7348220874300164,-2.109949710990991,5.693815395938017,-3.142786406913835,3.8005389497512514,3.96371417927622,1.6956550962114143,-2.9734888157199553,8.530395560697308,-7.293809652957419,-4.491256346052892,-1.1038587858821458,-7.161045618442927,-4.6799654582655,-2.2218319458290514,5.706804675822232,-1.212962465793444,2.43197324449946,9.923506558922075,-8.776424133558578,3.348362492629562,9.358554023550841,-8.435144422818377,6.366531240542066,8.55053602031148,-5.036759212010318,2.6767556975545403,2.3971295722915986,0.8290675523324271,7.312195197767835,-2.456495000044203,-8.332841844147136,-6.70638327270721,-3.70754548415926,-0.20528121357970264,-8.812641180566017,8.34624478730029,-8.446449123049696,-7.4327086483466225,7.111878532237405,-6.6767300558026825,-0.5380258360162458,-7.177335233117579,4.332827669701743,-8.536727227731333,-1.3686212632864247,8.58461187284069,-5.584447028402013,1.3058393936082417,-3.8892903990231282,-3.8004500624171484,6.2531436597904495,-7.009319461973435,0.3700189440004653,6.304067232954122,-2.801687023869073,3.2768990787970598,6.782056407889701,5.555459623600687,8.407445732241442,2.09622256024986,9.250134881865545,-1.7266122717482446,9.33107726097969,-8.312345367769218,-7.775485652036407,0.2089627066876396,-1.6134200748679923,-6.603579053622051,-4.9369269747249795,1.4407318711685875,1.1525619461675767,0.6298004693712045,7.954787294717903,4.625367135269279,8.801687117879283,-4.698818433827019,8.259059365964635,8.196970551830987,-6.522750576150534,-6.400252988019435,3.0856718983989246,1.8692117816092253,3.3390209012000973,-4.253272788892226,6.4458730846365135,9.238675098028487,6.40663981848639,5.523911633706591,-2.0453264845098644,1.2237329566448523,-2.062244399039834,6.573639292916791,8.860362303876833,-6.324701062062347,-6.779557013391191,9.636590120825815,4.32869383912767,1.6585162518182361,1.1458985310380356,-8.928195976961419,-5.0275741465850015,6.891917462696615,2.420779466406506,-3.4944818112844516,1.745262665227136,7.152306870571451,-6.4603774490997745,-1.750697987034325,-9.91560983739963,-0.10403985384819592,-5.417713250628385,-9.866206803774766,-8.249197861052872,-5.650610283816433,-8.511602684190757,-7.235042804264071,-0.7965035153102917,2.9249237502567986,0.19950431529337997,5.436602362399295,-8.029546421019827,0.315468749795615,0.3944186120300337,-6.079491313303633,-5.0679767448586555,-8.516253038321185,7.106045927439876,3.711763092851619,2.5347299621182913,6.635869262717208,-0.35368406629384097,6.3847189080781845,-9.140470638038076,-3.206276749668337,0.3765177951239611,4.681894470562476,-1.369043616881882,-2.235358755154717,-8.673845542432346,-2.0166911744371845,-9.79551769595252,7.577776146885444,-6.40754722416824,0.4545381867107601,2.5871189088063815,-5.059994550817384,4.663112402743575,-0.22665010190872437,-9.451075031940274,-7.937227386598287,-2.5988988078545354,0.15435158524383752,1.886184248235935,0.32119389622317307,-7.255066927891587,-9.367008698071961,-1.6858062255434696,-2.7050309014922576,2.443340042197459,1.4180720005741616,-0.9590236669889958,3.4707790139636288,7.540341751409191,-8.758634533021244,6.160392051311156,4.103913185931802,-1.3962535532498812,5.218357243465938,-6.62309109662951,8.060991183044635,-4.668572115938812,5.138990209639967,-1.634306672575983,8.508236431305829,5.705032834093892,2.7559781983300997,-7.908712310662969,-0.8911979779684582,-4.13147797039464,-7.003517260497136,5.751643681200145,9.336294265909068,-6.048789974543746,4.0273192292773885,7.402561524445069,-6.635738442237427,-8.661465479149054,-3.0036966390470843,-8.430996661860386,-2.364835286621245,-3.521303435423011,0.9192575998737507,-9.199374049501435,-5.884652087378591,-7.502826339063208,3.7586639641357564,-3.0568301597882837,-0.4681042405006828,-2.6255182257917937,-9.518576691623498,-1.0491091062767914,7.182293797768789,-5.290531346458693,-6.9470858174954735,-9.223656767801538,-3.914542861801575,6.2105697246425215,5.3878655748589,-2.9770605976563402,3.967593596328962,2.535458901908994,-9.933805984645051,-4.826762474235055,-6.734923965458712,-1.7526345128077985,1.2169542122521033,9.882613668825602,-7.827084112896172,-0.6889139216345441,-4.446669394242453,0.8723220634195368,6.257774007962766,3.893764612068477,2.484176840716996,-3.184535171070177,8.706177272028935,-2.582595907391914,2.431316550845457,-8.424361510748389,-6.051971215648891,-0.6512427810683512,-1.0079001610355895,3.156365608921327,0.5424587500205327,9.882327833132386,-2.5677765241956596,-2.4671311202897055,-6.173730983217087,6.987800178685223,1.3673534934387561,-4.683717537298005,2.897628449478727,1.7361164237425655,-7.4280347397959545,3.8691164265132105,1.1868770324729798,1.2106253321715457,3.253902488902966,7.139237471612283,3.6470157718847283,9.36229840172247,0.8669587259014744,3.2563344036866084,8.49468848263713,-1.122577956853089,-1.3084760821840664,-7.895292074150619,1.9681897845001455,3.383626321673397,-3.0384123409938653,-3.3915285250056515,8.103887427987722,1.6445511306876952,6.7876404840998745,-6.011495729290852,-7.989091290109942,5.3086206412043175,-7.891221800309342,-5.46418994871992,-5.334552616422139,-2.8409632931904767,7.335746658504696,-0.6400995005515107,-1.0485547578665084,-7.68468696932004,-3.695993591721316,9.544726913344821,-2.9940425110751523,5.811909553293155,-7.272116635713175,5.93873990111657,7.942967129870013,8.792057660654198,1.4429894454066439,-3.6004481171246745,-0.1908916398881786,-9.807921592631835,2.76041020404708,5.200393861307614,8.803979787323065,-7.99631661426742,-2.233239990163667,4.290720533307875,-9.844238427136336,0.44216151583345287,-8.313841324434305,-0.634390310094977,4.842312313477423,9.358696755536808,-7.422744948678295,9.179135860405108,-6.689840549084036,-5.86342285655922,3.737977268505304,6.385177202894091,3.93231272140196,3.7310233273357074,8.88932256392319,7.773937576479735,-2.395873579686736,-0.7471267545363354,4.3295511388903805,7.067968763381472,-2.376126096491131,3.766050277234976,-1.0334491172893472,-7.705475455883224,-6.170571295719687,-1.7958575788482172,8.505383002086809,1.1891271454838197,-5.977670236899694,7.081422569015729,4.498654998788467,1.6606452118319144,3.8165274338289947,-2.513071413286914,-8.61077622092953,1.2755020687622682,2.0163189834439095,4.136514827391631,-3.6585125957294444,-9.954786769123277,1.2338757801081428,2.263465206453194,-3.8677583152508666,7.881829909763077,5.815044642317844,-6.818626552872491,-3.085491309391619,-6.282170977309325,-8.499978228493049,7.964288784230039,0.004189283761631302,7.919423556469955,6.053809266454159,5.112776470477151,-4.456367692816514,-7.519532872752985,8.499392954280687,-8.55863107760117,-4.136569153191512,-5.201181348867065,-3.5390528250752107,-6.193876962489766,-4.469900616867402,-4.2041928594692894,9.671889655235464,1.1945952821522958,-2.109567701842481,-7.7117607410519895,-8.40828348464715,-1.596978436191744,-2.0291686482850153,-7.5849724977472555,6.180518019726385,7.242124057803277,9.93078831607614,-7.463801819729438,-0.07698255209197669,-1.5987706757867937,-4.835560118773983,4.1296537104465365,2.993605296580677,-5.36536845236914,-8.531818281331663,6.944983736644076,4.66531930640131,-1.1867352818263974,-5.500692117376578,-8.095310876752029,3.102446454721976,0.10796325029721032,6.12322949708933,-5.536331300621704,-5.45066526406325,-7.522300751927105,-4.590896200282355,-7.142325637698188,-5.094760336565585,1.0416364518881416,-3.6334857071275284,-7.8849065712853506,-9.138691625969447,-1.9757031781086294,-9.369563587179105,9.722627871086548,1.3475061453032815,0.7503397130735863,9.173065888658936,8.33366777554054,4.096142238761631,1.2335966913183238,0.8028054470616386,-8.863823825519745,-0.07897787677160473,0.7997681608220102,7.211790664441843,-3.7856214908964825,-9.079061038265483,4.2853189101919185,-2.0874584812539414,-8.101761110069303,-2.2832635654086637,-0.8731306166393296,-9.828341004866461,-8.502383958615598,3.7448445939365467,-9.088575630680158,-4.400754259522905,0.9517902368244897,-1.7353663313720524,0.09939309915409922,-5.136370053731856,-6.243026593345878,-1.103543306212046,2.2411296062682506,4.145823385238598,-8.348793582839559,-0.4518557706288835,8.454419364782726,-3.5683698638058514,4.227204881104088,-4.852665182004554,-2.455099832646903,-8.303416116844533,-8.54093990527045,2.7481056974140294,-5.592717462486576,4.798837049980413,1.4720747698594199,3.3907694239110864,2.254183716605276,-9.785502853952979,-5.578700875283406,-7.0563339181067235,3.491248833498693,-9.183311918642348,9.31310919708244,-1.8791573660067868,1.8279842809854507,0.755511782658072,6.727357739187724,2.055353814481194,7.442354590631677,-9.93344769212891,-6.231435628559494,6.4927220457837755,8.68200231922836,3.9440072307936003,-0.38960180830488156,-1.68821203125869,9.205531849039623,-4.16941421569301,-5.394118815238271,-9.410939488239933,-8.493645775737011,-6.25644683804545,8.61382714315625,-6.4508898275996085,2.613579481869216,-7.360536919116393,-8.926275256922928,-8.971220375050192,9.142588277813761,5.753947926484537,-2.413946517728558,3.7658139697147224,-0.18860761693960448,6.70976581511178,-0.6321344696154529,-3.3874754802656692,-9.880559888734785,8.189318137371025,9.002373125574074,6.226066359966108,5.62518121759943,7.611287097240144,7.210123932770056,9.373790082115764,-5.311403367399661,8.577309550405708,0.15452367384324717,8.549207425685974,-2.2302555063282403,7.501569070866349,-1.836703958791066,9.074187871987188,0.8122119936823218,8.296467058511851,-6.983211289148128,5.129804385463686,1.8318301934055636,-9.27593144994027,-7.125032113885384,-0.6952415648656576,1.350904624221407,-4.783115554823674,7.640360531435661,-9.480589374026035,-2.3979329315459648,-7.55307687650931,-3.5779325025309916,-1.374124927370552,-3.6298014311218774,-4.100305928189945,-6.181465563517996,4.75562013216048,-9.83961461508799,-6.816540698748781,5.485694349720504,-1.5228529381007796,0.04882921371575222,8.054876953137928,4.839346987674777,-0.11671490239214499,-2.889077548158663,2.013227542048474,-4.3840256634376455,0.7737653416869588,9.125297190625147,7.988260410607985,-8.646688733463977,-7.1101151489514365,-6.8440839094024035,2.581998927831579,-4.791257059006748,-8.119564187835579,0.3988514724234129,5.334530526980073,-2.635385959021141,-6.667040932139406,4.606512901720805,-2.4832304337434508,-7.369370395924313,1.3510184873432145,8.54062991731255,-4.540033302035036,1.000376843249171,-0.5177631832350222,-6.022608684827668,3.178799262585798,7.8077408351982385,-9.716955498150687,3.9707139664276134,-0.8008585229520158,1.5806857617257926,5.864452461097692,4.62831389740275,-8.219543302056827,0.12501727252624306,-2.8762229438119373,8.412363949519882,-4.86692108305137,6.7745618780851125,-2.7298233221934254,-7.8504600832860145,-9.149486083007757,4.783430802076275,9.889640162373084,2.1045411222474915,1.7085343405107558,5.754961217712772,2.2362230244794485,-2.5134169175205816,-6.869140932464894,-0.6170714917603952,3.3007281208561636,-5.623583181394281,6.881579033679646,-5.254805238328011,8.208510318536714,4.331155297530042,-1.6010072834624154,7.175778914252081,-5.067163768194105,-9.720356168907081,4.201377438867285,0.790421149664283,3.8730890376619893,-6.126145885449031,6.099025127660845,9.370028602676534,5.882721844635277,-1.56610308363868,-6.550601657682272,1.494983633755103,6.405676822132541,7.365332588562069,-1.4243141314982957,0.5969696525363979,-5.310244746543644,1.9839897579340438,9.886944897695138,-1.5489698731379757,-3.2943916030244225,-7.642153456877212,3.5229884608222743,-4.403402634003408,-1.743003419571263,4.882778186647069,4.4588484769759,1.2191295737644765,8.041033327389655,-4.58621951114192,0.4200834821610506,3.4537626584373378,0.5903225959410197,-5.343665199890406,5.964685057308808,8.673597622706506,-5.249233690673158,8.254905393755823,1.5591734544229894,3.5064044413089377,6.592961029355564,4.236221249517662,9.725426735349455,-2.450405920161818,6.19168821063646,-9.829838925999752,7.01997294297961,1.7318100917675334,-5.223875953265528,-2.9830098655024866,2.2385717200301354,-0.3530594595495824,-8.242405043805379,6.974940104969942,-6.821689181393209,-0.7066703042906859,-5.486774051018064,1.209009274666684,-0.8316849223492166,-5.8716971497054065,3.3429940743842934,8.953314750670735,5.453326005968599,1.6997402319845776,7.104965045634771,-0.7352304981025419,3.4808539315501807,-2.4677155276436498,6.357222803644671,-5.136935088890871,-9.614810299843285,-4.835885295748308,8.483463798086998,-1.035057676105442,-2.0898461950571594,2.2467164814692175,9.942404703424554,-2.8653032126086053,-1.6369898420548807,3.4984213165204796,7.272677712485557,-8.973842331233666,3.8965534985087302,1.8994235208668169,3.961318662310312,-1.1136763801133487,-8.99678130234937,-0.12932487740109622,8.182689399483031,-4.09984186900314,-6.126079933020849,1.0856219445448225,-5.502510823333219,3.445548672430963,-5.774499769462893,-5.379529603277032,1.9898714265934778,-8.537533373714947,-3.3065901791945107,-2.6982305265656326,-3.1824900009259327,-9.84709437400223,-5.0940698870938705,-6.665346231814622,-7.319484064080961,-0.20861390090631637,1.0913394641140606,-9.663821845297386,-1.2359697740381002,-1.64662252911549,-9.36533677453804,-0.5501870616916023,-0.9658574058799179,-5.518929758385345,-1.3361619660093265,8.813258524315852,-9.649336496303464,-9.539086593103999,-6.25986035018224,-1.6681243825546144,8.885426082706765,1.991248888946938,3.3858601711706164,6.8985921711218054,-3.926936730346311,0.8553312937219708,-1.516886394620574,8.513690769271168,5.680099529719975,-5.825831924176333,-1.3317153447550307,-2.0489554472563647,-8.687466048204058,-9.268535366660648,-4.56591658032294,6.58765995851277,-6.53118427937277,4.920874027484112,1.1743816257555224,3.8134240791020773,-0.553038190421768,-7.144875442108612,-5.340029392302597,7.991145908392799,-2.7249714640836586,9.608002214591899,-4.203859971272676,-8.423510042181043,8.876919832104399,-5.643006995886508,-9.64712160494283,8.284501650241399,-8.276388718571145,1.4540065053897884,-9.821208517900654,-0.4339532199366243,-9.527748523640415,-2.1396783909511825,4.686229094633802,4.803248775042119,9.24862135805516,1.0474596167453694,-7.775989068624735,-4.554049778289208,1.263148181178595,5.248519125863458,-8.19813550751462,-4.371389129977869,-4.3807774327313975,0.037737842260149534,-8.131307481011126,-4.166642223160466,-1.141343408734457,-3.4251485992126574,9.85948204265419,3.5145538437928288,-5.8637240763394916,3.0564261282185257,8.030239494599801,-7.355367984794123,-5.954242851283804,-1.1773381714661557,-8.10574104125806,-8.929989363515539,6.14283194818497,-5.984153571357751,-8.670742020492527,7.978687442301492,8.077732453817955,-9.675103389795794,-7.06326844303919,-5.57053742693644,1.6770244200322928,-1.2501535145866516,5.237760918627297,-1.2690025552704594,-0.3182135149966854,0.5914885736815716,5.031144649593752,5.475918872220134,-1.9850531036065355,6.719628586649694,5.340113334442458,2.46083017296381,-2.4997903849815373,-0.32188850287155546,-4.557314386476714,2.9229173687125787,5.318583529059449,-8.49953407404074,-3.120249938901642,-2.259281967445112,1.5149315010151536,0.6728297891437389,7.083420580605132,-4.9141818291942885,-2.3326404863083,5.026905619047513,1.4565738650139757,-3.774662587389477,-0.05234671513914435,-8.052792775573252,-5.634481353557201,9.484752268676406,-8.20710034063586,-7.508130584158696,-9.4915773741191,4.682687911435126,-5.899876980790282,-6.73144534695739,-9.59533696513563,3.0395690921241965,3.427742850537193,-5.554534994171652,-6.682274383289988,-0.08225060858599775,4.8723224665321645,6.295435116780446,-0.4183268598733392,-1.6459339309279368,9.09350095677641,3.7066900797423212,-3.8006648253297737,-5.214578945964925,0.19418558649628004,-0.3601651787460831,7.529246908778106,9.949042053037424,-1.5378048227685621,-7.036371572660489,-0.9652697881800556,7.828655796791541,-4.592227008582601,-8.889306219057339,-3.4580353878046166,-1.3980332948091228,-4.985091061642153,7.4306101172771974,1.6625516626175791,-0.31631522366538256,3.9422640900571793,-8.02026262970729,-6.3279290186230375,4.742274261682422,-0.0258472489833661,0.07366766520044798,1.055301806484529,9.748115619948713,-4.878442988371661,-9.156520662537588,-9.454200756566436,1.835133667495004,7.631965179379286,-4.124664530201791,8.226291080882294,3.822998067722015,9.023687144723056,1.084050699241839,-3.9966229888979914,-5.933392130047704,-8.262412043939989,0.45264106596733455,-9.121327407616384,-4.012232835710541,1.3497267883892476,2.4469243760993216,-4.332437573567174,6.273544181464107,0.22877278911051846,2.862874113226132,-4.973207659589384,-8.205897771028283,-2.601808705701652,-1.302651681701839,9.046425974100679,9.981490501268077,-2.139336295703165,8.209271207287628,-9.690573489866114,-2.062213715540951,-1.9300354627792604,2.2002038213206987,4.125942732908447,8.652521695331387,2.3787703719679882,0.9118030083086737,6.281533302121499,-3.8063031508719014,4.418195419893777,4.578026837871787,3.1475724427007616,-4.715956209374053,0.76367539174786,1.9321543459108064,4.838654117896262,-2.5136126773100127,6.035168482224876,-9.733815236884391,4.194437174296855,-1.0166374981100894,-5.4868281815523545,2.148718381355188,7.799210289800701,2.3285654902819566,4.55300775203572,-9.757267741071615,-0.8743935495026278,3.408767246318007,8.1839918392985,6.339556804026021,7.019863239341177,-6.97958183945004,6.332824959288089,1.2732787243640367,1.0968629455503436,8.982647820038224,-7.067043826220081,-0.13626567707857085,-1.6189639278231827,-5.346856746861177,6.16473611194289,-7.476851524366128,1.1596665875351047,9.715867090715776,-6.230557549422279,5.086720660094361,-3.781414690185551,-7.349499220308293,-3.2715979840427885,7.394335475580011,-6.628345294141466,2.594114253784605,1.8150626837338102,-6.1472281884669355,-4.3016161488810445,0.22105276369100757,2.5373948395176793,-5.4366387760906365,-6.429595439345577,8.213210204280102,0.0505503480095566,1.076063795496598,7.808874939465241,-2.379859351054372,5.541214681088935,-0.22451893712160143,4.527333707855249,-9.184840468574652,-1.0074406024764944,9.184727401384606,-6.816556805705353,4.673367021867399,8.115527489134081,-9.589660962602773,5.465773302303255,7.7409681500847185,-6.175503492556724,8.028239416893218,6.693300897399514,-8.492379631082317,-9.733729449345505,-6.059580382424954,2.15963560757163,-7.1470780253871276,6.7758657535904305,-6.690846066812073,-9.346128447290983,0.7150587677904703,-8.489558235553837,7.787343869619374,8.436671051775665,3.710875031397535,2.3179404872549654,7.849479442345633,-0.9884064887214468,-3.14705704111248,-0.5154897091273902,5.10656795337815,-1.5882137426329486,-5.74944937610383,-2.337052369967976,-6.825831845753985,-2.7383563592268985,-1.9862697781009242,-5.380750081646504,-8.971689694890102,-7.728337097653659,2.5974895929726127,1.63586056461501,-5.642783432883123,2.2786890883560833,6.613397299495595,-0.21025160923062458,4.1342546049986915,5.325853331235603,0.6151137394992041,-7.083329888965739,4.056916026695156,7.2918923665467155,-0.10126034028448139,-8.563610063170731,2.620363762688454,2.2418166425164543,-9.232905142322238,-6.871884056356825,-9.733626980494138,8.02028831565745,7.804586523116388,6.042533262743262,-2.0733122402128075,-9.193967732948199,-4.307482642243317,-6.0140531666619985,4.164846156011691,8.390891501076958,-6.435037137912769,-7.604591010679506,1.5267695688842693,4.868334951216568,-4.062158022396738,-9.350182736195825,-9.061279772263838,8.203899444521351,-9.226614267069142,5.263021879217614,5.777697195705144,6.993060474343263,-5.353981870922064,0.9733335694667176,0.9205352196454157,-8.954997572605155,-4.72610891857753,5.815667885699149,-1.5076802582112911,-2.675916735712942,-1.319262655790645,-2.982685601059087,1.1701726165531223,-5.598738039216253,-8.512008647101162,-6.076645462810484,4.738894233713836,9.808936966912952,-7.615547151331246,2.9265110643521517,-8.210527954179724,6.15634429831406,7.315764791312635,-1.144714492093069,4.7843280546297,-5.021549186423167,6.686596369960689,-2.3029978688563757,5.36014348677659,0.5011031534283905,2.2102013680931876,7.405770849489674,-0.8044748309124206,-2.3739215838741394,-6.880172679906567,-6.799637190083896,-9.008839034548002,8.311303085420825,-2.7291344416354697,-3.410952384120815,-1.7612073932407952,-1.976720787207384,-9.851169113469382,-5.216347364665395,-7.672554268221232,9.566938621294337,-9.120116247135325,4.916985799285863,9.001875855764268,-3.8221814386788733,-2.6115134049739908,8.057026792883182,1.8363072247671361,7.930088136262281,3.8188032835451082,-1.2958732337242047,-1.2976366568562732,-0.9903183859626115,-6.904247029707287,6.212751870290031,-5.938910976358214,1.5323560317709202,-4.950836031150456,6.540568062019041,0.7922336481711607,5.800887673887063,-3.8620085905573065,0.0865270774982676,4.119009475280336,1.7571441150475398,2.564938947580524,8.564646965314658,-6.570460646623686,-3.6515629071729183,9.441982645487801,-4.381203652767381,-9.632538979934626,9.625851092123817,-2.015393234900964,6.64415616833028,2.739250186961982,-3.733801098917615,1.7855312805195407,-4.191149464763231,9.137185624111048,5.717119601546889,-3.6336812172805537,-4.977258759747782,3.252133830599128,1.1595677769029127,1.299703947778493,-4.063880583723483,-9.869033279875977,-6.9154091943786895,3.711229103273123,3.2695702104523345,-5.910252328301793,-4.061886376459524,1.6808721448104187,-3.248733830356887,2.714130489838144,-6.1807634424764135,7.149950176681159,8.72625871022069,3.742598558744046,-0.4568603927069077,-8.716072825037536,-5.9012467243288835,9.596388258457274,2.029723748574323,0.1876447877300631,2.2355252320640524,7.4717767171451825,-2.863034758357161,5.446406232750746,-6.410098125705335,7.647830164274467,-3.037481490354354,2.250962206798693,4.5941944983982275,-7.258518637242448,3.0423876071571705,-2.642396688226711,-4.943161380421513,3.6248930693695662,-7.8914877155047325,-6.748626300009574,-0.28774800915862286,-3.361824021471989,-8.192084308504397,7.9274577005741484,8.694589551809639,-6.164879399881215,9.828023783584907,3.2576106716185382,6.524509971775036,3.1868367988158557,9.858483416217329,5.948109573199876,1.488465939638175,6.5837732359430525,3.883905064089495,-4.7949613354744365,-1.828026350960247,7.504597540083164,-3.2246618232949427,-6.693310945509565,7.213489113048979,0.494944374363282,4.483343306545329,-9.215258057472987,-9.55743002432532,-9.419009099127038,9.43908756860916,-1.030626364810006,3.525803072567273,3.6257914863573255,-6.491082559277159,-1.9435218598041395,2.14717036339632,2.14368457744664,-4.691198675750949,-4.457527011348283,-1.7622496352734522,7.043643585891566,1.9875981976053918,-0.45497892927605044,-8.678225324706457,-1.8446194160300209,1.4873326399796447,3.221499934107541,6.205717756566713,2.738329965351811,7.376355366585074,-4.014009146005777,-7.459462022504786,-7.205090724947707,-2.5180597634330777,-1.0508090142685376,4.971458359612829,4.460088620035535,3.609468308491312,4.203980186321967,3.0384203601977493,-5.042877214836945,-3.927611773879722,1.384846808329831,7.999942815928772,-7.663045102745172,9.25318568862485,8.796688346385274,8.949856952487341,-3.9679410655321146,6.891259375148145,4.902008748172175,3.8711351412165733,8.787211556202202,3.7936457337226024,-6.355214802837756,2.194877245184779,1.085366513397295,-6.859420900197857,7.7228083432762915,-9.47337155685556,-1.6490269097516723,4.103867271390184,-5.229471958441685,-5.137049115582513,-8.920212348429683,-2.492630993040839,-2.4861905991558615,-3.5728987539548607,-0.5600084967593872,0.8935295415463038,6.746859148730977,-7.729637716658022,1.558638894714008,6.606179363660917,1.3937587876343187,8.00625627406351,8.390157032190668,7.313011634568085,3.4641294610288735,-2.042767188527854,-9.648542763049972,-7.229655223359712,0.9468356063172738,-1.9114106119676517,0.43773133640547357,-0.2786104737355988,-5.482939138947398,8.914092239683438,-7.716020774677834,5.0955984689187375,6.784565730848268,1.7306250698722163,6.126892582370807,-5.723280877687335,-6.617643189552704,0.027515064785472276,-6.253025046574625,-5.452520682231754,-6.71677099697442,2.776598734976705,-6.2742385400588585,-7.176342835181744,-5.803073240204581,-8.864993583879112,1.6655209225098222,-9.835103497577817,8.247807712378453,-3.0921253492082723,4.484597763822212,7.3446406878888055,-3.646694512491912,-4.137179875280383,-6.202378996011866,-2.727512985534579,4.867757624818019,2.760900113845107,3.976931678889077,-3.969017784339089,0.754932770216687,2.495655005394477,-8.702691285815584,-6.163820400280793,-3.446607895272691,-5.541289747159692,-5.041981214627286,3.1932929068129745,8.734330082010477,4.781338041456461,-9.933536471677428,2.719196426562087,-9.425883289770969,5.903271659797637,5.372828499477384,-3.514378556321902,-1.692119031936734,2.419349538434288,-2.8414734846324414,-8.126990285889125,3.8902167114027915,-4.339400158988971,4.466332048288509,-2.2618772755811882,-6.74975560653632,6.237748368469184,-7.811662874893459,-3.0727282545239065,-6.771980227662051,7.186151024364943,9.997534865963754,-9.532506947331337,-6.9252092764829065,5.260522510514798,1.9678291978601692,-1.2261802760014096,6.248030947100432,-7.6432527874794935,7.798412850858853,-3.60111346310382,-4.58803587261426,0.47418934691196135,0.7034934063002893,1.8211229238710054,-6.474730577861411,-5.036242822689578,-1.4379741541005924,-8.295946086635118,3.9205712214579265,5.48684738804814,-5.146266994441726,-9.729803865069446,-7.4435524413463146,1.3190426093455283,-5.179286730486394,8.441084922703752,7.5863345055139355,-9.525495566503501,-6.445573822819295,-8.966945455790272,9.382256421291796,3.5409591246717618,9.022929428894098,3.4720160519518544,-5.981228731913717,3.2003790262085374,9.27869287308576,5.118043133430671,5.019552504282061,9.873480083499555,-0.4684899636268387,-0.891432989888747,-4.8258897112407855,6.4118575066623436,3.9146015076725504,2.7529429696622465,0.5338686465927438,6.520487970726318,-6.368603475324632,4.3051171279185745,-4.441413530577936,1.368854194316821,6.780990402767692,4.166373055113983,8.236495182257428,-9.089445709721195,-3.3398644272646454,-1.24409053929271,9.251360217320915,4.87642479685308,5.574090631305408,-7.740629881334549,3.564547577034043,-4.469148406077448,7.840896802086739,5.277053541377336,0.28426961798244577,2.187131667583879,-0.10616320532021994,1.2463408654657897,-8.404748080174942,2.3702755785426195,-6.352072748478477,-2.255155009175869,1.2312155038161485,7.549825911252277,-0.7102480102617204,-1.0538231105446005,1.8193176509654272,3.439895617775882,1.678114960464253,-9.40554039274181,9.377130156386407,9.955677918536995,-2.528639389266636,-9.494488066777688,9.681870520681816,-0.8754944217314105,-8.696470833684398,1.36841180985407,-1.9416675883330505,4.941146361214589,-1.3045866140229734,1.6622581497271156,-0.20856244732224383,4.585835255696134,-0.6746379805471641,3.461919006190964,5.393990481628892,-3.921040366745377,-7.4969772403528445,5.213110717922444,-6.383146113837411,9.266191664170723,5.719912394807007,-8.710829266759808,3.079295678443991,-8.770306883751593,1.9682064145056426,0.2893684203940534,4.506942915066645,-4.841078527017024,9.856372301164605,-2.5577622558267787,-3.4563869267621827,5.649048205216825,6.0035529119931965,8.251962078731783,-3.2733329485540157,-3.02700467056429,8.555015921492092,9.82262285536638,3.3610894392934565,-5.937951672283797,4.29835378913169,-5.519446337431564,9.324063692692924,0.01804836321912262,-3.1171055583835745,6.8876099141650435,2.3986495541117385,-8.000661392678406,3.1882342002872477,-9.368846380701264,3.847125475440043,8.72925538869568,4.4250371846920356,-2.192726965806089,-3.458872531785171,-4.304637365312414,-8.464634246379962,-7.596311204337143,8.79240394852425,-3.476002873099713,-0.5913942848299918,8.90171991097565,6.224422632684462,-0.864418262427229,-3.1732266924813946,7.982360676953377,-9.308166133684244,-2.546102664666128,-3.011895617538176,3.95985527478639,3.53574231208621,8.73396213180768,7.7839140082807745,5.235709461333041,1.2893359861802605,-8.784945653424963,0.8288737855960964,4.2925399273342535,-4.7506391018849214,6.85135842598411,-1.79446743534983,-7.730621683918035,-2.751020461441753,0.6176107727777573,8.796949445676916,-4.89380118158323,-5.166865701373878,1.423296000156089,0.6773699024865216,8.226612978796354,4.234630464227369,-6.366395574531547,-7.16315432905402,2.7901937437724715,-5.629891308550501,8.360101176689106,8.478773457055858,7.105443711354496,6.86863009205527,-9.153142969801465,2.286781535239255,-2.937884995571771,9.22002813583251,-0.6940736555955915,-4.248838336689518,-1.3422402098204511,9.619758759769127,-3.025621177717934,9.637756896691883,7.781168584935049,-0.34221582705186293,-9.225036831245008,-1.0967258577532704,7.073647523859005,6.6215049805659945,1.7448164555701968,4.811411357837091,-6.100104746605577,-3.9767241782123612,9.517522722380253,3.4095947026149176,8.11954129756404,-1.4631100285016956,4.018647524721182,6.6461353615086765,-3.4515377911877216,9.799912213096057,2.715595829249695,-1.3665115735569788,7.73293617717632,7.839578607921062,-9.021600073563366,8.681713597697652,9.178300792706164,5.806816895533196,6.520472799685251,8.502464485966211,-3.518380710513835,-5.813592972544699,1.478308015978433,-7.815814778209946,0.8605887253952424,3.232003296683823,-3.885278974739917,-0.2303946750233905,-9.014189528499637,-7.619256191138916,-3.116426838863921,-5.508192984094078,-6.687803282893594,1.0576709196656537,-0.7639757060328467,-7.4523921505202235,0.23980884220202725,-9.984961872933564,-1.4010943745643694,-6.846373233844966,-5.421187406806929,7.7182555105305575,-4.195990250970629,4.266395252790884,3.506392811483657,-4.117254376964981,-8.565634446077816,2.195229535975953,0.6793703240267472,-6.987821442398503,6.125387672073927,3.7463761100675192,1.7770091274120574,1.949939686291975,-2.515386562315463,-9.435442594041186,-8.862675036635341,-7.769082196861008,-8.85610860031812,-7.438826195528052,2.7651854310983417,-5.468176458982508,-0.91035701153179,-1.9113916945360145,7.73738427215325,3.584386068838727,-5.072108890548053,-2.3151926037126564,-6.3393869852748885,-4.019426236418253,-9.696060416474753,6.353980801390829,1.0082027546838326,-9.195118787467374,8.016057564817523,8.22060383593682,-8.178005845278758,-4.735933795429707,9.388474331138493,-5.177647613721506,-3.510122867986194,6.652957663116428,-4.001647662027885,-2.5505376282053804,6.67734314953066,0.521059664659532,1.465663970462284,-4.119834182921476,-9.879555573036932,1.9344384419362761,1.5024443719276839,-0.8382221747506122,0.7658137103223677,-2.5702704683278155,-9.703926573329596,-2.5045733981204403,8.152565700560249,2.258975264328523,-3.777229813637957,-0.8179853151667853,-5.830486055844643,-0.7623388982928319,-9.731433714709073,-9.026998781332294,8.35373761685161,6.736492720551407,-1.5252145598774405,4.372620858264719,-8.9994135344916,6.426717113150083,6.4995326957133415,6.760165917461684,-5.835044677168597,-7.329202723749462,-6.346359913181883,-2.7767946194863713,6.779918196736915,6.519294457027847,7.362680446584154,9.304091325304576,7.96740237718614,0.47975243964468817,3.7116591735428806,-4.071473551490088,4.201449325879274,2.5344523563947856,-0.12929339415141072,-9.101636284421062,-6.994652000416524,0.28877912105392056,0.5872430501625576,-8.017906417649499,1.2673592078706868,-4.763117532833681,-4.460347270070564,4.640496420647738,6.361418607679358,5.059986889835685,8.99602023188756,2.8217085798006085,8.256521413803469,0.1734196871118776,-6.349471910888589,6.0605137137418055,-4.315769834688574,-0.11953420457272479,-8.383806467375269,7.8594630984057225,7.5265668551137,-5.395234393060376,-7.058604547391898,-6.537939507346817,-2.433875066894135,2.8952836029167894,-3.6860284528784337,-8.181851373083958,-5.431090419381974,4.455103156269139,7.645789694558303,7.511370743767802,-2.515961390034245,3.6506959203247646,-8.783421421164093,-1.8453787365812069,1.870000137072271,-5.3234423375762985,2.5415226323274283,7.637639915538674,8.823135150470492,6.339975661673453,-2.194993931169476,3.5324231795186716,-2.308287043973449,-2.3667963471576448,2.816764104689346,8.129649612577637,6.445994001602148,6.506404265480853,-5.29867170497848,-0.5864706388860874,2.3172828166106108,-1.5282149262670348,-1.3326513072997042,7.839814742118996,-2.925618012170556,-9.44233223536379,0.45544821902097077,-9.076892731337082,-9.927503546750781,-7.0227618070097275,-6.455310760935311,6.008579432981406,-7.821978061448034,6.021612123202793,8.961171658417413,4.486484037247557,1.1890211454577084,-7.593680036929181,-2.512447184675832,-4.553545977094393,-8.039751038111085,-8.51298799881502,-8.883222321577522,9.923125294290955,9.454515923600916,-9.234655730966798,9.766514158662783,0.8601013815049647,-4.446361290764487,-4.899419108699323,6.3310113323297905,-0.3474470830381762,4.626411820972338,4.272921450677604,4.838404000134496,-5.818536284603368,-8.742166233860464,-7.996128518099801,-4.022519719914655,3.7863710242805872,-3.2475777770045884,-3.6152813281048513,-1.5502330600252776,3.7451499975551084,8.420984556316082,8.513293485635998,2.6247619056184988,-0.05356590034872255,2.950470291064452,-2.4882453569872487,-8.82979291467073,-0.06353478657834088,5.046532370370819,-2.8048786258903213,-2.9133397995774697,-9.288113478116166,-1.370549812972488,8.863538993093762,-4.54852993302886,4.283050939982953,-8.585827354995937,-6.724068541169057,9.255327237035985,9.883697399099514,-7.959791129305374,6.612710604155062,-0.0665191096780724,3.795586564725344,-6.4236047828136105,4.156740332769747,3.4989978127010417,-1.8836711270262452,6.4475196471748575,9.147130161551324,-4.125655218093522,-0.49885629738528436,7.37695275741028,4.031335086324994,1.6408149241695469,6.57974839994106,-7.6955246591104975,0.5178027316012823,-9.684328857537551,6.543663218696526,-3.821656197695267,4.113974475780449,-3.7055230739103084,1.626577993581975,4.231579697335917,7.465100204935691,5.4491317898323075,5.0805859911732725,-2.6934400922337476,0.7967034742174572,6.055317667755894,-8.753481107853528,1.0256953101655206,-8.91599609718627,-7.982650230307713,5.186219699162946,-5.570394459637658,3.23575285525118,-7.287203372251456,-7.768154404628385,9.742764699483004,-3.5824482571049536,-6.648177320132129,8.797650117504546,-7.845459783658759,0.7819798527079325,1.584310893895724,7.950964365275176,-9.534133547664565,-4.039793143107682,4.001927103745114,-3.532729239087054,7.147155614458832,-6.503940009494704,-7.340046994550549,2.5933098096867013,2.9924051753640786,-0.08313028210625717,5.145105150481173,-1.2791740977426613,4.007655711970273,-8.525009661779402,-1.975718601272483,1.1460257447245237,-2.692803200219112,4.0075171445801505,0.1366340647007025,5.443616172249101,9.276278844831115,2.751203497241141,6.28985386202562,-8.728125396949494,-5.535195031053171,-0.030804529121727597,-5.748684005742904,-2.0397978802314665,9.204224559054836,1.4211227227746832,-5.708710391051475,5.728461496513566,0.4339137518280989,-7.875250547090376,0.2716657337611412,-7.164719444325529,-2.163880417420727,-1.433069228152764,-0.3034306986992714,1.253907037986048,9.320427278593517,8.345793073280284,-4.911858035369074,-9.950857105341399,4.4927222678204775,2.5200985557392706,-7.303352413824884,-4.364395450989262,9.599709481934752,-1.1143707117700465,5.134726139249839,-6.081942432896503,3.500482015189254,-7.378360685605911,-9.108485616882184,-0.5145487708965035,7.479353062660323,0.596532720283129,5.4807441145211655,-3.5928653298008806,1.2479022148944878,-2.051968314961689,3.108930398977206,-2.620369681839718,4.052047320496321,-3.8051253935418083,-0.1688699599152006,-7.362434884632183,-9.302118893085456,0.958028458735745,-2.1877686356986503,-7.842962082186695,2.7977650892644785,7.716911017704135,4.247923674887566,2.40166098285108,7.115272084643827,1.6928811656339438,-7.1009349241377,-3.266813580099721,-0.5531843233782645,0.5546651286775006,-2.118560472657691,5.559129904933027,-9.612907098458926,-4.066599785771183,-7.270641543200666,-2.179579175627624,-9.944766053684367
1.7170074581040655,4.621373191486629,-8.803231947936858,-5.017244266143894,-5.2319183347704,-1.3564668810253249,-4.854773903604768,-4.197523420381888,2.700329693844921,-7.167520608564648,-2.514269928029009,7.8344554813183045,5.375800745650402,9.714523658478896,8.16420502642973,3.474051590186111,-5.0473230618748,3.510230874860781,3.0874340844916954,9.851908326369504,-3.2073121537946214,-2.6255372299205675,5.4478957484815265,-4.996533677345358,-8.449591813145162,-7.578838170366069,-7.800600086384401,-3.243534590403887,1.5856905391283256,7.954264698786357,5.262109666499164,8.458479002890591,0.594799240627804,-3.2332367132970274,-8.204783667061033,-3.947057875939919,9.979825477276552,-1.3440928433608672,5.8832147680326035,-8.528107771854305,7.7333380215016625,-3.87723450562512,1.4794220664942905,9.18166311993225,0.2841035509089487,6.026022190395665,-4.837487749631693,-3.5715444831709657,8.174413342669212,-1.7324746639885742,-3.281299803601872,2.229532329174278,-7.461034120390897,8.033953463173397,2.547321443009835,4.275818361459853,-9.747056984491023,2.370026109007279,2.3426484317641716,5.316232301508672,-5.55334860284511,5.677821086206929,-0.10554203365588144,-6.5760379582169985,2.4734461036704953,8.067947064993326,-2.778875740362734,3.5043208023506374,-9.2936501359028,4.254025447832213,4.2672556191382505,3.305663377781018,9.30812019838357,-2.2661747559545304,-1.333338028673598,-5.240115660581814,-9.021435611983348,5.453074510172641,8.253045995653103,-7.017140414082094,-2.1402635959459353,8.656157569151134,1.9069368966222822,-9.994702048184866,-9.490985299363007,-8.474252483781475,7.204123177365528,0.1520527837507739,-2.6914457679726826,4.39336483821803,-1.1543132939419483,-9.755359182484554,-4.149134916629736,5.38775281454507,8.800897218558944,1.1481500626516237,4.756966932418589,-4.452993398293623,6.975987977801413,6.978341709509959,3.4863689080255966,-7.631140692111959,6.393421827384699,0.9621225123622335,0.6312882929296109,-9.674327183552442,-1.0989492648753334,1.8691785572026767,4.210330073925395,2.732715035216904,6.654455673883245,-3.937805254874247,-7.888478822290983,-8.326146485500438,3.6233816084665964,7.753819424122149,0.5872878210277772,2.383116115823915,2.206796896907818,-1.247262323694443,-0.33591792505974105,-6.4652311989673255,-5.035655105342192,-9.06513097526914,2.8400320825958225,-0.3354315934991199,-9.116059071985731,9.064339203659586,5.955414055672566,3.3479202097324094,-7.233965282136672,-3.9311522980020257,-3.115300035519864,6.170999784056093,1.997366171524268,8.425636020233554,-7.121152060949014,9.455633566176758,3.8485442427477743,-0.20480365292179847,-6.183847221604353,4.234440192357381,-1.5845613486452592,0.8251943672537756,-8.054813660734581,3.28578168619568,0.021458638318431866,-7.775408015501874,5.593777043432471,-7.1598316650022165,-6.670535019597961,1.5310976370810927,2.6745441211739944,8.996467575820457,6.491683438509046,3.2789681944170557,2.129593573655404,3.5917536208581584,-7.498740266030726,-5.677357263423117,-1.5920635443221443,7.594097051871749,5.051533929565821,6.0273920100427,8.479837672125765,2.160475091930989,-1.8072888259937603,-2.085406273551282,-4.104573331574661,8.955514835236698,0.8579550872004553,4.3015674333762295,4.864119308324815,2.0429473262033717,7.439287881723317,-9.074013726067921,-3.5176888685333996,-7.396314897751992,9.844700883118783,-0.3839330923046642,7.370328567557461,4.508554647027319,7.169266660089885,-8.548638879606564,-6.293279210348932,3.9454960745641383,-4.557760730174644,-3.3146938098066547,-7.612043579825583,-8.434280555702141,-5.731771941135985,4.791012900897208,1.9238508715092824,-2.022696167271345,-8.825665891678515,-9.38653757886199,7.789950130711713,-9.263767448004149,0.24753720032356696,6.599048404945162,-5.577871005920931,-0.10764059303105533,5.199755448916793,7.617164618801404,-8.142066609866273,-9.020950104082416,3.266220085159121,-9.984310678374841,4.425286307648577,7.14085960087591,-3.473361214048623,4.116911549109217,-9.463768954842816,-6.83021469667124,-6.874458066528966,0.7621707754707643,1.849970422300082,-2.9474959073241536,0.11179288770645712,-6.416589571972191,9.521972618458435,-6.1162399426661,-7.634300925047139,-3.4857078103717987,1.7910355333715078,-3.731477135141361,-0.18296137339811835,-5.936087188317936,-7.940185905291168,-6.24531873030763,2.7247343907489725,-8.04065858430981,-5.979132207305273,-5.3064974117201835,3.002923833835771,5.012307048432451,7.34964407494687,-9.906775834586002,-1.9798302386704165,-1.2009134343470613,9.077093993707823,-2.941735166789485,9.323670006677748,-0.2405709715804356,7.05042532580725,6.336387996265547,-9.167685254502661,2.107257463486075,4.027813646903489,-2.9947514842765948,7.774560293312259,-6.05402906465871,-6.256741712580602,-2.13710210924795,1.8571278270057725,-1.474019440302003,-5.939408833288851,-1.623224537880752,4.734019450887644,-8.575046011924002,-0.8333300891502589,5.7794257999795935,-9.645928231002586,3.0356571309665714,8.125476272726502,-3.7949474327858983,-4.266058815027634,2.3886088579989018,-4.64813898862356,3.38249515394525,-1.7597784392501215,7.530498773429027,-4.994753892790664,7.498105792463626,-4.623225175874406,9.042678709296641,5.9685063519151065,-5.926967904019474,3.0911505116496905,-9.150108035015203,-7.126644509848981,8.492559483062148,9.006881514738726,-8.210968696994065,5.4721773148005575,2.99717133721931,-9.467262661666975,-5.629757692577817,0.10439974168041388,3.8045715610811506,4.06725141760762,-8.930627182532799,6.487552012691538,3.79212879723619,9.722604311437014,-6.966631331190751,-5.614683004074705,0.77377756763366,7.557713352498915,7.487436372323955,3.4122082359436448,7.63824513701358,-7.284519786245411,-8.424912676394475,5.495787343084999,-4.262532516123903,0.23321398691895467,-8.698161538596725,5.599369582679415,-4.172314126991667,-9.880598319160486,6.901036289952383,-5.53904293781123,-4.487995569506067,-5.565491556721098,-6.404745516256536,4.157310880158057,8.259708884439139,-7.446754006570813,-3.139400938785828,6.269913580713361,-6.794343362973329,-8.269599157022443,-3.559080624505768,6.585633766906362,-7.8596395373605965,5.6168044876379675,-9.049296689133772,-7.530296246176316,9.070555493903441,-6.406804786718629,1.3718167183708054,-9.045952277320605,-1.18584115957856,2.7586826671032583,7.503374269526766,6.460113938937827,-4.481459137245583,-4.982676937098276,-6.765210164093201,0.22931537575579952,-7.7943173294768275,4.432689997262429,-0.7567883769184682,-0.36764854845448447,4.350558400313451,9.855868039329831,1.0049093128948527,-9.78594545357575,-3.83247751590339,4.50194531982749,-0.3662509287682383,-2.4202310985959237,7.282788046207806,8.457477384396281,-1.824967165675746,6.4014887798485915,-7.01926551207912,-2.956628168502043,1.940453717196993,-7.2722435252390305,-7.367583131958271,9.146481097468627,-5.367526716944944,6.2391515508794235,-7.341093525179283,-6.537719824845931,-3.417897686951359,-6.536546974652557,-4.9694813920824465,-1.8571028909139393,-5.762426266656988,6.55994239410667,8.60930955781232,4.348767276371037,6.660129351919707,1.8726354643404761,-0.30079219301305926,-1.9631334667797962,-6.058836225409117,-9.159928216585957,5.4237222805675,3.508295566381271,-2.799774320031087,7.347762507918489,7.609939848068947,0.017347825523344795,1.8612008865879126,-2.84162206945682,-8.477136436769584,-9.82386158867871,-6.634170938022916,4.449655506253185,6.33370747114413,-3.8552197827268486,6.4023027678560105,-4.450160565006769,9.056914219667409,3.634183942418737,4.666209814044972,-9.529715385572157,-3.032307208887879,-7.511244555765934,2.0590592502134957,8.497979420549289,-3.452307204937844,5.985710859785005,3.4030479269381946,-4.386718249166015,3.140523057564339,-7.72876291377643,-2.5790975488909744,5.594182203701617,8.154709985426226,8.735825823471139,4.9361862563747465,5.862764606938839,8.961749328002341,-6.8404238914098165,-7.328730920042428,-5.293467230698905,-8.141519516411286,-4.710474563906635,-9.521128439091067,7.173018040938189,2.473076560557949,-9.414141393617205,-0.23546755312363743,-3.472561416922762,1.2502707457748325,-1.441511344935071,9.109760319519282,8.62198423784557,4.601380482303091,3.481276534715139,8.940479310488485,-8.35581385816715,-3.4472831959590717,5.6018842244935545,3.596920357853076,-8.603277701804393,-0.5616787511154779,-6.06863391915758,-6.634705917395252,9.49502197407691,-3.646783656805348,1.6475796342481797,-7.710326866339752,3.180019390003892,-0.41833697303224504,-5.117406337576542,6.2527869304530945,4.120209712513258,-7.358708406955394,-2.277717965346202,-6.0173239457821515,4.415110834832019,5.493655341279883,2.951144192332116,3.3056431501840073,-8.96623836719665,7.515931081031766,2.3822331531429857,-4.422035079323505,-0.8390865738630904,-6.8318284138723655,3.1292110517441447,9.622607395073647,6.80398796033543,4.430859781001999,7.591478712871943,2.606471918459494,-8.526585169298418,6.807282957157934,-0.16955513755883445,-6.523964114909222,4.087244233702506,-6.690777941231834,-2.0342144941575775,-1.8653206117731553,-6.341251859326864,-5.8511408667612,1.3822865068549817,8.357430738417879,7.890251878035237,-7.159069377834153,5.783219002087801,-4.257314835782582,9.23409944102469,-1.8065675882350263,-3.0469285755817737,-6.200611392758864,2.6684311983719837,-9.60737985609138,3.119336299192044,2.318376151527916,-6.344559138198516,8.853904154151774,-5.710486683885188,6.15917243671586,3.8702984416472432,2.808477561501393,6.6011837370429625,4.198726467199329,4.55031361554612,-1.5685339790520487,-2.6730393202810365,-2.4426700425163173,-4.4426138674611515,0.35440170087828626,9.526351327209472,3.3271259047441077,1.656519202738247,-6.048076771785351,-4.362111981121002,8.952078718000635,6.687791250291703,4.500177334841878,-5.974810654675657,7.969423522394859,-5.819489945824694,-5.943103839111233,1.121431513808723,-3.4133431896866906,-4.369529680131219,3.1115949636157545,-3.5006248569003766,2.5266411856440367,6.551627402142138,-1.285296583910263,3.2189046889113904,-6.017997681717873,8.287652269642031,5.557284085237091,-2.8850010416522487,1.3118964852623414,0.4276786960473107,-5.634421938024956,-3.7602947341806603,-5.562036910489088,7.704733324276432,4.596373691592326,-1.8088976928679106,3.417293061617002,8.563897135731825,9.894583362564124,-8.335709754602942,7.3104367938992425,-0.45916816544310635,-4.526760769285742,3.194938436999191,-5.201014511089614,6.579474834939894,-0.29666646774350447,0.18945310998338627,-1.3641639408191217,-0.3002280803077735,-1.733307728172889,2.221352476006036,-6.017793664725833,-7.294290826981307,0.408050455787377,-4.386852821472013,3.5484260619892467,3.1771055137029016,5.418993004881498,4.274996478366999,-0.3171266386340754,6.950507618859895,-5.028505995964214,6.690451308922881,9.65720675328307,1.8449506306234298,5.153444189079057,6.356555844408184,-2.803989674285785,-0.5481462815070266,5.947157422085995,-4.46960701882195,1.5303684031305629,5.930625622855272,9.34250043878728,2.933144649273201,-4.664903555075144,2.4575608008291123,0.5962786750462978,-5.893539738194118,-6.385600067428543,-7.987012051481537,-8.01883245963192,-7.28768776101438,-0.8844974940731891,2.4382079717778744,-7.089826150605301,-5.835652383633159,4.010901916790191,6.277124349055615,1.198941473043007,9.58586240838181,7.623828123645808,-4.325039453784891,-3.721067605419157,0.7856959666460774,9.944321196427737,4.939860425742513,-5.703454700281512,4.201116154692661,1.0837358248824813,1.9856563203448,5.0246456635657015,6.039597102682514,0.545404702709531,3.616603000843865,9.248005767385049,5.120648610454083,-0.20364671102267629,-2.6410915845008676,1.596411685733072,-3.7089595428107884,0.4593141770351714,0.40107615469290714,-6.2287029928410025,-8.313804677888905,-1.779712231793642,5.494373887056273,8.224113796016287,1.1457464791635488,6.382660135333165,4.589474295245278,7.823638298255162,7.65627571864874,-1.0797543852460674,7.416465296836268,-9.64446818998962,3.1170374896955533,-1.0107103046655457,-6.529443129283596,6.265197375388549,7.023935228620665,-2.589847390333242,-2.8833290896080648,-9.166023523098152,-0.9434640367871125,9.934946913832967,-5.484205467491607,-6.210333019501382,-8.363803689104778,-4.743852450335888,7.349557281462623,4.895166344773722,6.555006855285534,6.15963118994782,-9.142728301892296,-6.90884844086233,-1.1535584827668366,-0.1295359506279503,3.780112376038252,-8.262225470480091,-7.909426502785626,-5.84371334371191,-0.35422776825112834,-7.9347835989595765,3.487235356395864,3.8855725783668564,-3.3413999406040524,9.227742102526829,-9.809842747383797,1.0794979930216932,-9.41804644582269,-3.951275999390851,-2.591068662125884,5.864925439858538,-4.382793887617813,-2.636163089217007,5.457853469033241,3.2263839496366415,-0.15631084609341883,7.367844343855477,3.26552545511775,-4.314720675246734,-1.083778129543715,3.176167345854024,2.525596331509096,-8.00835563382569,8.016301897218142,9.591164783010072,-5.099829402456139,0.4401166561216723,5.412043416340664,-8.750614272725715,-6.948225990088628,-0.7301759133952874,-1.5082190368089599,-3.6577411050863944,0.9333433693461259,-3.4745538613010174,5.056327030403844,-5.536083236193878,9.712665149024605,-1.3830859120174388,-4.960909638785944,-1.716294833374576,-9.97372212141627,8.524592799370787,4.847357374986752,3.4987888660041015,-9.181451721086408,-8.190290561367092,5.056497349676443,7.791129413625882,-4.576627983984172,-2.6532678520775193,8.87866970047029,0.5488055279220312,8.578073587279004,-9.90625254338892,3.3112038135000788,-0.4761032525418756,-4.500878374265063,9.612448253843443,-1.5238033901075063,4.9884943817290655,-5.332027689063985,-0.14704813780400983,-3.333431196143364,-0.43156825176576774,-5.817508306635251,4.105917532141088,-8.136618616303101,-3.277573488349166,-9.01858352422445,3.577556239546224,0.5906345368509225,5.52652194710134,7.731349929986667,-8.50298490923331,8.937986732550343,-1.2527932791198726,0.5954510061540326,-3.6330551224428724,9.571373881939003,8.226571283067354,6.407809037024723,-6.040434738224323,-0.2716320019846279,-3.8371291694662464,9.859297992025699,-2.080470346052257,-5.156008248021684,7.098130328111964,8.757195503606251,-8.160917286229166,-6.709703043253876,3.690163485864982,1.017091727146358,-7.5647413850840195,-9.455927352229892,-3.1900961729088806,-4.420482581858021,7.616691799992438,7.230155975861095,0.2612811667515409,-5.582493198866287,8.406832526369442,0.3096233168479312,-7.723713905962308,8.082375266192098,-9.630584580492824,-2.7625632945390937,-6.436436347559593,6.5273167737828,-3.107770819134852,-7.144594821236572,-5.763652900118417,5.453514056200262,3.273589040782417,-0.33713137696007145,3.3439976608859716,-7.036137352413858,-2.9644043133153986,-1.79674963575075,6.977042720191985,-5.691248035460788,-5.159784991901574,-5.66601655847913,6.590458419202953,4.306487579409735,-8.074297793026567,7.673281744987641,8.574047949371096,-7.232604721870263,-1.9742301901676704,2.5397433661830036,-8.372053526776913,8.78569029130885,5.243405680418396,6.590932364935156,1.6450510080940468,-8.134214760115789,7.326375630560218,9.753337948354002,1.2467822364563919,-5.038813946441197,-7.456349505045772,-4.698434275647152,1.4191450341972267,0.3588441820386752,-7.872505367297773,-8.73928744322052,-2.5909583929779068,-2.1964686546286334,8.46254559579122,-5.87685568371665,-2.581698401265557,6.425801082286846,-7.13000631875603,8.32438537130259,3.8243977286538,-3.432617267077669,-5.360887590882395,-2.804382651200439,-3.50458296171805,-5.222339248246812,-4.966242864772383,9.001532601711201,5.661243380988685,9.066691746004913,1.898735113246044,5.426158630274976,3.720372643598349,5.685302779146333,2.397167797815767,-8.768409569608437,-1.4594698208751833,-5.086943197128968,-5.841175407819792,4.618417796353283,-2.0410142913736395,1.5116629518722782,-6.16419872133207,9.864852607664819,2.10596388983703,-3.6882328699620803,-3.7053673104907254,5.880997706412501,9.330045930548923,-1.6825889300705512,-3.2207850838512027,-5.779303111363953,-2.968875826974708,5.861417109416919,2.287006995257846,3.927623468935039,4.977769174995011,0.48817621343528117,-7.035044356660121,0.545959853264586,7.888630362077098,9.897765485801273,9.363800653359466,5.608048587744518,5.664947169749015,-2.7575790801596423,-1.1098023538290764,3.129491260765004,6.789132157766517,7.74104859513114,7.7779095748215745,5.056912282627884,-4.339241519149493,-5.628294691618798,0.013248686167450785,-8.028621049093116,4.452183842250324,8.187776013251803,-9.29425895581148,9.190267471259407,-6.122266029872511,3.01553754088288,8.234193097503574,-7.157968534907065,-6.496043850251745,5.8850778946833024,-6.433087222855773,9.70792304170627,-4.048403001198411,-0.1582899715021462,-8.14631573032634,-2.713035092001908,4.818364477519996,8.50971069436158,-4.099706047927565,7.814885785264728,8.635945775339898,6.445233986095243,-3.036436634250479,2.2952239521491453,3.4918350556727304,-2.345181235761964,7.676307712294243,2.5413523116972243,9.094576968316556,-9.542937681598005,3.245384801964093,-6.554693257836933,-9.811328804649154,3.973463118736884,3.6800693451780973,3.327307543008999,-0.6487257519272269,0.3760670729468174,-2.1715842558535563,8.241106834952056,1.577580039737441,3.170692183064725,-4.025696310687545,4.3651136264007295,2.60175407898749,4.235704376854292,-2.586293819184071,5.489921424882358,3.7951333923608477,-4.849808130727613,-3.801271737540297,5.303641835830158,-9.396590976486223,-6.365543422553639,0.050919432487964045,0.7933960178688366,8.471281004624835,-8.010585506006429,5.124756081948165,-3.7560505090342122,5.818941138584224,-4.714858385144158,-7.746735319740219,0.8210863765997427,9.038961986204374,-5.2677157522493285,1.2882074916137025,1.716174216162102,-5.711282916086404,2.6228260087801694,7.848172359292743,-6.653708039652127,-1.3785941837096143,6.213895327596852,-6.652168042481417,-1.7328612430687649,-2.38613255506396,8.317265848862306,-6.113443754091918,-2.9545232958559158,-1.9657210710068451,-8.85002561506858,-8.944716508166193,-6.19526322280535,-0.48316497994124674,4.811477557778176,-9.410126624140942,2.721711129490556,-9.78940100184631,5.389469166763483,-9.921713022216183,2.737758152712434,9.833515085925772,7.728984362504306,-7.070080666453968,-8.628692004135537,-8.74326332050895,-2.812796047052963,-4.916019417890913,4.837309563073056,9.524545891262719,8.736340558511468,1.0619921872967701,4.086734139518386,-6.797561686768015,-7.625664786207209,5.561453835639739,8.325175265032218,9.087511330176575,9.159310976593162,4.384349524845284,-0.7359057513467668,4.353063622575018,-4.8816063161535865,8.411806657512063,3.5415213831855183,0.1895889637264574,-2.8342460878112945,7.372013345165197,1.7724975631379571,-7.542996447149108,0.2283601121669232,-7.3176419705390945,-2.742622749089718,-1.4343655362010814,7.912817924537489,-3.0223785331683928,-1.8111557451235232,9.854381718182562,4.8490055093455435,-1.5489565698860268,5.476622664734691,8.815442151605023,-6.936455484004112,5.143747452477992,-0.7684636904642161,2.4596922888727484,-9.141581985011369,0.4175809275739759,-0.3510448049706678,-1.13738028424679,8.051231624574921,5.392201924016714,8.50307565863034,9.00528071596397,-0.12357953788842835,-8.878499265840157,-1.8067812996208321,3.2204883715892194,-5.770743298035881,-9.815196548278873,-8.917464228705116,-9.520337233632265,-7.789541082207325,-6.481397657744399,2.3140420790082583,-2.54715703668648,5.929943616342113,4.926063791883244,5.970505474791208,3.5359361327611953,-9.682725207876636,4.211945503385051,-2.898101819898473,-3.526871619696532,0.07521613617088185,0.05251383823314626,-0.7058939482854658,-7.596002823423107,-1.1397737420250476,8.426680982529135,-7.5658107711757,6.5160908151033645,1.384362603713317,-6.680251211253731,-4.937417403962916,-7.198072688437591,6.43354702631688,-4.952362148367346,-1.043147020294004,-2.2266820986064273,2.5696547266147807,3.736816615017114,0.22051801865317344,-7.343082743386578,-2.9830959863040807,2.6030378900563313,-0.8547495557193763,-5.911628619717484,9.02484267401984,-6.247589853052258,2.602764987376748,5.819895545874527,7.607746700316696,5.953740422711842,-2.3616831353356504,-8.900440212863579,3.644664656299053,0.8079730491712134,-9.263957238618143,-1.0394528128238711,9.64510602013922,0.592284294951547,5.447556505805482,7.748840322251347,9.102284705533283,4.456939757793188,-8.18171313324741,8.140538055629001,0.3351950668656851,-3.4888570343733694,-4.830773634793735,-8.69719843636178,2.720305296714338,8.487828885474531,-9.625055306090065,-9.807355552698496,2.7309526417272885,6.266395993424169,0.23002250291328785,3.191878654911889,7.866848054424448,5.841945801201847,-3.513197779619988,-0.786995100184356,0.8636237216206322,-9.718701010559911,-3.4395711543969565,1.2841523907572494,-0.5787199943242545,-5.9882631391564995,-3.7408751916150207,-3.2077227848795804,-2.903421298125501,4.22488909324219,9.138921523454911,3.593579244638148,-9.185351524296063,-2.1676340025462038,-9.936781869247062,6.226197190406406,5.36192319969234,-3.9557630096110046,4.942394526603881,-1.8068946826780614,-4.109606027028121,-3.6919489728667676,-6.409483182882729,4.722919966092295,-5.937752302727326,2.737798814150949,7.633192365965961,2.5077339572869484,4.711654595542228,2.2691369375985087,5.415362379191553,-1.7181926936085006,-1.682747425262093,6.339849551065068,7.1827132085032055,3.27898080812151,5.921743785763844,-6.729193897780039,-7.049868509894679,-2.285165770622786,-4.61754004694487,-9.043064575809787,6.827913938613662,-6.146649693705701,0.11434766452480005,8.298333837241692,-5.210273755802428,-2.1592611582291665,-4.039690448380425,-1.3980631812663287,-6.121636464898641,8.366195808535096,-3.981782998860293,8.839320338123137,-7.950713783067442,0.08220908370235414,-2.6809034196835846,-1.9791318429171554,7.298114747568341,4.381366292769403,2.616930584261228,-4.739853108268317,2.237645325044257,-8.95879292988407,5.009244412078196,-3.7891870470453597,-8.511061587640693,0.06596718091250864,-9.607796284438999,-8.600406533988023,-0.8896951908100448,-8.614897140169028,-1.8025251130065776,1.9767825669948849,6.615475737733224,-6.711618114104912,5.86961720017943,-0.26492976707595695,2.7453700300288304,8.260547990797754,-3.959577041569762,1.6454023497899612,-2.686026882555157,2.0074977512217185,1.6819422532848343,-1.1398976194917942,-4.258853699115608,7.07722811328318,6.470424278439435,-7.969112389242858,-8.904969510672366,-1.3313971107153968,-8.847282467254733,9.174532160351031,-2.034872524476514,-5.471066735188579,-1.2435384480797005,-2.251218200959501,-8.283697955168122,-2.319946143901106,-7.024001078607811,-1.3798664073414137,-1.8966607520346628,3.9962128742819463,-5.30558475707976,-4.4996568164306066,9.643292652080817,5.691534567905432,-7.166530722604538,9.981948597696245,-7.08056300500224,-1.8296608310034372,-4.370916155192878,-9.972654125558286,3.545519110773487,-2.022753889006836,-7.933540659748381,-8.346291880270446,-4.886777382841137,-2.808676880049621,7.548793016047483,-0.14416053387366645,3.808928885517254,-4.315606191995583,-1.2619881428311963,9.012365809337282,6.918729116787851,-7.746231669658052,-4.254491106454696,3.0329522235698754,-1.6510435724238732,0.2295518167907744,-7.730436814016619,8.960566209462169,7.927712940707231,-8.981893377600658,3.7567450988223214,-3.017267408094712,1.8753285625556977,-7.398804053602744,-9.862880489890465,2.3851739750196383,7.277209821611432,0.6724760767039477,-2.531109410450587,-3.1914460055540257,-5.939148075173833,-9.021189072643029,7.3056372416949,8.160199792977448,5.6045541827695935,-9.59620332037157,-2.074218372180619,3.1374582041299277,9.62056710506534,-3.6301510597258364,-9.250829872434371,-1.1617089761587245,2.2699818117206245,-0.12055162236245032,4.861667840976626,-2.8327780435331196,-1.5714255185859738,-6.789641303917651,-7.717473009589115,-3.2526356036937027,-2.024435907397324,9.743484901627149,-6.650389461534463,6.2501727780941465,-4.411665601312283,-6.4591415127476886,-7.135168548767201,-3.36424520501941,2.06311099894263,-6.677715221299298,7.618156414283092,-1.7330874524379567,1.972170670205708,-2.016738242661984,3.553322908262702,7.197969010919461,-8.42131316711788,-9.307907356856742,5.937685850054139,9.65500590284315,8.630069424767392,-9.37268998046661,-8.445115891014751,-5.8159513668141605,-2.777374321470414,-9.772497464540153,6.151684501425748,-9.739624019539093,-0.8970463781741209,-0.0015733880461716865,4.1906494098032905,3.707992260162724,0.6058679275536996,7.840453945921212,5.233326860165153,4.969276642116666,4.7169247691778775,6.954976202558406,-2.1532987894195754,6.691280687822637,-4.256224620125257,-4.941863147835601,-1.336912020463295,0.1142656626134162,4.4762274920561325,-7.592911009990226,9.98141983430656,2.1278244661342605,-6.082308529336434,-6.868967058564516,-2.264083527297469,4.374417818978156,3.5552090548762223,-9.457643073843743,0.038324890762289954,-0.5942699384725074,-6.288133397806643,0.39378794607886114,-0.0005670984733754381,-1.8907237302839768,-2.6333235447510717,-1.2112163613181401,4.449834234059878,-6.67378040930465,6.577321956680361,8.08695847056115,-1.2059887140794086,-8.10058869252381,8.349501029050018,3.9400942176965774,5.89207089984394,6.11107105510137,5.39190018481824,3.6597160630771537,-1.7520897089708232,-4.573169643598158,2.8597715889916824,3.5532638203831635,-2.563526499679787,-2.1480809796714446,2.3867330797220436,-9.794852272549342,7.631640261385758,8.453329207386911,6.117148070229327,2.501090226340878,7.524794833865943,-8.654439839033152,1.552449022539248,-8.147071008219482,-3.228758791294492,-3.5289120674130903,-5.2117139809370965,-9.975307939248818,3.1429075512843383,7.367290644586603,1.4538989942703946,1.0260944507769754,-8.179521251979018,9.718119277106606,-0.4599652246192587,-2.845311027959861,4.227974911201198,1.6571847710654435,1.3453929053020293,-5.501348260476235,8.616645856505336,1.5456302664651247,8.818036231636452,-5.2667945127074445,2.2254793855680983,-1.3446265258100158,9.563958041689059,-8.846725196121582,-1.0057119544176807,-4.5208879407652836,1.7679602926770084,0.6370955259328532,-1.2658354671737175,-5.065639727312896,3.5212861156213506,-4.1551967623087975,-1.4670250630101567,3.5572521118144174,5.449691473139541,-0.7515251423878127,-2.748208158966488,-9.358894147086435,-0.8885858904842117,-2.2917897246642394,6.740674966570225,-7.291257405412333,6.321909102706083,7.092988675436704,2.991174934312152,3.320651102796875,3.15728580925553,-5.326064145474967,6.732102173498426,1.5008855336830802,-4.063717273347526,2.2997538200044474,-8.08247023881042,-5.006930246329557,6.800557976374442,9.53207701969571,7.019118594117799,2.354771605089672,-6.259528856853498,8.39440822200774,-2.7034031456629144,0.5579560040745832,7.411719282253422,9.392918211231645,8.367745858536896,5.486391870852076,1.2498138665854714,5.084126026033619,9.22182585874144,0.5873592545575868,-6.139502066425779,-9.82073612814138,4.961704345396271,7.977643750704303,8.648948224958058,3.4045156321591836,1.4390233068052858,-7.857663193447535,-2.186340491693999,-8.340501562023167,-4.696150839499493,1.1290400721267009,1.8813231376009796,-6.68815970847652,-4.930945356409833,7.291103534704966,-1.5658637636878368,1.7617096207704268,-8.046094589173794,-0.3892890565198286,-1.8710259469678885,2.3824978943898163,-8.872838101695798,1.6163988735971877,6.64055377853623,-5.677257883324122,-5.742750955201144,-8.766735792771762,-5.077351273791386,1.1549031377781738,-6.491305417956264,8.687213333327573,6.229887892591787,2.6294274213732933,1.6703899377934057,5.963808287551064,-3.2293271152994674,7.898047428322549,-7.196099904126008,9.289500305091853,5.758779489294607,3.494155218235404,-6.23328774727494,9.89662999206642,5.977288283988528,0.5564505628244554,-4.67330886596833,5.630704423881973,1.5678704481392618,-7.720918589918537,-7.854920206786233,-9.667836299579387,6.599767540769335,5.9686145426891315,1.219603497139376,0.6109399607811028,0.851246779670463,1.9061911327531007,2.3676119305497867,8.156454753027166,9.290507222799775,8.759855442300957,2.8791467700453666,-4.339001210558122,2.893659424431842,-7.053803979049389,1.0796406703822683,-8.616256411522844,-5.404861252954126,-9.628441153187755,-5.7771499950673455,0.0008586085083237549,5.745925553924032,8.961006246111012,-9.757879221835958,-3.0411816493926924,-6.789167978390274,5.601034442620634,-1.4438098924984892,-6.1665487994164465,1.927823719556777,-1.0813941519040355,-5.3056700646912365,-5.199745545456542,5.109080088525424,5.806586969276459,-2.39870066732899,4.8715950740827,4.409508968414011,7.722954604478026,-1.1389648253927316,6.212179714906426,4.177332996625225,9.355675455283446,-6.294101294186785,6.227206472048486,9.06971884664641,8.09552536708858,4.623409730584074,9.418770594181083,-2.370480606962751,-7.927239012756102,7.054615762841038,9.743232226485347,0.9124074009178536,-9.588439786701791,1.4152884334535258,9.212631649518826,-9.452812175886887,-2.7996920915300745,9.969375353044668,-4.81946791075043,-8.186700909082417,9.763469140212639,8.278844287405871,-7.896550285710269,5.902626571080702,-7.053776212188612,3.8356861687280723,-8.797739801024447,-9.6445911084815,4.2371661523291415,-4.060708725884023,-1.3236509955964983,-9.21090361769953,-3.193898471527099,8.099564755316987,-8.961155722619933,-4.638615984540035,0.5787053270161024,-8.696696118321976,-3.095347866828133,-2.5028964041652664,2.7114918772503653,-2.1122284341438107,-8.384045699209652,-3.555399677605246,-6.210206840536157,-3.2605098427908192,1.2199670793861372,9.175635157194616,-1.6882910952283794,-3.2486616318770185,-9.288143844564665,9.854799648116959,5.350591251387737,-3.768798172506342,-9.458063828703585,-5.4854690845628955,7.770767973504963,-1.242157046232757,7.132906387140629,-1.5283597574501524,-3.1278026444367963,4.994036094426624,-2.933740219263063,-0.42355214132801144,-1.9474677023125473,6.523341395825366,-5.03274675219564,-5.839940063050713,9.043085843265978,-1.0681339091963764,-6.299742703408942,-0.2358611927222043,-2.4926560229917953,-9.65580502090128,-5.659646601944981,-6.855957257631966,8.83617553626689,-2.7515620663609024,0.6796040976521525,2.899866750014157,1.2105647282232042,-9.94990961771887,-3.832673983413615,-5.131867122914682,-7.774178727178553,8.88523343524653,2.666400304805954,-9.340365315427505,-8.42835138253963,-1.0483520048281303,-0.9774513747954945,8.62822072250749,5.542159973145672,-4.92086025342579,-4.797174381875098,9.528727878931235,1.5643468763642066,1.5610657550897997,8.078786204290655,-2.1554064401111983,3.540218823688697,-8.112041110624915,0.9150191026536465,-5.465255605245005,8.86349926138972,0.7977007522184572,-8.817278638134987,9.975633976041209,-2.110059738576746,3.72796828678373,-4.313960631118688,6.6468786981880505,2.177775136369643,-5.204392014797707,-2.231086219805551,3.4715114437601144,-8.45744246877718,0.4564613991451001,-7.129557728069711,-6.071072322977724,-6.674937253281681,8.262188536147665,-1.982381319910484,5.7928272483911964,3.706169003554457,8.967190824735248,-5.951618399721501,3.6234630157799046,-8.024866358159668,-8.83580612743729,-3.7507331401038924,4.009648638232585,-5.275292718596845,5.850025449902493,8.75038645846153,-0.5500241897657627,-0.7743102391919958,0.6086980395601849,8.525041631506,6.065473944194338,4.722529816159275,6.42001093493084,-2.569423947244789,6.257384173992872,7.105182181627761,0.2682291065254603,-7.740493529929049,-9.551709162892202,0.8020541821117604,7.544639064097613,8.573169032668886,-9.822742499395096,-3.5851970969079954,2.291678080615638,-7.525150195611758,3.94316074685711,7.67276497001064,-5.801885305601219,-0.9533498761679269,-9.9022118907385,-6.6703356905188755,0.12755882106636918,0.4578523048735974,-1.090452858784836,-1.746173189528177,8.113621794894406,2.025096701377656,4.688028581517127,-6.5225823264538985,9.363964964841987,-0.6244518381812121,4.571523648340721,-1.8624787986452613,-8.057716575293544,-4.6526442927041245,6.867586662573835,0.18595179222886493,-5.231689355386811,2.986017986239901,-4.357779588100756,4.275095799861166,-0.7119771894681257,-4.088439041227925,0.9732641705218885,-7.182392080668054,-9.97434386977272,-5.62463219428847,-2.8821056083324637,6.797550471223147,8.256110805009385,6.038207349709445,-3.0651039607365522,-4.605427283632128,3.6582721361280086,-4.212359892848627,-3.803427042483376,2.066971486302849,6.079780312333543,-6.228746806545988,-3.9487154220326577,9.244938191468933,-6.49225693326753,-8.140887783626829,-5.486949888131873,-3.23202070555565,-3.068051938045544,-2.7719055849259817,7.091613248508878,7.8646766128581405,3.6654486307614427,-0.9232370941261632,3.4014259997030134,-8.312699140956765,-9.987183547758974,-0.38261903559487287,2.4444786318090124,-6.741429828871239,-1.3640197206342002,-3.2081441613148804,-2.5307660586429437,-5.787182558484496,-8.278051172455797,-5.696274896116553,1.6414134927505444,2.1281730097253764,0.13253533306399135,8.18957836569416,3.1037005523230405,-1.2910648928323791,6.599657670350496,-6.909711331588779,6.25350465667244,-1.4462174037409277,-7.159227923511087,4.970572849252257,7.641156069861744,4.449841133588775,2.331106852928741,-7.3175918973229015,-5.468302510858811,-0.5258477725073991,0.0148861921099126,6.156637558270351,8.793457365913401,8.88167398838723,-2.8343236412224666,-8.516567937548992,-2.2402243481271933,-1.635026748818774,9.023548071579821,-6.377130075243365,8.583125551609847,-3.293807262460213,-4.41332441293393,-0.16182445319916638,5.127890308255852,-8.323965351813387,-4.057146770501856,9.907852117303587,1.1754197382108682,5.3438265848715965,-3.6491586622516063,3.3296287293501585,-4.603485288433308,-6.472497850517738,7.1724129353036545,3.6388186891661096,-4.283363262989575,4.6595158809619175,7.686991309165144,-4.127250004210408,9.645021680172185,9.840348975599998,-8.132326994348853,-2.6976930214369155,-5.980230491857497,-8.759134298912608,9.468924218744139,-6.334559067617098,-3.22167790048582,7.67141034606605,2.20867048975955,-6.439169452808522,-8.560492801426538,-5.203955448347067,4.826407650476003,-0.6585455933457389,9.32194172415334,-3.3506575307662274,-5.666403482246476,0.0787569723326591,0.8017993703626871,9.601492955502074,1.0329417732933486,-1.0964992433519214,-7.0707523034846265,3.476576100090867,4.893012060054808,-5.437426277112671,-5.2069024623776805,-7.406976868303124,0.9781774495451714,-5.355752837168262,1.4267453759849715,8.957573485886936,7.878168748190532,3.7610702472212427,4.843950711693131,0.12425812359812483,9.880470998081272,-7.459109774782753,4.595407240110568,6.348427451395402,-9.526055731024499,6.333196536415734,-5.589892482027556,6.9376239640676935,-0.2717093483412931,-9.984137517976121,-2.512192724946778,-5.580948468347541,6.193489026185375,7.9889632084972355,8.15280928905802,-4.667256731778862,-5.338276396394413,-2.1111302396207847,-5.166620079166027,5.984395168394364,4.610725586688293,3.2829621033526646,-7.377228290090669,2.212408070083004,-8.277184935183517,-3.094131511991871,3.261834611709414,9.073831442223941,-9.442477647987598,-7.8808663128090295,-3.2938349669916445,8.239082522480466,6.698108906825645,1.7847942844490348,8.218279520411734,-5.474441715464325,-1.431839857603432,-4.5777187071780645,5.99839213076984,6.806120938888014,-9.546849308792966,-0.9140044210757576,-3.455313471652552,6.053224504036184,7.940940753108208,-0.2623007129839898,4.767883802069331,1.2493751354784628,8.014758925289911,7.265383870436356,-9.901716869105606,7.822230957075028,3.77479659621536,9.753038010337008,-1.4690226009228162,-0.8339671559400248,8.484619182235967,-7.933958779082097,4.534439230049319,-7.3423278193112935,-5.519957439339313,8.18015255204758,-0.0059595987682588,1.6892740438958,-3.3501210317826713,-4.895453141328899,-5.401098976310747,-9.65457546691157,-7.520763645898345,-3.2401191804422114,-0.11203863276404391,5.585633493804963,1.05083475225792,-9.964950613591757,-7.021385369976092,0.31697234929437457,-9.092064134289368,8.453402087459096,-6.040091490891513,-8.718901786367804,-3.985111792360252,6.522048814693502,9.716936578814497,-9.769574553068006,-6.18036547245707,-0.6853885560905582,-0.8430118364876549,-1.05817901326974,8.332665347261145,-7.6102540676876735,-9.93851716879453,2.6914701836187778,6.535599353389333,4.63454219924297,-5.379914918112652,-5.204179855289917,8.231836668707597,-0.8905064902830624,9.343247416345985,-8.725387694946331,2.5743442571531894,5.806485369397645,-2.9282764685885283,-8.504448008329891,-5.367005665354084,-8.826660430246548,4.047244534684806,-3.305989105498119,4.233774750174014,-7.61916630949075,6.143924656679204,-8.77827309157995,-1.8948723710233146,5.737137584711196,2.1671548641534404,7.313008622354101,-0.7446966282294447,-2.654565075456288,6.006411599982162,-5.8949301845408115,8.233873331789198,-7.131544447609053,7.444504775792712,-1.4034964488763624,5.561487531653755,-8.76616915457647,-6.708187420458747,-0.894445745897789,-5.7494893606879405,0.5784297054604632,-4.980440767476562,7.656358572451577,-2.0578583188666233,8.083672102060458,2.1134342114608966,-5.068710740246633,8.02757579880744,-4.669415650538946,2.2974777877570745,-1.0015501712852508,0.09120566149992193,-9.481020328546279,2.970535799283221,8.386494602746403,1.9057893205075853,-6.481194786905347,0.3499360799553113,4.260944772218213,0.16706067339456787,6.645318058382458,7.273102140350009,-8.826677151714877,-5.4732769230514,-7.742334469572962,8.44513828313261,-0.5261777898240041,-3.8534554538329875,-3.243645757801601,1.2976210089668214,-4.1976401824274205,-4.7639497024876505,5.32993116099318,7.271091522126344,0.713224021144951,-6.596847405798394,-5.370697668759849,7.866360315237195,2.219183052257069,7.680634628667452,6.562293805169475,-4.899989079411395,3.6380819126369204,3.869318953575556,3.408295344548982,-0.48711669871775065,2.642121266323649,-7.000703278616429,1.213263564551566,-8.151196811124075,-1.706399768569236,-9.805189217946682,5.06844176856111,8.54708578962159,-3.0785976745187345,8.608315081756665,5.715201998311706,5.258044691836439,-4.297351235013236,-5.941393415562521,-6.972906931193894,-8.438068454742137,-4.566184459837097,8.360996739468042,9.048747245888926,3.9606264281564485,-0.9105829887739869,8.110156041733198,1.243273041386697,-5.66368700664488,-1.5088585788421067,7.0208058856893345,-5.12933239928568,2.720708379591091,2.276380309011003,-0.587080133934446,4.721207823990898,-1.59366106260995,-3.6760415485880955,5.267284838433891,-2.3129059497091013,9.073751368607592,-3.2417830881681393,-6.955672563336575,-1.5017993238742946,3.5113341218828253,-1.0598623942022058,-4.194849990079028,2.0557130527471763,-2.299685326381489,-9.336276130109681,8.316521411304915,3.565044047069403,5.2648847045045635,7.756612229301155,7.177996564589289,7.027469745877685,1.0350056285103477,2.488510069680661,3.030963616639113,8.370212347770902,-8.592298863203382,7.71349135115911,5.047268637810657,-5.639991028849365,7.497294513728875,7.651673296234012,-7.48218215056891,0.2986477420070788,6.271287063953025,6.706684407971078,2.9972539934842253,6.362807965791028,-9.539047536623244,8.369575261392427,-1.2045253206618405,1.0155493957040846,1.7175605911736866,-3.7797390536024755,7.473335051444771,-4.014468395059298,-6.081467456811687,1.1754342872638261,-1.1419931314359477,-7.236824933958264,-8.7953117474134,-5.528086159950374,2.128555570665796,1.4829110375707533,-4.524952860209965,4.59553508724391,4.379975874739678,0.6609155580243815,-2.2529659694341593,-0.2865535305977911,2.8963590192561064,8.126986875340336,-0.00916249087200427,-5.917107206392909,2.058233419085237,9.938950096196159,-4.878378669469687,-2.8424507626295643,6.305862240802501,-8.944761006094236,5.293081554922489,-8.517860756625861,9.299342156179627,-3.7257279854744496,-9.56502797450479,3.882543013481124,-3.4192035567206798,1.64618053382803,-4.712518995577504,-0.40960941640885196,-8.799009847997885,-4.723925794299822,-6.067734923850374,-0.3437569220905683,-5.147060286098506,9.686609040443606,-1.7476020240935934,1.624112086820908,-1.3337932016781266,-4.850716946112019,6.194037201304646,3.492509991493094,6.206529385176214,-1.9187719229964255,-5.5040178618667435,5.525224469971766,-6.447797476416561,6.817995628209999,-9.701986278633125,8.06286521318983,5.714901186978258,-4.627890806647943,7.892480460662345,4.354894991782153,9.201032293058773,9.380410540487254,-4.938530559311083,-4.916961411576697,4.285788277548955,1.6423526625526783,-0.8843552106382209,-7.854740618230447,-1.7420312402455558,-1.9351841511869665,5.587445781398369,8.844039953730277,7.566050442402535,4.998318740330554,7.14967873789044,0.5380971325426884,2.4202654914190234,-1.1331303002562052,7.171525880069126,-4.454104262039511,6.775091296672532,2.789069333389582,-4.686307875350979,7.5436309598610265,9.613896459459731,-2.6186073432374535,-3.216915255105201,-8.821478088900566,9.617794990877961,-9.188558032264249,7.2226707714843705,-5.923370584023302,0.5639740591016889,7.69010156590198,-8.084138812042035,6.412910063062039,6.910346313403405,-8.837244347937503,9.48107082890872,4.780857521168594,-8.124581711797559,-0.5533436665582787,3.875195377743754,6.1379374959597826,6.695782907761533,-8.701256676564535,8.084679347208901,1.6887058686849237,-9.212171743749648,-6.291770681732427,-0.9612581051507245,-8.840367930400586,-1.7458119055184476,-7.117306482014627,7.335229915084355,-0.5202412595248838,1.2219241308619537,-9.192695999925999,-9.725126776169953,5.440834611151946,5.492258545040535,-4.593374045756587,-4.473802187294124,4.49129827827983,4.388822630952259,2.9239735216178353,1.9096022868259173,0.5043670054037221,5.932618832026668,8.75818356379457,0.37261066613760896,-3.7367243932924143,3.278856442088273,8.214868213287463,-8.415827694077178,5.0685108204030485,-5.286733569836983,3.4160705311231627,2.9897323421267163,0.7001262359532223,9.61822543221103,6.7042371364804545,-7.212540238490853,7.646470432488822,6.2943482589153845,-8.910652650021898,8.932492240642944,-5.032040620911693,2.2090416840986844,1.0855589538570278,-6.893687903269166,-7.0351924670167705,0.5200271998259502,-3.2073076067450623,2.1876790591536306,-5.594119391340177,-9.153992634689276,1.6109261490643725,9.630202808489972,7.763262273470197,-2.8548103291190774,2.7545662061013694,-7.7569413901454904,-3.6543884833748086,-4.989819940434956,-1.926373897283293,9.553342128308241,0.5154456713708093,5.201894845885441,7.411653406033423,-9.8278408208029,8.40152867229444,-1.7085566599632784,-1.9401182217602901,3.6086760768505872,-8.450387145003504,-4.6883890542060485,-4.033747735685331,-0.3596177740389628,6.795369327317026,-3.311040974098683,-0.2782288982536141,1.8893443778069479,0.4442760372465422,-5.44925375967096,-3.557366469004279,-9.65728867586029,-4.156849370828697,-5.694023728026092,-4.489483503536638,0.7150893667444826,1.840271204833348,6.271572374639124,0.27336009633005887,-2.9822959036155927,9.148726445072576,9.018498173444051,-1.4366120588012006,-1.5974146170289778,-7.271051811535612,-3.7903527297753037,1.862746046781405,-2.1425388810329586,-2.799602571377193,9.195840217196235,-9.647240190596635,6.1342482965478915,2.2162040939742305,7.8416262243396915,5.091838627562403,-9.149648553175641,9.818503644228183,-4.52825003228279,8.762603121359128,-4.6035003869751705,-8.149963440767603,-2.4963347929106146,-2.1743768294144017,-9.379159823407814,6.037357147809754,-8.740492500997654,-4.00128165069654,-7.460301925612695,4.459961835161494,4.610929643886291,-4.119192370773492,4.472912014819336,-7.654339911675992,-5.49090166409782,4.157071426832172,7.77737817168688,3.7155109952231022,-3.9811795756542834,6.120916319840877,-3.187903286091716,2.6464726405854258,-7.581880205346485,6.931061309368321,-1.925657515957715,6.227267660981287,-3.9783414193274407,-1.4073003240644795,5.31401458585645,4.45111382113442,5.352002248470789,1.0495260040664647,-7.721872831334505,-9.235035042903982,5.160206517299999,-8.443754661362242,-1.9868601357145987,5.163285135594959,-3.6702397939228355,-9.774605212525314,4.266822674014383,-1.6556297028577696,7.914003160385118,-8.845027287219079,-9.502697105075402,-5.64210773097193,8.091893363852755,-3.1407954811367205,-4.0690339400546875,0.4730588847700279,-3.129257234707601,-7.445440681758626,2.131279588058163,4.415349631685695,-1.5831480147415355,5.680015498549537,-5.314850598595793,-6.382056835943894,7.214208593897254,-2.287362354637912,-5.977474008713175,-7.538877909006983,4.299639707853899,-8.130106387079115,-0.2006959141177962,9.2420551432058,-2.169027802243293,4.875153746669421,5.557790409610083,6.692200307096851,-8.077810101239937,-7.569518644276723,6.830516945566359,-7.3223694157903285,6.176205120823756,3.719463112877577,-3.7852570084692516,1.7825186208548516,0.4670287543519347,4.633493827735567,6.746567912114543,5.748038562594841,3.0509781508249283,-8.64913672823548,-2.028414207814901,-1.8914074991468688,-4.464209593547716,5.906868284924073,-1.8797732240307923,9.790803035920852,0.1108407005290637,-0.7276579611808351,5.984058205199041,-1.1942779313945255,-3.500819286919583,-5.406287309816104,6.864379433540748,7.305173841531914,-1.857091002542857,-1.301690171061212,7.103798366679737,5.951106218516852,-6.2937456832851595,-3.635071426108702,7.549854806355565,-8.826608585837842,4.473584865463831,-2.9761029872487494,3.382063376208439,-7.59123328375737,-0.11182299557434483,-5.800016284963389,8.210099960292883,2.023738976820532,6.738282438744783,-7.357224982053987,8.635765867720433,2.8115286974411937,-2.3995635530694486,-1.1830775332415637,1.0824664646017936,9.64143933040448,7.254551957950884,-4.053542520592137,0.4353232517740597,-7.035373707424695,5.489956882044282,-5.759038793902899,5.199954004016561,6.800213224718036,3.003695387612309,9.634430206100049,-8.993598788881732,-8.97461244335865,0.27618744801681316,-3.970158645864368,0.5360988123148065,9.556304502826901,4.177570328029148,-0.24161049149600444,9.769757055979674,-6.6769478952680394,-3.8374334936513765,-4.8333490094643095,-9.9050545212999,1.0433261283390944,5.471060980482385,5.506147009057994,0.40868152734540963,9.535472288265076,1.3439602646501818,1.2964167259224713,-0.2988676078107506,8.310265505440043,8.881286370773545,-6.3096101950961625,3.730067132910481,-6.5763271215664005,-2.8182867698935006,-3.750181796997789,9.702972731896743,-1.5532083502409648,-8.822822018144002,-6.521670690440442,-0.0929626973264579,1.478592062867321,-6.333871430305404,5.559186452978878,5.102693953370597,7.792177377043604,7.237880417953168,-0.851271485030896,-0.7992395630251252,-0.5182815484766916,-6.354203777444322,6.411339654513302,3.93170436315458,-3.51043973349912,3.2218364475214827,-4.056819417266613,-8.64347906065065,1.0205278396067552,1.79456145695168,9.468028065471387,5.505024186807354,9.234417772375963,-2.806436882362135,-5.6371846069270815,-2.322150531559788,8.262418106497648,1.3388780738992878,5.477311094684174,4.693904634600479,1.2227900868337667,-8.066700635217085,-0.6086663008893396,-2.2985411858699445,7.305400318252669,2.4455659952717923,1.6900553182155562,-2.0843192000282045,-6.317682809767071,-1.699165946191144,6.232535188124647,-3.2696983959688453,-4.847968983225197,-7.192582894969428,-1.6470006938476978,5.574994201034894,7.966823927232387,-8.491580214687993,-2.129895998109612,8.876014108759968,-2.366621696212454,-0.5992694699115617,-7.133842327027291,4.726528778629149,-6.749317256971006,0.7128294129490342,-9.49024484491148,-0.5713274459012769,9.636897783067308,-4.001399658698346,-3.0484389316981275,0.6223421341884521,-1.7987657547371771,-2.6413644292099514,5.846704763873907,-6.120360414990651,-7.329949119492349,-7.978845301634152,-3.9087076286134215,-3.083863936662641,-3.9904088081955713,8.325004262208935,-4.6028578804356695,-4.861836930978091,4.601170062624638,2.5231509894290944,-0.2950153837501155,-8.519628831074995,-0.9859305193154793,3.4517344027050854,-6.7077567834709395,-5.844191934795755,7.363237969093955,-1.045641129732699,-6.740383393493028,-5.081875215136198,-3.0268263532028445,-5.071058115097211,8.06182452657842,-6.499508309945559,-6.652391810436093,5.249479541721435,0.5827722023652484,7.73087016369907,-2.474962730993921,4.024957771554128,-2.4897501731618625,5.635897243358208,4.915018570174734,-9.852771328009151,7.045884319184154,-4.797417527162473,-8.614162363660146,0.4636670793396327,8.098862825715326,0.15465391482413615,6.3565409274657405,-9.197770840752487,-4.844426356715273,5.868632984825302,-7.007055367303487,8.78314797992352,-2.250411784853947,4.318876047989175,4.7519701959177745,-3.3319353896140065,7.355619898056574,9.144631334476667,6.337821859588782,-6.108025843418248,9.356524448895748,8.819719183811642,-1.9134286678021262,7.538757294870415,-1.0905551418730184,1.2009886960465899,-4.778770998802971,-2.0097157391562988,-8.311225359585679,1.4626648757805718,-2.709049795170751,-7.747422849713413,-5.229348849574906,2.033209102550309,-2.789597264404464,-4.714967141116548,4.2970696313545425,7.586946831500384,3.5454873940177674,-5.934408624230498,-1.5844448583694124,-4.736182146243017,-2.792801553114672,-2.223909898632628,-2.633378982745622,3.3439299532916067,-7.686536393811094,-6.952118084861521,-5.7290837762754565,-4.617353943567273,2.0781943166500216,2.599490793965762,-7.500818835829779,-9.554337648171655,-2.4692582710534072,7.271390166634724,-1.6158498953337634,8.053206696584514,-0.12456801298545628,5.478074608907889,-9.561540537107525,4.504258784005923,3.7778687504446307,-2.446119196960444,6.397690729741857,-2.4265888391025143,-5.755753254272129,4.526280498055797,2.8030232552225858,9.072275628626258,0.7399498858421971,2.911315800336638,-5.817244868374109,4.591152310759664,7.799434541110564,-7.370256069922934,8.444309402768894,1.1222528231159075,5.462666598953197,0.16448332494544537,-2.6772181578542025,1.0450091189155089,8.980180420889017,-4.553001311868452,3.737855767541852,5.124228904982502,5.141891167978269,-5.762606465504099,-9.387092731123285,-9.061181064586272,8.65268771459888,1.8780021401515778,1.6274169527825961,-5.756349773015302,4.712089268070104,7.000168399869825,-7.4666265799189,-9.601022530160865,3.9771001236134857,-1.6819405053041478,9.859616646777127,-1.5548029121379656,-3.630790643978443,-0.85775898356232,-3.9681990806174543,-6.550701154916936,-2.2180001548209187,-9.525414179343336,1.9236012236002065,9.96071685955879,-1.3822581614609337,-8.417125415448348,-4.419437434192344,-6.369814521433135,3.3211208726142587,-9.641066555001803,-0.4593800999128348,4.105587791755745,7.617145329395122,0.9572354518532116,-9.999397722729618,4.962144311667611,1.6970830186351407,-2.814091577480797,7.532204609317191,6.662630323531026,7.129195656690701,5.088673335571839,6.028569705550474,4.718156984289973,0.46667996315037286,1.4698414875725785,-8.758657689602936,8.182038020375053,7.61735477204348,-5.8208465675124454,6.380798119659676,-9.20176977587377,5.208573353503009,5.24193164267292,9.374387213370468,1.001133987272226,1.2888525645008215,-0.2876447519316283,-2.5365217774038555,-6.663805499072879,0.43465215666548573,-3.898570813204449,8.94725444521898,-7.535367564954045,-3.8753659620546603,-1.525321229436944,2.193529676760029,2.077836734963716,-5.81911736592877,-1.8734034965796926,7.725608287297309,5.550430445965839,1.5975799614325368,-7.138081817687101,1.943303287113661,6.77737729323146,1.380187330703972,4.334829717747686,1.0908011766486645,-4.4780696540815175,2.9477246230887726,-4.841140550891021,8.959684074245047,5.987289123977451,9.24948233079591,-8.825181771876201,3.6350228555520108,-6.568010981122907,-8.705114478875952,-2.4133625032923645,5.359183272936045,-6.622465792179238,1.2500814814271308,-1.4162241748182751,8.108108048688948,-9.932634344843512,7.137851158118522,9.394001298717395,-0.20611070678746302,0.9970460270816872,-6.339525678887991,1.9061597754725774,3.1176996947094793,-9.310989930797994,-9.148607102779165,-2.647084791424086,5.691018519035744,1.5516839416383181,1.0308776455708646,5.604231337155696,3.142895222603155,1.8240397606843235,-7.088064045184328,1.2664586487524243,2.7659240086710994,9.978273029684374,-0.9153507506391243,7.795544773324131,2.1863004079601893,-7.694700751529044,-7.245338059038575,1.5761647030267305,-6.966603982321875,-8.383956270608557,8.688793134450748,-8.069483982780046,-0.6846778393695949,1.5018295317881147,-7.976219410484875,-6.8003136088016936,-1.2337345299868385,-3.8823752418888446,-1.2530266979945548,-8.132615650932342,-7.798474404895139,-8.243780911873701,-2.4474366144521698,4.323687127020214,8.043140575859034,8.723449318385033,4.489711279250212,7.608334937681423,-4.314888876553004,0.6817833740109975,-1.2940678943396797,6.630879488588693,4.955949737364973,5.4562222296629965,-4.926820077597909,-0.45578084604653313,-6.408544981887861,-1.493584778567529,6.8084332950852975,-0.609896882189986,2.2159285475078967,4.91927333003656,-9.080724629508111,-7.780053643533577,-5.258795431136063,-4.87845274601491,-9.946149942227574,5.603333667075422,-2.5771309899312627,-9.88979056249371,9.962724706526018,7.783810796715706,1.986636253139988,4.602956678517678,-5.401384978435444,1.719275367978101,-8.782688968199459,-1.1029575940551588,2.537936162576951,-8.776864005758396,-8.982612662701708,-3.504085843893286,6.498570765227502,-5.895992892703578,-9.018738323027174,-7.927524127908619,-4.105458059001732,2.8634293892833007,1.318976212215368,-8.08058301794986,-2.2188613114967097,-7.206663816220329,8.903182089518829,-7.716851952469437,8.513714372765723,-8.904407440003958,-9.51815195107785,0.32475025992964923,-3.6338063119949737,-8.22301259998434,-7.294964059159872,5.481512674199758,-8.586652240198953,-4.060112246205598,4.605726944095617,-5.554105731991927,-3.997747188022947,-0.21080020810257594,8.358901873216947,-0.2936177966329989,-5.3121801911393955,2.057056626545016,3.938533519050795,-1.5065577898611675,-5.764350808943693,4.537701296026507,-9.404580175901469,5.515364710903196,6.525133383497202,-9.026182911062808,-0.1634738681426242,0.7518425177682158,4.114178016774959,-5.954737477362779,-5.742990016874517,-4.071476006902996,1.5898050097355014,-6.056024248175069,-1.1920401744956166,8.26227625211514,6.559327302336147,4.088704818584741,-2.6397031905776247,-4.865850317864815,9.18527362988883,7.435768241586771,-2.179321388613036,-2.718408886383317,1.989629607711068,-9.272414280197712,2.036236368200978,-4.074930328416784,-7.8367433526390595,-5.530752154845359,-5.469087533356789,3.5335519087125196,-4.619042405290057,9.282350793013848,1.9594616275600725,-7.202661116149837,1.5416303765223827,3.4724385086374916,5.91885022958418,-6.609351837405669,6.449294000056412,8.822615230504233,-0.586937185965315,-6.442559797718335,7.785893936693128,-2.8548923746501487,2.1246833125735503,6.788362348361229,5.352693748861277,-9.374207589435557,-1.8136878748093128,-4.869619067455062,2.393202893828928,9.654351914501692,-5.364522206737625,-3.09312426562874,3.1767581749567757,8.867637167735136,-0.050560083622368523,-4.148676498402793,6.235079351685009,-1.3046622924962659,-5.928315348365576,-5.175836786687675,-5.484029440215816,9.232284767132459,1.7709839529210054,2.6586493724399585,-7.380403711337699,-3.617023203336263,-8.160713753275996,-8.141234262623772,3.646278096323609,0.06424276894850678,-4.921977887122459,-6.4360976388807,-7.63488790605572,-7.623740875550647,6.296257499407286,-2.0553651992175777,-6.608758727484774,-2.248144739937315,5.73236254868535,-3.726315504609497,-0.608439849835424,-6.210357105384158,-0.7506011419525542,-3.1866103545538564,-2.5154695304964587,1.1895431565700996,7.337262545555671,-0.8912213805570808,2.833471608729411,1.3838745503696952,-8.355081604744338,4.306351645025895,-8.66327139155266,-3.1630820539324533,7.340803395252692,7.413766397274401,-1.9316968622268789,-0.28327785301645036,-4.03738588960465,-9.460960359801138,0.30108109364626934,-9.692093328381375,-7.3220661268912535,-0.06981064879792243,2.5307916671163984,-9.798293009217133,1.5936536488045068,0.3313410714689784,-3.8852127172358664,-1.1768763021050361,2.58620337786812,3.4249967626679467,3.0587243348286997,5.833159715478573,-5.948615116749114,-5.7328220714246125,-6.85756113283821,0.26499853715668564,8.624804986970457,-4.4216772243142755,-6.208295386823037,0.8715535618343679,8.462010606943679,7.843955405779454,3.089640597907602,8.443109971500636,-0.9330909459918217,-4.189038854004323,0.7187977003680004,-3.0950392504632918,-9.162884848009421,-6.788759306127825,9.888492117447708,-4.863161205657899,6.636791386311735,-2.490799090559765,-2.90467293899378,-5.884268273423214,1.3192356327298587,3.8891123485344377,4.241261496453779,0.2565997461120233,2.055170859148056,3.1111569090659508,4.534339561813338,-5.9906166593516215,-5.229140792864739,5.756114282777247,-0.6735481299194781,-5.056734843577124,5.9034595380785255,-2.6832532697243128,-4.416128905019483,-4.702211191035706,1.8522897958885984,8.147387445906602,-1.0628817637367938,-2.360747878413707,-1.5166486316011447,-1.2786408934438853,-6.414766259707916,1.030613253021171,4.169388453448287,3.7815203659443952,0.5483863440316483,6.476437465355556,6.562543075363838,7.274285179175962,-4.01360763709059,7.487661635175542,6.688887084980056,4.293666593749952,-2.9999894596509025,3.8912140423285475,6.914535715002586,-6.123199756684996,-0.9217298607368534,-8.097717583590885,1.5622346026046134,2.6307417874268975,-8.499727103059008,8.92695902855366,9.65964209349146,4.453607522301095,1.6311153012709205,9.124939890129472,3.6516374728075167,-0.8269652658823841,-1.8636326269330539,5.021472781741927,0.5886790445676731,5.835088108870419,9.856902200399539,3.515097029939028,-0.6446353900431063,-4.634155181648976,-8.61278815548921,9.560132714079646,-1.2707772200721656,-0.7969704008302774,-4.274066695198653,-2.9901560121742676,9.777269885161793,-6.336391715340208,-8.243987320935167,-6.465616272052845,-0.2657215334836476,-6.756664475753893,-4.806696261626591,7.248333764307247,9.49982613691095,-5.750659157850282,9.433702670060832,-1.9333681352947707,-7.9332246066903345,9.012715192809079,-7.320742465572492,-5.3779798925087725,1.9091382979947795,2.727300103884808,0.31548579395430565,-8.559800058463022,7.587079062507399,2.95045353331966,-9.43295810349754,3.009881723667931,-6.416898909665316,-5.817822983320475,-5.3191313245875875,3.273310258081281,2.631093372913849,-5.676734979083326,7.9217467965616315,3.8715409422053852,-6.199616432792332,8.583545386216219,-4.7616676963341575,-6.885647106319035,6.291048825931199,2.182004933209811,5.588477744232325,4.579611119286636,5.832958186214752,-6.785901702043848,3.155919291057657,3.433326474367565,-2.329257676668936,6.125347571553839,-8.078365028663084,-9.415060549932285,3.8358614127555786,-0.9212277618140945,9.783776031867458,6.219879014157247,-6.078070795794286,1.517289649538247,-3.2273056681140266,4.263069399781678,4.750742640666596,7.6723732141428584,0.129961706837463,-4.120341049737599,4.317102898454957,4.688908339184437,-6.393041520481986,-6.368394436609572,8.314603188221085,9.990021549993706,7.004077918209589,5.736586675964672,0.796364371380152,-6.904764534164373,-0.5920601522154012,5.032085275516721,-0.34039469026901514,6.72006390845776,-3.608078826736829,-9.306490083703515,-9.977316511132626,-9.859352922739397,9.250741203440388,-8.60883691157966,8.257482850631021,3.6777093567041703,8.094441762802582,6.746311241774279,-0.050781949205443766,-6.65243141219765,0.18674173029819663,2.2329584597518544,5.726051806869306,-8.855231197416511,5.6551780306671695,5.332175743544967,-3.750570606029047,6.173555248574466,7.360015258939022,-6.394457887490073,-1.4983255257848622,3.6185690207389207,9.173601641810983,6.838162938905498,-5.636273024830478,6.377208041822396,5.462292479231161,5.939562458000649,2.4026777076192474,2.272721342756828,6.579356638801613,3.073964286233304,1.2395561840326756,3.6230625955817644,-4.923005790013941,-0.5118059188453685,-8.056972742862555,1.803861699222601,9.798940568298423,-4.566817752488495,-8.870845408619312,-5.86564720437361,9.407624955358212,0.8034434001447224,6.464567836048534,-3.075922431000347,9.90873489772341,0.6167737990749877,2.735373167730037,-2.780916477176336,6.345623379755455,4.9643546046571245,-0.06315894082175078,9.152351288482986,5.200574759425011,0.5997901196538873,7.297345769642863,-8.680270659332285,9.770295095580511,9.585120384086643,1.2980872599110214,-2.110998798656219,-8.76538030744145,4.748389283462091,4.299037772938728,-8.680464131377654,-5.162969332561329,6.6317083760852995,-8.618078871813994,4.407819285820269,1.6324672349325002,2.2674068121953717,5.806053614948436,-4.104554539031771,-1.5715908747747136,-4.101775154244535,9.561697528143903,3.639370599780891,2.210180424286481,0.6883670232126882,5.642447009997101,8.790239367383897,-0.806566712820791,5.452746204123741,3.838932023795998,-9.747904267838301,-7.228940061812315,-2.1427229616407057,-0.13163467109913007,-1.0438481694386645,-5.193783092557521,-5.921656267411075,-9.986540975712888,8.555363833964009,6.101948760297123,-1.7861670847754656,1.4332817107590472,4.775295757299924,6.061997668244235,-5.070306938039229,6.461622367138197,7.282144392360571,-5.679788097693537,4.82074552469037,4.075817985481658,-7.615660096099166,0.4312388452413032,2.910678585837017,-5.0634583946157585,-1.6409139825599723,-1.0884793291311858,3.371852269663524,-7.474434666351312,5.9798447205462075,-0.14633605387187743,-4.50470600830257,-8.663934308930756,-5.564781260239617,-9.061802536559572,-4.008021978721496,5.845860140474082,8.891907995278718,7.3264924702744985,8.611541939758489,-4.522402209769414,9.963926054357618,-8.782168085433263,-4.08924591159052,-1.3993506721236741,8.521766662726762,3.1319385808449702,-4.607676307342774,-1.5197772573589408,5.1991886931628954,3.9117701864229133,-8.739532960099098,4.442368941262609,7.4105344160895825,-1.7587701807779368,1.9325286871189888,-3.062539426948261,-1.5567715560941515,-2.3599430354429547,5.897620217297494,-7.46632881710005,-2.986278716751933,3.545263888405186,4.804832438803668,3.847007630047699,-8.05419133831833,0.6953850960146966,-8.275448804984773,1.9900286230305753,-2.990999681309172,4.528916963282176,1.2082611063652866,-1.4987789606161641,-5.462918499968918,-2.3876749207441534,9.024370583791438,-8.685035001080749,4.911633980562902,1.237564638104839,-0.09338067795922278,0.9541530328445109,8.497913251476465,-7.841317543421821,3.0719417267619207,6.64005353127396,-2.2024907768935886,8.698106487676881,8.890301898073304,2.6873935936715103,-6.0404504391001845,1.6042221484952464,-9.819986390938851,4.165363492506904,-3.438629101700159,2.112167096347209,-3.02084917646636,5.2161896704632245,2.2783089019837135,5.34877622087264,-1.6743746939996917,-8.748394789462209,4.064040352926186,-4.563453776046284,3.09453815131924,-4.5122123436915595,-1.2711528741385525,2.5166836811511413,4.9629103560553,-4.075019394572892,7.327299512015248,9.975838110284869,-4.257621555901528,4.404918619251216,8.76204060106799,-4.190717330494107,6.607810174601546,4.931821764280366,5.636472000291263,2.8564789524269614,3.0999772083506834,0.2383062697486089,6.450301392781,0.16908422706038273,-4.487175055982684,-3.9148321601669682,-3.8409316690945534,7.341246900303389,0.34586464656697125,-3.496629140960687,0.7383594308894992,-1.3107300926699672,3.9864600757127704,4.2722489662340575,5.148707479298963,-3.7854122841579922,-3.1493456527937758,-2.2625472383818472,4.698427497805426,-2.1900390349512815,-1.6282734443685953,1.7366457145516883,6.103665125124088,-6.484709072886332,-5.7051256871699385,6.229328319914572,-5.011553945243232,-5.1818796501720055,-5.036311073829727,-3.191231195962658,9.869442378978764,-3.8839943844174485,1.0275701455888182,-7.456531101615922,4.902276570507272,-1.3619224583190608,-7.8196428582772315,7.616318481323422,-2.1233693823405764,3.9466364217432073,3.3542271586372294,-9.313391540620803,9.331418654986667,1.5973354476974588,-8.655357809352264,-4.208969860174578,-7.48245236227532,-1.5402296299290459,-4.866386163074599,-6.981067242246908,8.837440317731364,7.093794198888396,8.355022238988148,7.040053334887119,1.7683297162640592,1.925657337362832,-7.4709525479681,2.2190928376307273,8.421585981993115,-8.27466703146159,3.1205948859880976,5.64620021264078,8.31676697417982,5.470891881612733,6.30921807156745,-9.82205785662096,9.663993269723626,-2.2440501170495653,6.761447892096356,9.813800055938437,5.581988349745879,-2.5935191482798547,-1.120592978683014,9.68925858046148,7.649142341385883,8.806044279145226,6.7279332094893505,0.7383978486422915,6.914600813068649,-7.573911719748989,1.1130305195725914,3.146655560162216,-2.7037474705568654,-1.8346547490125715,1.2857264398713912,0.8394869430094438,6.994216215649953,7.413276735862407,2.3439560548797704,2.6286731312585623,-5.22440568990768,-4.841113351183197,5.300642829371252,8.361588613765502,9.79925622954909,1.3386224295708509,-4.879115258140152,2.9841331042520007,-2.6083977498117727,-4.211518298059092,-0.8813374301498396,2.900117524117631,-9.106083401171217,5.016821145943499,-5.79714639554428,-4.910475717256411,0.2547728935644109,2.626371301615702,-5.924447734317311,5.833722398825872,8.253709340063445,6.280895082157251,6.859066258427546,8.688233381265224,-7.438168613886829,5.6800396716401895,6.723792432375898,1.4346302687838985,-0.39572267560285646,-8.43062517850154,-6.259193632864573,-0.6321468123271785,3.0124740927675617,-0.9327312420289928,-1.8923480071197734,2.1063567008537696,9.76290822282262,-5.481032456723074,8.79665671914783,8.482499374077332,8.810357195503883,-4.955048696772872,2.237744128522385,-8.418831067877633,0.6346047756258351,-4.846303526077631,3.163688773902278,-1.5064530682691686,1.827173376219168,-9.880144054396002,-5.076045122812047,-7.201711480566151,7.237179665843765,1.9988048430394265,9.434254935817567,-7.1700774083096475,-0.16842074391001205,-7.740318643014808,1.5754755567158902,-3.9242940973655855,-4.673209733380745,7.763777932402466,9.072190587492479,-5.573586890066093,6.867317174313765,5.5143903928672895,-2.132887108416681,-6.970367669082298,-0.7869025501516536,5.916088640829722,-8.72342972422567,1.6800711441250922,-1.170972941418139,-2.891780199305516,9.398993855204402,-0.010602034100845259,4.760894346795123,4.952385248328179,8.440662541792978,1.102089782785514,-6.715352230217444,-0.548990779702212,7.701994212212423,0.24433192613406085,-6.796432674547099,-6.139209185372028,-9.624345862215812,-1.7069669752345433,-6.847396608159622,-2.6350701346229366,9.759980325981932,2.4618962845195735,-0.4302276017551314,-6.565712028786576,0.3701107367719185,9.675735410343496,-7.30107816576,-7.606981105365422,-2.0946205549343837,3.0650246240351535,8.646680078260673,3.5806985476193347,-9.685300574840749,6.5473463293239185,-5.242023909264459,-4.344480079659636,-4.867646002910178,4.469294595385733,9.908948631222675,-9.975467611937196,-6.939482748330407,-7.037295428696333,-3.8293767902355107,-4.961224129270024,4.674212265297911,-2.8952557585344074,-9.684281018867853,-0.9840154916134729,-4.422610804245563,2.027117362645006,-2.4588188507253257,-5.132619265125866,4.845168485108587,-7.838087252827561,-9.863757317312615,9.186209236940133,-2.066342269658856,-4.868535927741684,-9.651891203230436,3.106857866774419,4.07727752763236,-2.467132058321429,1.3645701976532578,-1.2806000361321939,-6.769721686788284,-3.5481545429725614,9.78714946467942,-2.353038945764114,8.316971466658092,-3.947208023777476,-9.746909330016297,7.828263861254435,0.10285871502767208,9.562143808349628,3.667686491932896,-7.755315981855347,-1.6197384194445235,2.0763854709223644,8.262436816142493,-8.158624890364475,1.5746400514984504,-8.668620034150123,9.815119767187628,-7.782577334089162,1.5514856623499522,-8.328574088731324,8.397493025121015,7.171473896912289,-3.2546186823550354,-5.171537738589384,0.8975043273696777,1.151351471164153,1.0289846387678168,-7.634664616243388,2.864338921537117,7.463345221233407,-9.955662427032303,-6.802919686149387,-5.877546274875858,-2.515407286850402,8.205232840925117,4.996568820558087,-0.269812761936997,4.951951719774808,5.718054822291823,-6.527358887928698,8.178496873193225,-2.922190676825844,-8.277985765461885,6.99369606788656,-7.451689711593692,0.542287823054961,2.2704861040408026,-2.922996762045848,4.258100464281505,4.896161645615841,-5.199586090344253,-8.415938762284858,8.450489507829651,0.2032920142077721,4.403050842039779,0.9017347829175506,0.8679358288598706,-2.8782324028788864,-5.1533836003391436,8.222344398961933,-9.26871841173178,4.113141514522267,5.198335144645384,-1.3771326965382826,-6.028709715750429,-7.548552121276664,8.020472588069062,-0.6084754775370094,-3.230218402793705,1.8113102420383793,-0.6434421010074765,-9.319868394057762,-2.7447355508423454,-4.933385247407918,6.7396815243324895,-9.36307311853366,-1.0602544553667599,-0.9520227179385294,-1.764610019708357,3.56102673722164,-1.6107212616272761,7.020678895788453,-9.032944015602155,-1.588579710937271,3.045210912210649,-6.491521513529643,-8.501898878668374,-2.4277369447275543,-3.41910161250304,4.043837497423869,-7.836109531755144,-2.4782668240555843,8.294727903120737,3.6631442462123527,-6.5207151417226905,0.09068214362573457,9.901956477892455,-1.2569766696743478,7.88218808007435,-3.497629201010537,-7.8622116352341065,-1.1514367829032306,-4.035796276577508,0.468465078016445,-2.96954286254683,5.334030749725487,2.368715161202797,-9.77176340642831,-9.084722531678809,-0.07687564804450098,-7.833971235678845,-2.49243149040252,9.684789898371559,-6.796335371794537,9.512774766028347,-6.875667828165848,8.799871577238452,3.923701665586579,2.7648577991688033,8.801740634164268,7.278566175173303,-6.161487301423911,2.664629753588992,-0.5663749492537598,8.748276513279269,-1.5266735527339996,-8.844690993000304,-6.277708237202122,0.9294660270915234,2.717600532354293,7.46794241031273,8.655205259529431,-0.9456498587571023,-6.584752385786661,2.432692808938553,6.637813655786882,3.188085589099373,-5.176868711575409,-4.522039823573866,-3.7126196059391825,7.047882308377812,-0.9938397561252152,-6.4577504147721125,1.564116416546442,3.1676183035042627,9.831867268703483,-2.773668058100718,-2.133548776088288,7.372065564243112,3.702478147462635,2.785621313289612,-7.326687887720835,-9.242069660193529,8.221309642105336,-9.361570938104007,3.7186332699461175,5.657760030984278,5.798729859560275,-3.6412914690303655,7.071673495354883,-7.593408496041514,-9.979913188483891,3.3706219569358424,0.013870221528913262,5.08100841386695,1.5426393469786142,6.733622488125786,4.01221215532934,-6.455226397011058,-4.729693444185113,-9.845379295144905,8.137655318304148,4.153778875502107,2.6954356857058226,9.756617141344666,-7.8938215039103765,4.300156994123794,3.076860984743192,-1.7992280876925548,1.482061799905825,4.307938675843472,-4.5074058442227365,3.9065511281861482,-8.225861254877726,-5.216878692467024,-0.7647332653037004,1.3585910462927853,-9.75661048755339,7.95224279749241,-0.6864777091438832,-1.6704586155192462,-7.673941160663058,-0.2973087916996171,-7.872257404323182,-7.9608196605911825,-5.1128894779743845,-6.702750141564822,-3.24421312491435,-5.163024793612159,-6.609795777119767,0.021797560828018092,-0.41124295160450686,-8.175644957554608,9.335593015727092,-1.3670695065623732,0.3758283356710219,-7.172907980163076,-3.2394966291602305,-0.9858965724887252,-7.8629637151772,5.53898184355848,-6.311323381924218,1.7935203654951266,-7.050121725634455,0.41473812468492177,-7.601120483739184,-2.7840035734130257,3.638348362099002,-5.941897341748539,1.724929263797904,-7.048077689957413,-1.9436206486821188,4.390188353458813,0.7129498719418059,-5.730853741305289,5.6138263860084585,-6.548994521780482,1.0151104101996147,-7.951043878992346,3.634712180060788,-8.344988578204415,-7.0329451826604945,-8.994426733012634,-6.4724296945755455,1.542017244415426,-0.8052409058449541,-4.692197814465042,-8.256063567626654,-0.5873725362528752,-6.314846357145294,-0.8885390236879065,-2.578990892817316,-5.017873151418217,5.938632011023323,-6.945771401564418,3.8968330182064097,-9.217791868569273,4.091702084806135,-8.663161573133236,0.05766078667100771,-6.832848964297106,-4.391016282581706,-8.11329319174855,7.497760014405269,6.405944354549128,2.9546028877176784,9.285282142219458,-5.878533422944696,-7.660002831095412,-1.237017286916391,7.3216307393645685,0.03817193616341363,-6.919057256923136,0.5374801412798824,-9.662117002671424,3.071231929678209,6.712377097341282,-8.102300485893618,-1.5995490375374786,-5.373091234348388,5.4905060026124435,-9.211572415200473,-7.8901651817413825,0.7646514192599909,-0.6438020775873845,-2.4055731872795905,-8.387185540078047,-4.5970003737511345,5.076630424112178,-3.9995857076337256,-6.1978824092684714,-9.129812623722021,9.647977616184317,-8.227129199108148,-5.216566839196397,2.3212975014860717,-6.427749481763563,-6.928234081293676,4.164527936771973,4.376033375073611,-0.3432294411607941,-5.431861020592031,9.652915470158497,0.2144651107944373,-3.7278988860259643,1.9583923693720742,-8.70288136120174,-0.8540605852335403,-0.28866508383614153,9.706243040732744,-8.626992878484419,-6.0841244917149195,-6.818887227691091,-0.4851301444228451,6.6610987855404,-1.0526004257697323,2.229362613889611,-9.817791533138733,0.09735694324176691,6.4502217203483205,-7.189839958696023,9.653580528811386,8.724812719916283,-7.776851604574606,-4.8125559380520695,0.21490378268510035,9.79067953957151,8.167522737596919,-7.478997228657313,2.5133885097614908,4.730781046972929,7.604709831997461,9.049099217232627,-6.019719797618723,4.941390918759474,-4.774469082342792,-9.830828434821061,9.655916871893623,-2.13142804764818,-0.946860331732168,-6.247906060745148,-1.65325309108246,-8.586085838314059,-0.7775061975354589,2.1751072151159327,-7.75197796419236,3.881307834841973,-6.210363897602096,-0.8373961967434251,8.049606578232037,1.4078986650735548,6.3483869044243555,-4.539132705105386,-7.332144902176527,-6.499041871837788,-5.207864922477803,-5.557007871886235,-2.818972240512503,6.539727256939717,-9.604397151551737,1.0151111451034485,-6.786352931826334,6.135652778936851,4.703782535895256,-9.224055001082487,0.6408577093637096,-9.478918943132367,-3.9604690047490028,-6.832757966469227,1.6293358437004315,7.855483612661136,-1.2276993022290696,-0.19167536212102831,-0.49074009460807133,-3.564822133450896,-6.381132960217039,8.985607715631811,8.57687139057003,-3.261310033436848,-0.5181073258476978,-9.835544661665692,-9.38880704177299,8.544647394051946,-7.932294561446691,9.14630944243655,-2.7292563452655845,4.5146116195213715,-1.3069595267012097,-1.258105550002096,8.343099436051329,9.51065885716407,-8.090033983308764,4.764394385075612,-8.708190653398848,2.938078750013453,2.4904066371316844,4.341916096739052,-5.075915247188114,5.5655070625562075,4.836401149959137,-0.3300390294021369,-4.691060743474004,6.3247280315781325,0.9408257509712588,6.72053020351774,-4.99606162203354,-1.4581673335265073,-3.789444972978986,-3.1935300641297566,5.759453513175147,5.7878003211631945,-1.1741440295078682,0.5093516865906373,1.284030361647602,-1.2894951740188603,-8.599537447832816,-2.475351918251018,-1.7685049374338995,-3.3235732844970727,1.066469342070162,5.633171034390784,9.763328563794168,-1.946650278948665,-4.851488721083957,-0.8273288454131702,-2.2484064638261607,-8.948060317341351,9.029252146414393,3.273198155407373,7.204413038649232,-0.6680821630431737,9.052292549922967,-0.7146433126640179,5.377744742781818,2.0168174591480437,7.359827925662696,-6.995015062331664,-4.061118325517398,-1.9821552201283374,-7.947581734863407,6.359259186862772,-2.9793545183636123,7.190581218802457,9.712319929917506,-0.8337814713580514,-1.0875218038534555,3.0127834562748017,-2.585512511981875,-1.723358414492651,6.543968785664308,-4.9898840432366605,-4.938818797740165,-7.173484565010877,-4.708931108837118
9.844846732999926,-3.4204425502179543,5.995093322216789,1.685196289347651,-1.0496448028888299,6.481909328356551,-1.8451866418677625,-2.400684545797125,2.6226202670629117,5.51953669474317,-9.624695010934037,2.4437177637942717,7.131678398759654,-5.1952098945435,4.581565230108733,8.555597895322581,-4.020261055375444,-4.688994831024644,4.78533505475866,-9.765354323171117,-2.467655603539507,-5.652317157439288,8.05971620320873,5.257889067148847,-5.616583484592836,3.4741506996461204,-6.972528932620213,-8.831659151483898,-0.3993474955064613,3.7551959459292803,5.514550764810773,-2.936362306368978,6.135571593204553,-4.344321148996011,8.363893005936685,-6.4246099936237755,0.8211902935427204,-2.0220877440794505,9.570846982005111,-3.0813450820205857,0.2065166789944346,-4.6273588428407635,6.687960181990601,2.8175824032718584,-9.205906166543205,6.5955369862575,2.7034638852073183,-9.911533513522759,5.44015606760844,2.8746354491384185,1.603504743984292,9.351133889601677,6.486634499428927,3.6260540713094542,0.5756368814608948,2.749476663707192,-9.335412397347206,3.4714137553203006,-0.9210505378794469,5.6790416153369705,6.974537355990954,2.2335489635548456,0.6010929037802519,-9.877658481981516,-9.67235520605573,5.538804905309851,6.96902293414135,-4.985233255493478,-5.907049284980365,6.200870996252622,-7.945433838304343,0.2981783855726672,-9.067394267124914,-1.9774047501184313,2.869018398611459,0.0437615523728585,4.587670728971794,0.2144235345301766,-9.316584602130254,-1.1520514129724972,-8.070497252919536,-2.309749068655065,4.9027237363724545,6.310277637773758,-8.126904183338262,0.5111197381063288,-2.2008924186095413,-0.3756257777921661,3.7807595748259573,6.720752763000917,6.839853306980277,-6.36704224906397,-3.256835415549877,-1.524380649620392,-6.483699936049518,-0.9410937276457432,5.6906966676038735,-1.7542317576640887,4.277094280874596,5.6360789582902235,-9.286572651577494,3.2314320434941237,-0.6830289107792922,-3.702131171516589,6.565564291095129,-6.999576627342668,1.5048881358383586,-5.835190678203237,8.763280571263167,7.635524263914398,8.390884876747862,-5.817125758827548,3.0317753474824336,5.679381925876228,-8.238874829432106,1.5161473864567974,2.9144942524700657,5.38882441920202,-0.40120861673291586,-8.49077314446614,9.447767584702603,6.019436574120345,5.276104879041796,-0.8731683766839744,-5.155921597268886,3.0636567041389267,7.961655507603506,-1.0604458779157273,-5.164376730216473,-0.5124965668432413,-0.5514897000200065,-9.461498201534225,0.8035100083937472,-2.2377707782448226,-5.2408758553024875,-4.969966994897776,-1.9633045155358904,8.815629841125038,6.6477792917311405,7.0725185784502855,-0.01761560811145202,8.375714455659466,6.004120676069899,-9.658589236758043,3.4388376006606904,-8.022644553726792,-9.830938406343705,2.2548999328818216,-1.5042580042853224,-3.580849941147095,-6.150451296358932,-4.223742864470735,2.726184168639193,9.975637362647124,8.859782997257216,6.1883951053781985,-0.17076257005586015,-1.950750990584778,-5.480902755148329,-2.7822475085467264,-7.891312205373556,6.304293625262339,9.818789560062996,-3.4186303998598895,6.665177567704198,-0.6147164279560453,0.954097325322449,7.032974063331242,8.54014384079738,8.43674277089655,-4.119549584947215,-4.866298362974176,-9.123420295166563,-5.430504951832795,2.602095517766216,7.463624157694863,-2.9129237969958037,-0.32994260371427764,-3.365191996738277,-0.40548285989990873,-9.41709392912484,-9.938813925758978,9.258345142029931,-2.2745446155265725,1.7918651195788158,1.7978033682118024,9.30336088822018,-5.53259299690964,-0.3420952327127651,6.719878080107655,7.448499571939109,6.751007565122897,0.260837368871762,3.3189964586173915,9.055566406168406,-6.7792858092764785,1.0317553886231234,-4.54759486608677,-1.433328266370415,-9.397498836235998,1.2878753154411342,-1.0175631412662707,-8.554954240081736,8.93135387128282,-1.7748984229275226,2.022355674821563,6.492120862091294,-2.7611153597735765,9.298359011718581,-5.00598131486977,-0.8365419182945395,-6.117553212064555,3.517175684345215,7.547210853981564,-7.798716157497769,-4.967243601982901,4.03059748900634,8.604740551717398,-6.119690284807007,1.050572760155223,6.60785277149623,0.46193384571466467,-6.663047109125005,1.9861849317916676,6.322017165815609,2.1385784150946385,6.493383794371333,4.014736927175978,-2.2126523581207325,-5.591541482447335,3.3887446632715204,3.5142057336266035,6.143408640917997,3.386047954299441,-8.50248286658373,4.70759645071573,-5.868475620573326,-4.604241263396213,0.9824188619552547,-8.104102191895478,-0.9353037961499453,0.37656841396188767,-8.603407094540746,-8.432627021121373,5.5722958097013215,-8.210990407881669,0.20434293308071005,-5.167884245217797,9.978578399190276,3.9919270816252563,-7.562090605728016,6.449736896481298,1.2916048783835592,-0.10106190144306915,2.167134402381974,-8.523523385019612,8.28820736614362,2.6670565410320357,-7.495551519460211,-1.3604559239084786,2.344405475482173,0.8043569323102098,-6.507447314540014,9.202680520386942,4.575457525540585,-3.093534977108485,7.157849683944725,-7.194636319936802,9.897028103911722,3.3806997695755214,-0.06337413294154004,7.313685456120719,0.14215900308012053,7.875375354279029,-0.19966438920954488,-8.891730506297844,7.1875341023326484,0.9578711681751635,7.841784369367442,4.937432393086915,3.061413749853406,4.247846025492274,4.942818898820809,1.8544150437105813,7.954107842054373,0.910176262177341,-5.4499754425908975,-7.585949060950796,7.366311670457414,7.188063434589068,-2.243939431898953,5.40324597063297,-3.5949659724384624,-5.231504847700292,4.389796055425254,-4.371551116544429,-8.291866876699787,-1.5748379695269836,-4.123290963219855,1.6948031054242936,-0.7322166344447716,-6.557450481859521,4.699323803835551,-9.708454512408611,-5.70078299602764,1.2827195658294794,7.944957882487387,-0.7614209733779749,8.535937655788924,4.2561625326668775,-6.2949589820286285,-3.8090220357752607,-7.701910666087251,-1.096316943757893,-9.297221342024525,-1.503889788054149,4.766196347812169,-9.696663073055522,-3.0056046439040385,-7.563889738590019,7.279588911905712,4.7741284558824475,0.3871377232107811,-0.8522447653394494,-7.709360670741495,3.9339435946253882,7.952699160678446,-1.6467564320177281,6.2323010574544995,-5.0951472457628615,-9.131566888272989,-1.2501335147113686,9.189149270948853,-9.850670383838462,0.990619470038892,-5.459989163788781,-1.7631022872891045,-1.9169016329243718,2.302635096763426,5.3149852769514645,0.8090253089035606,-9.238011717798022,7.736680058320161,9.421210105404569,-6.028576931431113,-7.313637952991914,-1.867308433331786,-4.549335740017126,-3.442258389943607,6.892180362715536,-3.659129201524429,5.473521506602024,5.576314263288891,-5.786082626296441,-2.371116784846585,-6.798742152565385,9.971030132726678,9.737029150227471,9.36894515398603,-8.131698317344291,-7.470764638338217,5.091089960444444,-7.882698609770388,0.6630790843553509,-4.841651371325568,-9.886026064624263,0.28147923240896944,-0.663324206944564,0.8047912527306949,3.8365481476847414,9.022524223513425,4.53723696325163,-6.0358581320635185,4.656040550503555,3.7757410352485685,3.4304790628288444,8.050144682626847,-6.135228676101166,-3.5816520109766987,-2.5015174788199035,0.42606799823477637,0.08894502312431385,-4.945686730440175,-0.5225456657205267,-4.458847729670323,8.032522747011058,7.869154616908215,-4.7783026477998565,6.974947191583155,-7.89015843789985,-9.607132386668127,-3.8830247284529946,-8.456356664172965,-0.6824482201083057,-9.885276306924169,6.486000811625608,6.801771923420926,8.897332225971113,-9.717080605164849,9.385497131985634,-3.28322549310637,-1.3064392191999037,0.07770149188679554,0.8426798686938461,7.451996245277911,9.865668518401161,-3.49674457171421,-7.978283780773554,2.1815083229989245,3.0982148899397473,-7.006037436131094,-2.6880154111861216,-3.9637879367806512,0.01829936264526566,8.87960411779726,-9.753355076468047,0.70041490086086,-3.905080000555337,-3.062084253428403,6.118354983453209,-2.333890760261035,-4.099761770483077,-2.9819391701458775,-8.96143895018004,-3.7593103879762735,-5.331802246929085,-2.6392711057165013,6.49053175319176,4.864861775190125,-0.07966687236801206,0.36641623676412394,-5.890782163327623,-1.3764708353017205,-5.921648194005029,-0.1691058198806612,-9.789054024718286,0.759365444067031,9.180869777613058,4.182239924943424,-1.897882937577382,1.926026580232671,-6.689830511513144,1.2456370294471384,-7.0556602989421435,-4.51787371056815,3.57331477026446,7.903073039883029,-6.0208544417989485,-2.8808418775566764,-1.2545676060902728,-9.274272739928655,-6.535741053355402,8.800008490498449,-9.035299073202815,2.462691670841764,-7.920639699996697,-0.3186510565245655,-2.4346546650893313,1.4288363077317445,-0.6337284007936432,7.089452669117591,6.610791917316607,8.764823809524614,9.974603413825523,3.666743504255649,4.828268168648034,-1.7306277772588903,5.861537869460074,7.775384615943285,8.847187981867535,7.37608237143824,8.299470018379079,9.471934655443363,1.9244698784226983,6.252089552395262,3.3777886045402354,-8.058003158471339,-6.918475154860653,3.509361965986157,-0.13743006841572125,-0.7169700200814244,-4.924219208467411,-4.535643048978062,1.5833443018167,7.966620888223119,3.8997273202755967,6.351586502106311,-1.2305173104681835,-2.41443634949915,0.17321755503502345,-7.9657428607299385,8.045369781128393,8.363752028753847,7.136620928860239,3.484475228557544,-8.309111884832397,-3.5625333149197242,-0.8893787488908362,-3.3322489550836014,-1.749313540406778,7.958146757072836,0.015342284485516444,-3.3853493029585424,-8.543073825737423,-8.036761598077568,-4.454616689537927,-1.6867889484271732,0.054277864279663746,9.440949438446317,8.709593788670361,-4.7160328236909415,-5.055096610365677,-5.265624790430405,-4.115120035310373,1.8127916954105139,8.387797627433322,5.0330791400733705,8.558957422048362,5.429433134956167,-1.833944666256773,-3.252564579300998,-4.40215326010319,4.812365059001989,4.194170788033979,-3.6358645938569323,-9.361730555884346,0.8816424937970346,1.1228305992332466,-4.821241010977422,-6.963259772321136,5.363762127099269,-7.126332715220456,4.971757836196815,-9.052425251265406,7.695752631307563,7.130835767361383,9.990999023624592,-7.348643217910384,7.018793734650654,2.0961543349325638,0.8078444443854238,-8.535493721400575,2.117849936931899,-9.982212673145428,-2.0032781520318537,-8.502751929717892,-4.04379501852781,3.3790614634068135,4.344745028799997,8.704504217077137,-9.84805337838203,4.662248892313386,-0.6107736321049906,0.3990440066272001,4.466092197408763,1.3985758698602364,-7.971503999491116,4.8259767940355776,9.62275849926624,7.503872632750031,-7.407637524657353,4.627954216009247,9.083504388451495,0.7781415368408044,-4.525952999802598,-7.9469085890713,6.375466169590268,-6.9104262928181655,-3.8787795699466665,-1.5408956399527103,1.5963507097937768,-5.773096070883605,-0.6096473165421017,-7.070304673089272,-7.330074338646064,5.849276835800939,4.819633417347342,-8.503101770856878,6.189293216310745,6.7488014233754825,-1.332011158016872,-3.0972884683714845,-6.952632985066167,-3.17105066991574,-1.221564424212433,5.8631473580166364,-4.846735214755958,2.761380376890914,9.379901824186817,-0.03997214302566121,7.936187736599351,1.4052953223502858,-7.98650472246897,-9.460708254346708,4.7949280561930365,4.081274617257055,-5.8941705507870985,5.769619523324373,-6.910716686945875,6.7323967891536505,1.098516838522956,9.017372016693908,-6.308155870556476,-4.643576716015794,-6.885765532448334,7.239591496268222,1.9482658144683374,4.380374501505067,6.749482614713035,-3.1940752078205303,6.402930823982118,-6.762247520814708,2.028027755792813,0.28780636334721343,-8.118364169277413,4.696288209825859,4.187546136124535,0.8010225379889491,-5.292568649607059,-7.580527963177448,-1.4792425118989811,2.487560882071458,-3.534068593809079,7.5323379481221835,8.388260684138345,6.646292086566799,9.067758142367566,2.6999267815112677,-9.873663324570678,-9.36019773537942,-5.586787646106237,-7.571355570575746,3.685389625135354,4.483595265919121,-6.113763142940856,-0.475563238595047,-3.9925864776326474,3.3668775132662976,9.208751590025297,-0.7638593522554693,7.711921608219711,8.784814343446577,-6.197491326993346,6.562498806147957,7.705757388214344,2.5925500445116256,5.876375373327228,-4.973386649287777,1.445853594770039,6.9962929770498015,4.739339687667446,8.337411041095582,5.616800658524992,9.94676524437109,-5.980427861065689,-2.376463953470087,2.531958239973406,4.634280337786008,-4.1932964576560945,2.65557795470688,-1.671759806929094,-3.399537094907217,-9.893523664760513,-8.995115598847628,6.436695469922157,9.674385816012606,-5.238436359683927,-5.667847585426644,9.251616698848764,6.2788764481086226,-2.4527914815621017,8.901112735996207,0.8706312440180319,1.120179300733481,6.561219255906654,-6.558826876386659,-6.823534035459707,-8.321115780943387,-8.853775611954562,1.4190402131607893,0.7441224930775334,1.808488140323302,-3.7099610398258136,-8.035088000943931,-4.787778390640214,-7.33009046928567,-1.4474946793110846,9.702707559970143,3.3923653009185646,2.3755162427683594,-0.6140515891105878,3.5614889110387704,-7.374509534340643,2.078144925330923,-5.56300626535609,-5.363237817007274,-8.631635926255552,2.6009213866042096,-9.73388096869236,-4.235109389978058,-9.513528250320164,-2.4398233170527206,7.889081667298189,-0.5079009268134485,-9.978933006537702,1.217946451103229,6.564445970559937,4.344230643898776,-2.7018985267483657,6.797150159716484,-9.848055569210308,-2.3801838331940957,6.41650715973357,6.239558826921517,-3.639889812354589,-9.423873589396694,2.522882548995968,0.3850380715728505,8.059327653151819,0.6246297462226895,4.758516768856062,4.758222348287184,2.619044160818987,-2.03989355172933,-7.333119872202449,0.8468361334969927,-3.8876417339135934,1.5130204235966165,1.371901433464604,-9.037198791151184,-1.8215704796917986,-5.277520361252003,8.629809272397178,-9.203051598717021,9.3809050565707,-6.6850046857870264,-2.7742057841561714,-3.571421303549929,-6.814450925731594,7.937986299451303,1.7988987210382845,-8.077161887361326,-2.999853087526539,-7.168471476813112,2.6541745529860723,-2.178502824081832,4.916997079877969,-8.669069802099036,-7.189410356830908,6.201634443686604,-3.411377025041274,-7.079780957123132,-4.911950290677407,6.011446109378468,-2.862745835018048,7.430683101585473,7.418422130146361,-4.564138332336456,2.637112207793402,-0.21632057922551695,3.6774408328826347,5.874480113977931,-1.9928163385600683,-6.545138641786227,-3.5790918294981307,-0.8782149142120019,1.3697361829439298,3.3154024284238286,-9.97104593433578,-8.532071410374408,3.5753207371947013,-3.0006384030701145,7.578605699913471,-0.8212081702726799,-9.058880425848276,7.3783163504126215,6.709193449675656,1.5069482878757938,-3.166382946389019,8.30664235042591,-5.451398610376252,-3.8281632393181964,7.660916066300452,9.999736100336495,-7.025356219862299,7.784596628002149,-2.0561442402628476,-9.213717046662545,6.13349968197452,1.5183425169802884,-9.761859471961142,-5.12928435759167,-3.3679577695226808,3.2041711284434022,0.8662692658728268,-7.323759394281362,4.988450361383956,-8.043854648094097,-2.395463345266002,9.616021403515553,-7.870062149335098,6.680383613448061,-7.654843468807709,-0.3644277940118492,-9.479664504618277,-4.835794077952816,5.706871667965093,-8.810214667169289,-6.062371762704202,4.294865321796465,9.575057715821739,-6.535372364549676,5.72667407777255,-2.094651825398774,6.323419590998725,-3.6877963122837842,-2.7402054774494555,-6.361944359517522,7.872136071556426,8.539450470099176,-1.0327243085346627,5.962528398445368,-3.237238011214294,4.686066361010026,8.236780848508019,2.0579903723921866,-7.9656697981492375,1.4973567530732996,5.905985378506227,6.774764036274075,-7.5905169949911055,2.352283958796143,2.059595192424986,3.419534636720325,9.48611419121151,7.1512466636674645,-7.001697216479759,8.35246325747639,-6.270624121139042,6.115007961189587,2.0161521478373317,-0.7521659130805407,3.638210022099166,-4.652525407732517,-9.00069295508513,-8.404493886122935,-0.16906795610004366,3.7821386813544535,9.339375170043485,-9.300705933721723,-7.0035952438660924,3.9801902643088045,-8.542612049376796,-5.888257914564841,4.234654766925017,6.908764796036152,8.203555782957327,-8.648382994268216,-4.502465807167477,-6.722583777368927,1.258381115324747,7.189051379319757,-0.7357267556686722,-7.060081945511265,-8.750038714780262,1.93380619692517,-9.2164255976986,-1.493430835133477,1.1555619502392638,8.336883675264094,-2.329805439188304,4.464758611667099,-2.6943836377589854,-6.606152876549192,-2.289005333349417,8.641852370545479,-5.965371040703111,-7.07309397003371,-7.541914627608481,-7.210726240894827,6.587603853487394,3.9752314003183997,-6.943026849472,2.2233204374089723,-4.394128239984589,-4.863839154328735,-1.4776619321287292,-3.2171518193819315,6.8977567666217325,-2.3949342329794625,6.889199775575143,-0.47553588738700725,-8.981530743179661,2.4049445630713446,-5.61248253462594,-9.93821756188103,4.696064004742798,5.068573680537558,-7.998309294611861,-2.8669610520302014,-9.261928019033673,-4.48736221938068,6.867245211402292,-8.718696118124516,6.811116785962966,-8.810571299477012,-3.5013123297913884,-3.3956492327353827,8.08808471636491,6.580630632061297,1.0645987077249472,-3.853823646272268,4.431414832034335,-5.455210158507057,5.703001321963523,9.82569080599837,9.497172386473974,0.6316487992502413,6.584500871537834,-6.025850780475775,-0.5364999766728538,-0.23185640487799475,-3.394608039989988,-8.411493542887158,6.297397065887118,-2.354589455891924,8.537001945674145,-5.867957279795377,-7.242836240917317,-6.939137603837269,-3.0234167273184127,-2.208207402336903,5.57185827246845,5.59198045197766,9.48358038328864,1.010536768287304,-1.4842476637792874,0.5944060051358093,4.188349506075543,6.522652567364581,5.053524478204318,9.278934683252672,-5.47595363349542,-8.30058191899022,-4.747180184751761,-6.389993491053636,8.100374799180155,-0.6769005013271823,-3.5430221894103546,0.7724227835978361,6.51173301763853,-4.569396443277101,-4.030515904469798,-1.07128547003229,5.224748904780991,7.5056318627641865,-3.0017340817581513,-6.412043469059901,7.0253221229236935,4.66861665025035,1.2014672562176898,-4.559108889997905,2.2018298591799113,7.63947411393691,5.258628499897204,8.40473522913853,3.782332773520668,-0.6575907996225361,-5.524145658349672,7.345790999765274,9.875662143363193,-5.253565344727445,-6.501485244003796,7.766692198194988,4.919495027051868,8.556616149873172,8.456961069420569,-8.590909646371497,7.996565172664198,-6.499937510488605,3.226861102668103,-6.386256722915585,-3.6104739233289918,-8.529212604228674,6.531145233397972,0.6706198562811032,-5.933227497334707,-7.738299909560656,-2.4509988268431204,-7.3553035336766985,4.031617500096221,0.6563565409346044,-6.755771956984276,3.1575289981725856,7.409620397170649,8.26015915932123,6.259325597450523,2.84525412255109,-5.9974890049142555,0.6208791632185644,-2.669361212716126,0.7261035958012041,0.43269520072622036,-3.5341360658942396,9.310908066976886,-1.2791852601008067,-7.16966803972274,4.977705001294968,-5.3972938164039235,0.5635759507847311,-3.4849493897141777,4.136125494061467,0.981886021371217,-4.624496371286675,4.657247428098417,-3.1230951410199337,-0.2526674845328216,6.8484736994853534,2.40026992381798,7.806781721163155,0.693159283807482,1.51619000059374,2.4131557791209435,-4.811046490700777,-5.589221077041673,2.6820560583839814,3.0300210388407507,0.853702454175501,4.385045005933856,3.3896866710467517,3.7996948748929533,-8.959637935148066,3.47220616143402,7.62776192421752,-2.43672308945105,-0.45285487482368225,8.19742426743436,0.31704263130869137,-9.241108899700466,3.0262566301656335,-1.3567876584439258,7.306775871787899,0.41255521291020436,-9.859012350271607,6.880091399630913,7.989599692616213,1.472938601079619,9.479371898879801,-7.975668981636774,-9.416018656405669,0.7783589761699066,-9.105174052251678,7.840324565284902,1.8215985638487027,-7.829395031998514,-3.035918187670495,3.9969267009950578,-3.02396733872669,-9.65483888824444,1.8373814071060224,-7.089102297626095,0.36293383485546116,4.027757147973068,-6.398356360210724,-3.0219043449721505,7.067921697075004,-3.8903467554170597,8.539630737067839,9.801686213051362,-8.186573428136716,-3.0185852432700466,9.887309345308847,-4.2436435142053615,0.7584520729406723,-7.838439182962967,-5.908779407034562,3.9172684014783794,2.119555004271241,-3.1124609997388326,-5.666733859613227,-6.137298832771556,-7.9056851441696585,-2.9103635256310163,8.558969708144776,-2.282746386585641,-7.806485583340692,-3.2262912357876257,-1.5757640457701516,0.6892634164433957,5.678799393287552,5.421822957521245,-2.035972821409038,6.496488005509466,5.493403548720499,5.709185180888497,6.140333919417916,7.697092990554523,-8.679576695384156,-5.197408493657061,9.941726707876786,-4.63293272726399,5.052800295519276,-6.597409655297661,-7.87619754452729,-8.500290803138771,4.528263594578695,8.636957307608636,5.117451551827655,-3.539720624901901,-2.2537388716968954,-7.769625043777446,4.865860040855452,-1.1067902100187688,4.853485099992136,5.18788548948854,-6.044025333898249,-9.021603368742541,-9.783384778945559,5.871901687477571,-2.722155275267399,-2.609997491419902,8.794666421758642,-6.08779650797098,7.482709862560661,-4.764689810681107,-6.091127116696975,-1.9672050229259028,-4.3098209959761675,0.275708733351788,0.8996265976337998,-4.191975650880204,-6.07704006524081,-9.922721038255393,-9.506964549759049,-6.734638580393517,-7.2391145315818655,-0.057700696191407275,3.7222112571172445,-0.38352608552577117,-1.809877331859104,-6.759820863511918,8.325669568889271,-0.372604372039012,2.9308971234017065,-3.6973661024554687,-3.0031039802338055,4.143561589458148,-8.321215259478006,4.147254093044445,-1.4500794606207474,1.7746766709829949,4.343554335586578,-4.890808594594034,5.834802533235946,9.424219551403368,-9.050616433388488,-7.137206460290113,-8.92036353182792,-2.975936054209911,-6.921427582222057,9.056930470052041,9.688595850815169,0.9298419283234622,-3.0924263765152578,-4.534542044431307,4.758685121641877,7.573673566350539,-2.064540145007796,-8.47563933241291,-8.340459562289144,-8.29571665084603,3.4055249307593467,0.46786573031754664,6.8073822670271475,-5.206147398412582,-7.416984255824104,-1.268963060696695,4.92149046734399,-6.503935252945192,0.5751189485922925,-6.019629584619963,0.6581966771561287,7.126721428821618,6.2665181243528,-0.6521822400606165,1.3025600574395124,6.8742765260355725,3.6563794061327854,-3.2889522510271867,5.960817718745634,-8.743560087033204,7.6082557349209345,6.744629086375603,-5.277719309097579,8.851284977846003,3.549902514468437,7.457783674566908,-1.407075530296968,7.719967253428081,4.03485403922139,-4.899975306177467,-2.807439096624515,2.140209033152793,1.1278593213287902,7.960600584433234,8.305817064340399,9.14922426301504,-6.573588249281355,6.393782866196641,7.678781661329278,-5.460840189085081,-5.701851835262708,-4.049739099320526,4.807190572575617,7.261191742168492,-9.180603377224944,-8.242887968987302,-1.1614452954414318,6.856006405193664,7.607491977627866,4.3258507576515335,-5.233140799171856,-1.5461321447521659,-3.943382856293436,0.038925541555963505,-2.242746391115567,-2.515204142739864,-5.76286399560966,8.488891572638842,-4.5799271898453515,-3.5950686738184734,-4.382195101192144,4.059077132566134,6.522219574045433,-7.22700957469695,8.766736453974943,-6.185513516141361,1.6330978588450975,-2.2055520238497444,1.8229162467795952,3.5442036180767538,-8.63604562555808,0.18229216593384123,-1.2713757085029425,-1.9821930432320496,-6.253974253026266,6.816326134033037,-0.8540775689755229,-2.195126845238537,-2.7363984430748527,-7.39381498219712,-0.9734213016197337,5.583176896729029,-5.86105929028051,2.035872682186419,-0.5193047541591849,4.422046087633554,6.491790918172441,-8.490631875881729,8.601822559754119,8.546013183278756,5.065993532807338,-6.8027843260171394,2.657115804607466,-3.5859332773298602,-9.628912870255812,-7.682515065313691,-1.729398835222149,3.118293563659149,7.495955272418307,8.93609498005019,4.259720577947304,7.739122387030772,4.3367755163752815,-6.736685975555837,-9.176750758086092,-1.625143300864293,9.984156853234168,9.304101118743183,-2.6609845228238544,-4.083528329597177,-5.75234487529154,-5.43258086086428,2.1895938075567045,-4.121080717703249,-0.7713663138243518,-4.1617119563931615,-2.0296960557295414,4.506408273779748,-5.6256352566959045,5.625002720812436,4.225349027042991,0.42001329658725695,7.043923910172509,7.846514377372081,7.030953358555784,-7.152382757577287,-3.476002146650261,-3.8896583521830186,-5.875530953425574,-8.543782596141758,-3.549504311485765,0.1832857563510757,6.189974104993169,7.958223368330582,-5.646120603257079,4.377890396972102,-4.923219003486339,6.660825771156269,-2.939413183649915,5.023995889783377,-6.03715747968713,-7.8933297933136615,2.293272638444087,9.223917031161594,6.876835605383164,-4.647118059699524,6.832109332345084,-1.9487775367928606,-9.900360645022584,-9.920947578946075,-7.844244935050606,-6.092591939512879,5.6086976821107974,5.765985238335592,4.167680204382938,8.060066528830017,-6.540728330859487,7.144463595177736,1.6568637495230831,-1.6806528038276163,-9.061891678296307,-3.9886766250402435,0.055369779116782425,1.0769460153669907,-9.965143076718812,1.063452235304032,7.441624019225344,-2.9560333886800834,-0.8063687217434321,-5.701713544986466,1.0354071915737784,9.154093512148727,-3.9013118287619175,8.902233420820082,1.9902080559349464,-3.1636289513001543,-9.981618061609476,9.293560074525097,8.922293628040041,-6.707883760050719,-3.183516283967438,4.890397855365485,1.6432101610073104,9.78847061117935,-5.162566872290806,8.875174462313865,-3.4211251651210572,-6.3001357645488,-8.817083639356413,-0.3650307625064606,-9.57850282092907,0.07994437090346374,-9.071947593308945,-1.4332913728437706,5.669596103580069,-6.746077413351765,-3.4812315540803507,8.715240393014632,-4.321710251397219,3.2875625053114597,9.218046902728581,4.198062015624892,6.729093438461945,9.966586414482382,-2.897814391034621,-1.31975006436031,8.369394677479544,4.74640110168885,-5.175954674458616,-0.6287915774952406,-5.739384965727094,-3.4343228217237005,4.717623478112911,5.375788833474235,-6.952345576378393,8.587954521988255,-1.4869355705245368,-1.592052424199144,-2.239272119093698,5.993038662453873,2.8762740196681396,1.2155245552500809,6.547785863875429,9.187978747411599,-6.1647970743474545,2.9311687367904717,-3.980427985915078,-3.306707567618692,9.444267910101903,-0.3640258172002149,6.584868697237113,8.818878271195246,-1.190680622615778,9.528592793813722,-0.3012193747231695,0.6425063456984237,-7.561061393762598,-8.398196249663963,-3.5363190182140647,4.994864414902349,-1.7911752198222466,0.8882721697539573,-1.7728916086982682,-6.4268967855005315,5.615945486631013,-7.446424799767395,7.1983402168098785,9.060375535175247,4.1123199613509165,-1.7903587465000008,9.207013492283458,5.5844542105913355,4.281509508274812,2.117534917472206,8.705558965699893,7.012496879929458,4.500881207780914,2.1190621786603874,7.110760166623969,4.795122703860509,5.076426366640591,-5.145354349683082,3.740110067639794,5.891087541518871,3.3422551297841068,4.876590340597469,0.6322363505211435,4.092544805758827,-8.537023843771738,6.912426458339116,-1.7548361700040278,-5.736258494068309,8.61311237911055,6.55437329215717,-1.1574170861503656,-0.7037253870131828,1.448421754838126,8.113412803160614,4.939737447976874,4.3518281388213875,-0.4486495810391098,-8.659937292507099,-5.655834743893111,3.9533829396752456,9.582098150192408,4.797686143427207,1.8107764255956393,-0.9650557450762172,8.17959446621012,-2.2536049357928034,-9.053251219893845,-2.782043096701374,1.7047409638365263,-2.751573684107087,3.7968734553458887,5.153618602649516,1.6315071738301405,-3.765956979307359,4.654276983066437,-6.499725049838392,-6.1076437151589875,3.9693004928264948,8.010026308622614,4.370016843378499,9.241943453773697,2.5451467866056188,1.2833769785296347,9.556964123580908,1.012936973454007,7.8890807887426675,9.88730733342944,-3.421545336731353,3.966949975253055,-5.074480913296668,-4.432628091692425,8.469704336076148,-7.1114086215107575,1.5689897447119332,8.740834920778763,-2.8704934777262103,-0.3077240047916341,6.847340630848581,7.863989470760352,0.8517314382106616,-2.9423679336196873,9.282848369051596,-9.935710896008043,-0.2235139873761085,-4.7297484367461635,9.71850378704124,-4.768976737365557,8.192631211346558,1.8072789916958136,9.579352017787492,6.582479252391316,-0.31564438518094917,2.9531527637657966,1.7531919897956918,9.04131817794443,-5.458161901452785,2.7514807682145115,-5.302200894799642,1.3580781786117804,-6.753566311317954,6.8611386271046335,8.092843256406315,7.204534618546223,9.72659725736748,6.986789255564268,7.956130703496182,5.995844476748221,-6.526161695293431,-4.875974204959858,0.5214836577541977,4.531134716805523,-8.307227156877433,2.736034688614895,-6.306575777421688,-6.192919477588125,-3.9771393425241497,4.901456682227449,-2.0908885317414105,5.1352645484419455,6.365975141607578,-2.286539638481509,-7.795137067106177,-7.719603504116755,-3.106513193998655,-1.1840260280181845,-5.479266333530255,9.435331989468423,-0.4128470226466856,9.65961287086185,-3.7481659432764403,2.027408632370973,-0.16090952017589544,-0.02157970738850601,9.237622535629988,9.068122846460739,2.131617267431567,-6.922028093019148,-5.395232420610762,-9.03643273102432,-7.592290993647093,-5.528903942220111,-5.852222822273518,-3.7684098792325678,7.9379431582217705,1.6455374955909008,-0.29274880025242567,2.6696575424325886,-3.4114935381153266,1.22839977385809,1.6709729793344223,4.381810346896689,-9.443194386675444,-2.6292550103289214,3.708276069160876,-6.529520208026902,9.379572870187303,2.031489292826972,-3.2612631038698625,-5.751466520821604,8.655952564786425,-4.038932585539143,-0.6529131309623075,9.6025062040678,3.970029351265712,7.282317013960213,3.4616000644010114,-1.056731729145742,-1.4989141930057492,-3.8532520859538533,1.2671505225841972,-2.620759204018639,5.004582890525873,-2.368384070653091,6.877511804011217,-2.789176528904312,8.771894363779133,2.6879999400630705,-1.5140822783851426,9.106030780177274,-3.5147185580637563,6.699740570398788,1.8899891552813166,-4.651331273240855,5.719653583436223,-5.168254349506929,6.525561128672869,7.099792630541916,1.523452215062342,1.5289691959455212,2.6790429612426045,0.27047281607162077,-6.429451402487731,-5.133120998725735,-8.687395346026506,-3.924039682516602,-3.156802432120087,5.678360630590289,4.070884938918331,-1.4789301056121023,-8.397234654300567,-5.221007376409821,-7.571592742444668,-8.958904012169464,9.578643073594694,-7.577256875576104,2.722411087266643,-8.719018024314725,2.9851557329253726,7.54893007129504,5.4094257638351095,-3.6865394092654835,4.886376889777928,6.765263357784445,4.611929292985561,-7.022595222447805,3.11193266063208,4.9420264651353385,-8.722222501136246,0.4504799356822726,-4.580612574977428,-8.456788750315617,-2.8992629161896177,-2.0399690857530084,0.5114061240035923,-5.998062094700691,-5.881107413232492,9.597621490338199,-0.3874523921045885,-1.931591325181829,-4.7174213605398085,-0.6347789906407648,-7.787783538224106,3.89637223823458,-1.0224133449483581,-5.492428990570386,0.5304577769086798,9.86648924120514,3.8588438942593797,-9.997473756334125,9.359124052116485,2.3347620922588046,5.596438022496875,9.10223125335878,3.2017316036692005,-0.1381818176536278,-2.245542379560465,4.324038941503076,6.790887338545527,-9.365490968135209,-4.357633512837364,4.715831143225913,-6.114548014224466,5.878781354835889,1.9585853859136222,-8.382476922005246,-1.2948536455924327,3.339112365917604,7.804330555319609,-4.254845395484126,-8.995426975977027,5.758841956590285,8.349076015200833,-9.982656823414512,-4.031537253196522,-5.018049097342718,1.7666095618186404,6.186360978893628,-9.355445156990275,-8.61923232928632,2.3719308194366846,-9.640840001537672,-3.282042575330615,-5.561271099469149,4.765010610028364,7.674236246753491,0.7374444649091778,-2.008779129732874,1.1746980094073596,-9.485265669914309,8.246589199065742,-4.098056663887338,8.520548065450889,-7.363740042324512,-3.3943441670630126,-4.651671376621376,-6.220567081828412,5.385032730687145,-0.47372905253091524,8.650947171266232,-4.9098821736897875,-0.7100945927366809,4.284868878208917,-4.977141710358373,-3.6426718326142353,7.781814716688665,2.4067022988469233,-8.952096056205184,6.989374011856466,-0.6856734792412578,-5.560768542372008,-6.0688419574119745,3.8828335043539326,-4.3983244624664035,-5.057182746059654,-2.9296796979339312,7.776803688243149,9.745308888032671,-7.683040848252427,-8.68621117564192,9.553851456179117,4.450164199276445,-7.965890864917617,-1.9828038680251225,9.675195264787977,-2.327472660555312,4.683884131523682,-7.58913444934028,7.7492692343237515,-2.310639486832722,-1.125849130321427,-0.06340072918625417,-6.4100577055770565,5.194521706207695,-7.2546258622923165,-3.9991218466624474,8.745993326235059,6.812164758169775,2.0151079629178597,9.581863061605844,2.505267780515963,1.399672719992891,-0.6784356940920375,3.0352693424727164,-6.934233588737985,-6.2043919095247375,-6.90810668417061,9.143012507938394,-9.382827550149093,5.701674028778898,2.3537771176104982,3.635756351829862,-4.120945304844305,-6.74362107057374,0.9711251270891488,3.641362331981897,2.2234541010704216,3.417008539871116,-9.13569368241909,5.636682959465528,5.892090649536081,5.416244294267772,7.448804833952462,-6.611908227482743,1.9365612351355104,-4.779340806532124,-8.273951217418265,-4.363042974865589,-0.9672519892336506,7.48986364270246,-1.9728978764360683,2.5751416142858226,-8.614938830159929,-1.2538742938145475,0.7714672178103559,4.062401693676204,2.764708676479943,-6.543319545405161,0.9406212812583998,-9.155026463587415,4.900110486833185,-2.4156840790937295,5.968451068924761,2.8015497642865945,-0.11678198049145116,1.3119102456689937,2.1789073071536684,-6.7803582858812845,-6.229015866886525,2.0265311378107356,2.1603425821942714,5.400706393939942,-4.669714783143315,9.692729978805282,-5.294423891613905,8.714575937656559,-4.533026301885745,9.064018136695374,-2.741392855090723,8.89162455358517,1.5678760815064905,1.3428057502985133,-8.899659712638945,-1.260993583420106,-4.204219221616238,9.548722487730995,8.30895876426456,-1.4015304924685381,3.6417275044279123,-8.115930144576778,-5.831160850679318,-7.799717116261899,9.723552595096308,0.7554783978290871,-3.1375361925255785,3.0295242386335364,-3.3340918627486023,-6.639691168415396,-6.067873121111951,-0.5689126064833303,-2.5760850243979387,9.67543548198898,8.579159568041518,4.600727866867761,3.188599521009996,2.5566450894695834,6.808624953843687,-1.1700876000134652,-7.000654231710106,6.460695881002934,1.3616905696007606,1.1122622803574806,-5.1483251072448555,2.4327675471745813,-5.350018867559365,-6.5097856506474505,-2.926377406461123,2.59261135525162,2.4989137059267783,-7.236688238205245,2.257422698937111,4.4637277319786595,-7.879706709230383,-1.8518602699980597,-0.4289428319405495,-3.2239543303564977,2.684195596478629,-0.35205622206657416,-6.246972437040057,9.689035652048123,7.759847776472661,4.48742637493547,8.637456788944775,9.135666379345405,6.769790122725546,-6.787390366632408,9.104578002828745,-6.12271945104262,-3.191821886383126,-1.2502969094512828,-8.51465169145915,0.4927248111925877,-7.881014109428115,-8.212311152541599,-9.70751929836808,-9.26299899130969,3.683617206608856,-6.236608273415738,4.506382062867356,-3.594199412826482,7.951774768655188,-5.3131316450578,6.581958259358796,-3.708342985098165,6.536513723888511,-2.975594973760769,8.513774446414672,-6.9607627476494205,2.3728408566959907,-4.602468274645332,-1.6425162834358105,2.002266581631204,-5.840513001416337,-5.180622900931802,9.545740178530945,-1.269568108403682,9.796247422499391,-9.554690545508427,1.004982141681685,5.394745249903751,-5.487747895324119,1.996480169025645,1.836247680019227,-0.6065965998346279,2.2531718616972096,1.7151953984235409,-6.301364897578818,-8.045534960050311,8.783807075602699,-9.517401671054486,-7.542957331874771,-4.744612397907037,9.777553116612879,0.9612502347152976,9.977462549752055,5.185490688713653,6.844971987911432,-7.172530548462048,4.2035359901525755,-2.2380849216799987,2.3067032041802875,-6.079317435473328,5.8720001539666615,9.758038387790997,-7.046523210088482,-4.497536337435111,-7.908447999285702,-2.0318996209835287,-0.09966760668207719,1.881115064710702,4.503469006193519,-3.906834981792013,9.532424628324602,5.793495784194276,9.992774475628732,5.041964956650734,9.733299264729776,-0.9175563440108832,2.6873351950378392,4.1372969116776055,0.1715946662960519,8.77557111073002,1.9639079338686294,-4.037986355247487,-6.915631881306716,-7.960230760479556,1.963128529372982,3.825857172520461,-1.9271668911754798,0.9411085965221915,3.893466228228611,-2.619117572247884,-6.520570343124201,-1.6055733648468902,-7.25719423968294,2.9495564080719934,3.2418559090559746,5.102660596193653,8.69896608473908,9.04528260748884,-5.4096202520571985,-3.696989417988892,-0.9998150480973145,6.910579063592863,-1.7103064781913417,0.6380156441634011,9.399942078832694,-8.597742633087815,7.846984548561487,3.4773444764006562,2.506502054416618,3.7671328747243855,-2.613553860824327,-6.704602816505485,4.35475557842215,2.9974735347631274,-7.150200888463701,3.8501983256287904,8.574689320789734,-3.7935636285141143,-8.797293435578215,-4.391784118864919,-6.453433282991671,-1.1096350485363118,7.240224580662009,-9.087968750501293,-5.384839135605812,-0.57682557474722,-0.8301529377171679,0.500408266982415,-9.661330239039128,-4.757081495708997,6.311751068953594,4.798519967586161,-0.7419743729623605,-3.6758006644695147,9.88492517131159,-0.06237879069521668,9.609687832224015,9.954860438377978,-4.0021567028483656,4.192925011010578,-4.003087562651326,-2.056020833823558,-4.875495103271954,7.991833895534192,9.245594747978675,0.17023170052693537,0.3728986623016528,0.7908025227408348,-3.1239707080316315,-2.3414599795026643,-2.9039802423762033,6.011855877701851,-4.19580492872317,-9.636457679494672,-0.9099579851049082,9.492460294556942,0.34269118259955,-2.208739829320143,-5.956876353515172,-3.4480246914751085,6.475139857437242,-3.69762335835222,-8.518946588952707,4.886563992455017,-7.676362484549333,-1.8021268836000832,-3.4691268367782913,-6.504573149341882,6.189265545288794,-5.575788720501889,2.657464252777066,1.4076372547128244,-7.288831125505952,-3.487679444829257,4.601268073681812,2.9581108701540586,-1.4416581720910564,-9.435472866103263,-3.58444027158823,0.9702649540330768,3.8765476266529966,9.795483682260691,-1.7249654922681117,8.120382386102374,-9.947503017712204,-9.45086176866763,0.9330953471958363,7.42604912163025,-7.20290139544391,9.052058208933676,7.0821713213440205,-7.275488963176371,-0.3759445504820569,-7.119606735971853,-6.512429903458208,-9.799187407827837,1.8406867275598735,-3.7983001247613,-2.5158556064870456,1.550328875588633,5.325748306677692,0.8200637449344299,-9.301841845965935,-3.449481025998999,4.437030933078354,5.918411529000874,0.8455718247881556,-8.736785338505626,3.54090051159854,0.11725830223380207,8.461920656009884,-5.674177089838248,-2.286346796950591,-0.1251679119682425,2.848933310893072,-2.397999914510396,7.339731559202903,-7.20610532834047,-6.83639587970635,7.121540895525573,7.303078246926855,-8.581040417582287,-7.838329747372552,-3.324824433772564,5.419374255241225,-7.469353151206526,-0.9114915148044425,-3.7275470456263697,-4.664082347444758,-9.449567580061364,-7.270811519054234,9.310165120659889,-7.554038954917582,-8.612874833895408,3.160310995745764,-6.377989221917241,-5.346791910748967,-4.835869978243674,-8.862551554975795,-4.4514917149083395,-1.4276834932732623,3.8102934204460546,7.267709689071705,-4.074690261683016,-6.6660203754434715,-6.568069297433759,9.714078875339581,2.497371991484087,-4.681031266629184,8.193085969611957,3.0184385694456672,-1.9842814333748056,2.011199788362255,5.08328878574069,1.933083685718227,-9.907428237476907,6.585973632668843,-6.3427975693372,0.6006245727160753,2.9546301955247305,1.9544821035285391,-7.433620113976717,7.256961860570215,-0.8425056909240638,4.258410804841567,-5.897128487527146,0.8500399076756722,0.5913992801929524,5.372136118058359,7.327370637333715,-6.107819779941945,1.503124071010209,8.217252151632945,-3.1684649783871492,-1.4723622090836024,-3.0602795938454257,-7.393138612745869,6.47603250548859,2.125507288829592,-8.950218759846171,0.2422358849468491,9.978251629639502,1.9931123891966358,5.464193137593963,9.147088327129051,6.420822841903053,3.6002063229715056,-8.51470834383985,-7.857491993328878,-2.02241889612909,9.66355183406817,-0.2627699656558242,8.69060194625575,0.5876804760583134,1.9047147066884857,-4.657782786933263,9.56221842510913,6.0087325562689955,-3.2199640664579228,-2.27538658784344,-7.215534568544633,5.97184024628511,6.3641310276596315,-0.6424605513849642,8.805259717390811,-2.4528446893532507,-0.31718269761947404,7.030989432645846,5.028924744897383,9.19249460174299,2.831169346333544,2.0629365213006388,-4.2168692193279504,8.57141968801487,2.8949139415237894,8.920581833896463,-5.2136606077036785,7.412166983713153,9.591145546561275,-5.039971301754234,3.8089802809573534,-6.249644249786805,-8.455077775726444,-0.7649431372629678,1.883766650425935,-6.566918622062259,-4.190751687154557,-6.514070916247325,-0.26304598285845593,-0.2092763056601683,2.064870174774093,4.763944092105781,-3.8795704739338133,4.031177734806866,9.465517901932653,-0.7399946853644739,8.493541456505064,-1.128290542625276,-1.9455744130100996,3.93254734423323,-1.1206030067473591,-0.12204258875286911,7.726835073346695,4.9293291980825735,-0.03438748041313744,-2.774614281367864,-8.239692873909057,0.27702280788010114,9.612203183491733,-8.710053392646994,5.5067478009575375,-0.8742131005078733,9.566540207247513,4.985182340407405,0.1461763862830967,0.2590103706061022,1.9761142743046207,-1.1939046456718554,-3.994145036911563,7.997859836997936,4.529264987152109,8.510168842098732,-9.085646890973267,-1.9265942802129281,-4.284127949462782,-6.539233127678323,-7.517113556956514,-2.586490428233679,-6.630872449201169,0.25354935168672377,-7.970246324085226,-6.399109244302322,-8.698359084662346,-3.451014655742153,5.457057637748781,8.461602074472442,4.68423337263749,3.365777472524478,-5.382648776312409,-3.472766506492344,-0.36083079091387127,-0.781447454434776,3.650590778171628,-2.5012811845376888,3.5159384309112873,1.4721562169069013,-7.207794756713888,-5.44877732603835,8.81300095294123,-6.341964179057511,-1.5667735499905184,4.85347176680113,9.814859148400924,-5.091806707185711,3.4658536773114967,4.933444717037144,8.601192899830462,1.444435412589499,-8.447819121312978,-7.684944885452074,-4.5062079204361645,-1.7845713608151428,-6.26605121220126,-7.326200604642463,6.29293918558567,-5.21432983919264,1.0499429206676147,-4.331005711139362,-3.8599722669326386,8.696400297312831,-4.809853264117501,9.68391596253256,0.41508973636331703,-2.8350524733602196,9.861928034986754,-9.786009401571212,0.186784443143857,7.95467114603424,-6.518247030283046,-3.0439770596189923,4.177568329157262,-2.8334981249038638,7.25624480295329,4.163827231543575,4.625862350483409,5.451871375995092,-5.3542649419663535,-9.925169713414173,-4.817705144385094,3.17783165303193,-7.423632460579144,-8.120168717564953,9.01499876113072,1.363284258990511,-8.258694374801612,-6.582919541882188,8.413820699888483,-2.7332355327697044,-6.760182055477566,-9.381709442713904,2.353553162828666,-6.113990464818828,-2.7968233504878075,-6.878822406658407,4.703522424081573,8.160964635193213,-8.808722656145234,-0.34449079593063203,-2.1244297819236113,1.5294436397821443,9.738846476295969,6.8712276784838835,8.009538474029377,-2.4632462543326072,3.9331930397648396,-3.0661520662610053,-7.022672719625125,2.4901503841737043,1.7642151877811436,4.877797070691809,6.310608499393343,8.027319800542923,9.044151749423047,1.1001719012636464,-4.3184404201634425,5.161247216564158,8.119345751947183,-6.541422104005323,-1.5851354437168634,-5.099483362427217,5.028978242799827,5.096334930797919,1.9040446588893154,-6.1251619827711234,2.902304199370633,-7.528201212138502,-7.5374801645884855,2.5632683592531276,8.758667537107385,-5.954038996792017,-3.570676821565744,0.2900998183194421,-2.849306107946572,7.318875552958875,7.955361640009613,-6.573293462024585,7.217244343330314,9.63521183840071,-7.407513438727255,-4.6327580573612455,-6.068777233762191,2.3158840711924356,2.820489794542622,-9.583703302636641,3.0677932856164567,0.23348254896772858,-5.815669569005733,-2.420756117711975,-1.5787015768413664,4.114444262105334,-7.921111108577588,-2.321941268613834,9.621198289826538,3.2490293929984464,6.8002045011040515,1.0589076276291909,6.009644183553888,4.792599106540871,6.407987940014387,-8.528307008601377,-0.1606628859050545,-4.0276916198347195,4.821930261798906,4.467046211147229,-4.277047109839192,-9.269583439177861,-6.200672567084542,-3.4378037711541882,-3.987882802115738,6.7887460715482355,-4.831582730825299,-0.6130040899355915,2.27947255520532,4.57236767576515,9.105704794722726,4.901959037492755,5.611945501986259,-3.8618880414858303,2.5766662079296854,-3.6828457623177258,-2.0973827170047787,9.855290580475856,-6.715855036920315,-7.503006014570522,-7.171548362760662,9.914835255883713,-1.0330058098844006,-7.762547182611925,8.450126628294406,-2.7870710373393814,6.931602948278911,-2.2297123868779973,-9.117503357209515,-0.48751675049531684,3.0418801278678647,-5.853713144918096,-4.2755205951651165,4.58064244752596,2.8480913173845774,-7.106714615252399,-1.9774337357937775,-9.565202284554172,2.839796279157653,-5.205177389302111,3.9821940452350706,3.772958058907495,3.773012597447959,2.442933138054462,9.541212981645167,-0.7340039755342005,-9.770430771164893,-9.167656883375873,-2.5622705426625503,7.43979755313709,0.6761647957102763,-3.3076726182448635,-6.671457609272455,4.0561369293094796,-7.412266725407248,6.206294419635924,-8.255659620916642,2.514964908049924,-0.8072093006190215,-5.099684581370758,-5.704132654105781,4.962733842639789,-1.8029342754505286,-1.839797873429374,6.973835400084216,-4.8839489124120705,-8.363150191716965,-6.332988533155031,-8.863011296262354,8.975379048620024,-9.8188323370435,4.328991329892437,2.573239969298358,6.819930919434157,2.582553187229495,-5.113357270769097,3.0772903646170207,-9.417500936510192,0.1667891753114823,-7.30980696408418,-6.206296683889803,-6.233388082962792,4.4419719907493125,8.930162344484692,-3.9548485501449093,-8.886282763474702,-1.2975367760408485,8.693427491118424,-6.620640283409573,-5.484692869800742,-3.899561745415749,-2.1787379591403644,9.265709579781664,5.745389678990634,-4.516663362976963,2.232769108461275,8.092728029052878,3.1861457307358947,-1.447688227040251,8.6747466750079,6.418523196555771,-0.027911154824293405,-8.831087381520092,6.116465006994019,-9.866946577001379,7.0305304014059935,-6.255895023692886,6.529155673919536,2.36028813992683,-0.40700462566536544,6.494625760477394,3.9248235842813006,6.141850657863696,1.4559437001948226,-8.059062875062867,5.367679532350243,8.222342106318447,-7.303525298919354,2.471890034019239,-5.07031912957959,8.032060779237437,-5.246590028401519,5.820116333907659,-3.876634380980109,-4.640166323336443,-5.070668008522787,-1.263506479062663,5.821859166330368,8.337315867401806,7.291638784355165,-8.885406557973454,-4.9391514685254645,4.818852439537542,3.589628127081472,-1.365632294875672,7.701195150226564,-2.1735159695667043,1.5326611531159013,7.637601481577416,0.4744613660376231,-9.617619208287438,4.609063837298375,0.2845756648498643,0.3723921260050389,8.98281244527653,7.600568754083682,7.915305179174176,5.006076313135816,-3.8691559562893563,-4.52795573603267,-0.2764447247237829,-2.030287103328501,-1.777566934846849,0.7402434713428008,-8.565779164228298,-3.556158141230381,4.303777368694448,4.589798032386824,5.374518838923727,2.4946342342755123,2.541579083879146,3.7762766676985535,4.408682027380291,-7.652414074638656,-0.5026113191628312,7.656002361105614,7.8518036569778005,8.265364119010567,-6.189948984467762,3.38285180050441,-8.684810091209577,9.99772062569662,-1.3428816410566657,-2.8419920429440477,1.612554606964249,6.1729162194792835,5.641333057868534,-7.6450451501602545,-3.3123121563097797,-6.185781862937754,-5.0851338116078075,-0.48353062811789727,-4.732680756409295,1.0421622363341303,-6.894278119890302,4.867501701415957,-5.747189306556075,6.60508738873245,-8.649854559700154,-1.0260789468167335,1.1901927110890789,4.382733269465698,-1.6331544164090257,-5.522114698230638,-2.756495657979368,7.560757886801774,8.75659937640907,0.6810380763191688,3.2697973744345212,1.9715618943147035,4.406698234406683,6.017164176042616,-6.662176093318813,0.05038945253135019,-9.90484404272792,-5.3641851621810215,-5.7278655638165095,8.873658412511869,-8.185542547107081,-0.704858892529117,8.870161186960079,8.069076383016437,-5.560844425497031,6.863045414629326,7.960718969440187,1.5638896803503108,8.29439586821962,-2.2506615680363122,7.685955883665542,9.79663003344561,0.2517619996557112,7.219707596957676,2.3407067738893677,-0.6036156902239753,5.736067468593015,-0.7447742663433168,9.709702206015635,8.80531767462405,-0.5979380738287254,0.0875115229444745,8.878944370406312,9.753225029168771,-3.569619494738201,3.743439865895004,-4.526705176219361,-0.45044992070323886,8.450319068670574,9.043010942538881,-0.5275191742539072,4.4435639518641405,-1.8243519768490106,-4.2389954162634265,-6.07673543839214,5.288797214860963,-5.273944239356505,-4.39067037080584,-1.3768030253814523,6.777058244471455,-9.347277631683662,8.870397077446903,-5.618190798624257,-2.4351371005315965,-7.61338844250627,-0.9518805514135291,5.959221374792323,0.7327362959215389,2.8973932467143477,0.11099982947705556,0.10048855774437015,-7.586841032805607,-3.972075598502121,8.694123580107032,3.8123366874299176,9.819476878770313,3.23072413530668,5.725708628991658,1.824647591168734,1.9128130234953833,-3.1308310905490533,-5.869089085934074,6.908478199347638,-8.807437603331401,-0.26526436765987427,-6.9842272343868945,-7.786907443432867,-5.120488623937691,-3.647239565233553,-1.7081678938268716,2.129376327049785,6.734843375496585,1.7973381321434783,1.0332455259795026,0.9945339331401222,-7.028262359299003,-4.248508178608208,6.648542860551274,4.291615023222196,7.917443581064113,-8.654301373038466,-7.962569379610676,6.599811573780393,8.891578028008684,-3.811264326446892,7.200111469908407,-0.4325509250144499,-7.6534672455154436,6.573774211921229,-8.407116725025404,7.151134887138603,-4.419633461686647,7.828800785277835,-3.0139476137040155,9.073096586300654,-6.257857893844278,-9.662588905756348,-5.54806391421125,5.236787666475555,8.522731155524177,6.996171047039223,-0.759926814222478,9.44169829548905,-7.964942912406268,7.109877971030624,-4.037119343174216,-7.336594903011317,2.0732640004869385,1.4504776201124336,2.2968915914062222,-2.5188714327218094,3.8106260801641323,-8.92877087222936,8.428632335372171,2.443235970367679,6.270101573618291,2.638489874839763,-1.1496606553834088,9.663682138174472,-0.2695988765865369,9.573859366628351,0.6410295470199845,6.203418263154358,-7.480862308906005,7.992060313532477,8.243975717646265,9.349962759892104,-8.480502651472083,0.3964269684446382,-8.710222101156269,5.036693891295116,5.271414392369769,4.1985784074911905,-1.7329477437063048,-3.3904575949025206,-8.970443348257168,-7.78230253951488,-9.57886793454443,-1.3325038683570956,-2.1368841245262216,1.6030153254701407,5.506272743655829,-1.052043334792824,0.11528809353388247,-5.452678037129668,9.94274720449824,-9.628275183627641,-4.253156209244651,-0.6808268266823383,4.272504856941087,-4.00256115058909,8.436984170131375,3.788615341816069,-4.322166486413321,-1.947212523882735,-6.197047468607004,7.915341707580254,0.7790591344196418,2.9526613250716576,1.6510154425266812,-4.817601554566664,-5.413414996681407,-8.53652191556093,-3.8260820341507973,2.5452439561218156,9.057353955340432,8.19196912146505,-9.01723999713134,5.128786977819384,-9.899467382420992,7.086266170723814,-5.126818936969544,7.418637554894566,7.489585403730349,3.921166603906226,3.466664148716889,-4.468233483749873,-9.679014828861252,-6.7649215719698415,1.1483844130830771,-5.153121659583673,-6.935697654589504,-2.456368338062749,9.262003052263168,3.766090044937066,0.6379725320970326,-3.188182035828735,-4.79497035045819,-1.3354114168343205,5.047989049125313,-5.665893376420474,5.6902978987926325,-9.476627828541602,7.964584611529926,3.557772116865557,8.667996247311379,-4.679429315703667,-0.8376650220240194,-3.7346753638412107,7.506410202676914,-2.1438364904107488,4.913670711448464,2.3111802988399166,0.681933895883537,7.245005996213333,-0.9514403416894339,-2.2299131973053594,8.7765468591985,6.314276966546153,5.216140570165262,2.0428879294520392,7.002656333629972,-1.8828469918363329,7.833775614967436,1.6399220811887396,8.661811486337196,-4.364124890698447,6.698479169991785,-6.1416371678675175,6.8202498212944,1.7907083651302003,0.08472412984074928,-5.958338453658074,5.281051245376656,-3.5480020070017666,5.404428859886032,4.251957272205454,5.024896534657881,2.87372339471216,-4.934125161477811,-0.5924175450329461,-1.7975210718609524,6.1027072240717715,2.5804068341408293,1.3735277112971804,-4.692804573190035,2.7932540067011384,-2.721839987470098,3.8868337855130957,3.141207193833475,5.809799184511494,1.6762857597761531,-2.165502977870317,8.70039234312802,1.5052688237805967,9.32709828967867,0.839853158676009,2.992639005376404,-8.304058084058534,-1.9441254313976604,2.183742757061598,-9.220456849350473,-8.95770989888548,-8.984366987301275,-1.7063391610910283,7.625498546539852,-8.059495428466477,-2.4683455842571327,0.5021930389017086,-0.408440036517403,3.5682034245887255,-6.663718488176871,9.608571955232787,-1.7624467954579117,-7.42367497075175,4.415632789831097,5.246445059779889,4.666901907242565,2.077865367391327,4.747945239891857,-8.13532684682161,-6.144130445714422,2.0267674920096663,-7.465483056958419,3.845498171797118,-9.28484140452911,8.964020295784564,-2.566532660907635,-0.20749683228688198,-2.3823301267706594,-2.763360988585461,-1.6501589592778299,-0.8421952414582794,-4.1499021341733355,-7.249524560516161,-2.146768770521672,-4.898324322238103,3.0908394334528477,-0.3282488874377325,-6.543848666240275,-7.53100792017571,1.3446903524338936,-9.299254109257227,1.1363888812498502,2.967391986883026,7.970477409892823,-7.32045144356988,4.404070341805591,-1.255611413488305,-5.20793219623166,-4.005739498449912,2.9833093178723225,6.805089725330177,1.8059011289054911,3.17027411263666,-4.988238053402152,9.259897489892829,-1.20483236003599,-6.21847944472544,-1.221917872543596,5.979838037644068,4.033843911281966,-4.580028264928863,-3.995340352814994,-8.383385408993945,8.272502397191694,-0.8757497271448518,4.873084495317727,-0.6202487878591771,6.426453253797671,-7.316775827413389,-4.710277303908339,-0.9701162316735168,0.860936716162751,-2.2003037439674884,6.172618568122072,-0.7890939356470525,-4.682729240069586,-8.18043228811863,3.4073860143471144,7.048198014535046,-0.817639648168706,-8.90881374094217,-8.640231064625112,1.864464980457587,7.68098859503618,-9.60653574291445,-2.3997500432509344,-5.335806448739328,8.923131298582149,-3.137476540962389,-6.665477590497517,-6.695535820500043,1.4098434535824271,1.9245546056323821,7.623690446438577,-1.0130402327593906,-3.775836085940954,-6.481788742692913,-9.617368307097037,8.894477501589478,-3.6924618370260465,3.273972550531381,-1.2747292244512476,-9.132888974408331,4.977746993143377,-2.1252039947813,-4.693802018802915,3.8461144870443302,2.24879253446667,-4.196437362632432,8.520347052527963,-8.232168163934944,5.315755258872619,-1.8202976394902102,-0.6311286061512114,-5.257231288209534,-0.3277140165048298,7.118189150812949,-6.992543511725772,-1.100193905110892,4.391474195993776,5.408121865431617,6.777623835535191,1.27433589523128,-9.934002714254255,-2.3375005683035655,6.018321869501783,0.8502417941961831,9.452239565003943,-2.619630402473052,4.2362439412556245,3.829806239259149,-9.38801545315885,4.440565743998299,4.815542236901338,-2.041622264870375,0.5627009467492101,6.212704121420142,-0.8672971793839395,1.2786907162560919,1.7979064628900776,5.06311890165399,4.371766856841454,-9.616435418924883,-5.804265829524291,-9.792286350327684,7.062171678535819,-7.501966086730061,-8.866309741466525,4.286731675840789,9.169274982532865,-6.611254628574952,-4.868081788257664,1.0427069190521987,-2.661964974091857,2.9801938930242144,6.075030155939455,8.869461116861434,-0.9235318686179852,1.929213351993706,6.269767538388486,1.2953493879291713,-3.377055455781546,2.3703312614178795,3.516253330275344,-6.577540165707163,0.641195894993718,-0.3545805594600804,-5.065671930977409,-7.691041737026665,6.036655705480612,8.064902705305876,5.7753897345465575,-3.1836525784272496,1.389138351498131,-7.046340200024696,-1.881092110650048,-7.10937529202228,8.615910228319684,8.512731327400939,1.5103122283784405,4.320237031551212,-2.4173436341140047,6.117150466861052,9.938086748453326,-7.168376733058828,-8.822554190829184,4.923139374093253,-5.902294770111867,9.745601729829826,-8.931851165398383,0.31104885112628544,9.438232690841186,1.458253339163651,9.205128779546865,9.994426465684853,-9.240164667116355,-3.1616801996755157,-0.9336784156831293,-5.70056526802885,7.959686983454951,7.177439990215124,-5.200808835455854,8.217983060668715,-8.847176965013311,-9.306691072721636,-1.9717312602316106,-4.290029907898083,-1.5971066769183455,8.36215119935325,-6.11597548197331,9.433336624918962,0.16933222763748823,3.214673443329687,-3.4629397883251283,1.800621122034478,3.1977541616588123,-8.958694706885506,-0.7836600522032349,8.336892342124994,8.020420261425517,4.038778661034323,-5.459807384542978,-5.842548236305474,5.609896970796518,-5.247419895854975,6.05757204561565,9.582541375892887,-3.551313329124075,2.15048750853256,5.349858162414623,-9.006006108182536,-6.45749193808742,4.580980638517946,-1.5943687775730186,9.270319393071272,1.8099685825922585,3.2692930168550838,-9.178141081326991,1.3623052681669918,3.5445408242292675,7.682914070770508,9.299834830543375,9.788152340907587,6.3530591515874235,-5.568470092184281,-3.0703307185501494,0.3042707661821211,8.726040576562443,-3.3117576312280894,-3.433055470451201,-3.38500429887824,5.500431254076352,-6.961967428018678,-6.537027168124125,-7.366570127704479,8.589195480868423,-9.049434542575554,-6.871581673365251,8.903960058210927,-6.6630431220734305,-4.902662864088341,-1.143514343630212,-3.9301627191501787,5.084313187878225,-3.882605112565196,-6.839458284049094,-7.161207978409974,7.844997195023602,1.558456669536369,-4.346061612540599,-1.180745929979068,-3.385906738475679,-1.6195232450258317,-3.3903720028521622,7.692552613327823,-9.449678677183723,3.6399979259790385,-9.186291810786873,-4.049116562028125,2.4256713445884905,6.037982258116006,3.7918741657666004,-1.1966735459294178,-2.405750116907086,1.3021417409155678,-0.6681053709685187,5.439482775832516,3.9286315382715706,1.5035103599453787,0.10776320368837844,3.48002807661333,1.1749338143048522,1.7155021226843736,9.749046448195653,-5.816621511213162,9.252710739194182,-7.330073098921137,8.130608085497293,5.01374444000364,-8.916334777870304,-0.35780763734859633,7.475466734074278,4.950094667724741,4.103201483784931,9.2172688200694,-3.2314326028651745,0.9536426761120982,-2.789776487374991,0.03890327588906928,-6.368291537990176,6.095649086013093,0.1858606776874332,6.0317905410242005,0.8233191346140263,-3.8610225895176757,3.0315944696022505,5.50645218416129,4.935629795187799,-4.682648492267805,-7.599803273511934,-1.929208080773524,5.129042120751514,-9.572423696521312,-0.41148278405224126,-5.545193100729334,4.625771981042579,-9.492425028334674,6.376998082531557,-3.257001130809196,-2.7520310110025807,8.787592847713807,9.59197191969536,-7.471024431035607,-8.420960606343662,9.359950572621056,6.594867613805057,-2.4325431536434223,5.05348125266095,-7.349527830177507,5.5978202706700735,8.222087995463301,2.3682330599973938,1.001695562695721,-9.454723569991309,5.101410540066135,-3.494606427307194,0.3544185618720661,-6.98049712993646,9.70912517883415,-4.700171154398629,4.058709655707828,6.0972910734287,0.013546031722224683,3.981493838652872,-5.339849246503623,7.247175722311148,3.2504382742890847,9.239085653510923,9.359578930954427,-8.815222513031301,-0.495986799802262,3.1159059769213204,-7.463628664155428,8.04792810977743,5.491232790460785,-7.226111861144416,5.315462906763022,2.1440002187163287,-2.9604459725877996,6.405279451399679,-7.636986697720419,1.9325169389060797,-2.668418816078278,5.814924585760995,-4.113597128675273,-9.987278072404484,6.3564675283637975,-2.6412899831052368,9.826922410577893,-9.699835496206617,8.8098882641168,8.825194724013674,-8.46559876378585,7.607599664178046,-3.5606473120172915,4.683351586717068,-5.476319997983914,-7.101504791415456,1.6694860511147276,9.963744658065956,-9.68545295978478,7.883374821099586,2.7081206226549153,9.425540689542853,1.1513170294408788,5.726342048301428,0.06035345256708169,-0.42593896148068033,-2.1942022998356325,-9.349272210233037,0.6883038663543051,-8.713341266854801,-2.3046888846373754,-1.7790212658248556,-8.273756623197588,-8.961685207023933,-6.606559764395787,8.743226623912655,-3.2222206542584075,-6.933256311646289,3.2476825887669314,-5.736373340716041,8.272938625969676,0.7975717832131402,1.1673910420414337,-0.39532113682867376,-4.637908988209509,7.006211748169509,-6.705905877603224,-9.120926303010464,-2.769065318796395,1.4024861477796602,5.932659659976592,4.927278383520868,-7.423352611396126,-7.132049924689243,9.389144743255514,0.18519015120101834,-1.3940726082767174,3.792921015845451,8.333438298796644,-7.91217345508461,-0.9989807213787856,5.1496526658693185,-6.191944469674371,-7.989922605600466,-1.3987789471535201,7.234511804957769,-3.1852315734053,7.0805298161314525,5.51548704429235,7.648068517003928,3.2141221852785904,-3.5828146658184146,-0.32121427967414107,7.748869103659189,-2.021757335880718,6.982900020747067,-8.842545535292928,-0.7965721176642973,4.544523365254198,-8.473152299968623,9.334832487230884,-5.144069773408331,-2.7530126326927062,3.694127121227348,3.934989916312304,-4.436451191831781,4.04646515195248,7.586172221908246,8.965548896060987,-2.5530247185600086,-8.637930578793487,-0.2436854001535682,1.3278420179929284,9.82413447907917,5.494701046478507,-2.375231984982493,-6.211986136196879,5.734006582605424,-6.093638400325241,-4.76228746943808,3.7579864224037394,5.337717845415375,5.589291780884352,-7.247113115977831,-1.367837179645587,8.54743457866704,8.850018516249275,4.560173984509255,5.659260204581308,5.212276610441718,-0.4444874027118786,-6.0562085307727465,2.7148866163242307,-7.919556444505225,-0.22935582613474104,-2.6578297894463176,-5.500631078992006,-5.282430271231866,6.098678335783799,-3.1427437176270523,6.6455019186179385,0.28208423669943095,0.5454486863396735,0.3926147249526313,-3.972964261155038,-7.110811903567312,-4.858826221449366,-3.155235889897183,2.1393184077659466,-8.57802618954576,0.19032411226761958,-0.6114770825386255,-9.066237590506187,5.15468621621206,1.3534835557431695,-6.481607112510213,-8.139668242739251,3.8082038351760374,1.1505230476806219,-4.269393857000347,2.8214313273442038,-8.883569359409805,-2.8464178288064312,7.320362356464528,0.4840297296075917,6.382141428101576,-1.214164622561693,-0.9523884706755315,-8.91079143310677,-1.272569094544373,-1.7170966694047216,1.9555057765924992,-1.4858730097058377,-7.876293368259885,-0.2789964582470752,-8.34728058716101,-8.164431148554472,9.511763083759565,-4.890393131013462,2.1517377590374593,7.675561698608185,4.380193272384345,2.4335351914563965,6.390069621703866,5.775242346499514,5.729720039428486,3.3557480106852484,8.570676869861252,1.3366047362539568,0.9131214219426109,8.388811535657126,-9.25453932260333,-5.621942185221787,-4.584425069715468,1.0781687009192975,0.9660848387491878,2.523467998316045,0.634412392803938,7.815970904932293,-5.855373728153452,-2.9946552209028514,-3.1719789339358346,7.0517865393549215,-5.280672733166078,3.2848187593371154,9.621072357458328,8.891850683603103,5.501644375477779,-5.9703861344122,-6.470384272752137,9.084919146081756,7.163013857035757,-1.715528059928527,9.323934986854159,2.1707624300812807,-6.7021720960138165,6.884977442791385,4.094095953697938,6.408678100647673,7.435388555984215,-2.1721576593995557,-6.83084098265911,2.500163136747819,-4.1978733136082695,-6.701741138568784,0.5305683140543671,1.9528945867998928,8.608801828305502,3.302177440682371,1.9048430903101732,-8.08275193846475,-7.654346091554263,8.548683869990139,-8.46237481159568,9.056068463872776,-4.021540749272745,-0.2737652447127594,3.6006237720031447,-6.071103049354241,-6.98045304495829,-8.474944075624698,0.6842865306169976,-4.340005886678801,2.133919916283247,9.253413732921704,-3.9119039809868106,-2.588233799139397,-8.795834977705212,6.509087752073569,1.8046632499358495,1.4050942750428241,2.6140913660909426,-5.947482917262585,-4.264951890055575,1.08841116571144,6.454336428661627,0.25005436316329366,-1.907306809729688,1.3634556463321363,7.085243327824724,-3.4365305619749,-2.001445339473385,-0.9820516883331578,2.6249914747856025,9.832975815616358,-3.3183306701049986,-4.963361433498921,-6.159348168038255,-6.111103818329536,-6.398173625784924,-8.41136241144903,2.8036040800676787,-5.0059355797701865,0.6586042730978008,2.1494876085636108,3.59782602028773,1.869737281864536,5.242733631992028,-3.353201198141935,-2.3724251797120566,2.4978337493356424,5.618587668839574,4.164398586695839,5.380578732332875,8.243010749283705,-8.621339562214452,1.9614732712733058,7.006273900707676,-0.22970927787902262,8.109143392553449,-0.8321701642562225,9.99558077468319,-1.0832202818038326,5.7804156442008665,9.86355497385803,5.819065922822315,-6.126033310260626,-2.645868306509904,1.2551237632109924,-2.395961735336691,-2.4871536369952523,0.1801415693761239,-5.948078653888693,0.508387294012616,-8.31219893613367,4.108684550698021,-9.387237448635304,-6.621839842737812,2.956999849364742,-3.4026343307283424,5.121077955270019,0.7306681295750259,-4.705555775185615,6.023082697194194,7.07675681276498,-6.3391746420249495,2.9934554939555262,1.3194787997034307,6.607227991924834,-9.932022082119264,-8.233217251140836,9.058995661881333,9.176017137523264,7.455010742126891,-7.729426092504436,-8.286320120167785,-4.374925839266288,-7.707586949670924,4.909213963868035,2.1902288455929195,5.605617838201615,9.465252837377463,0.2143979178405111,-4.409461413808375,5.424147786002791,-0.047455522077331835,-7.26604293872013,-4.740881815611782,-9.09836925058606,5.226140028627093,-5.17743272201159,7.7089941481744475,3.4203953441255095,6.271019134521097,9.582036195699395,-9.425958750385696,-6.536392088121882,7.5343063141868285,-5.590405812492731,2.1267280277008282,-0.8976668252126032,-9.46155471914349,2.9977636428900887,-2.533004067403617,-7.916353601401562,-9.684102906330033,-6.2831995183553975,0.8066747675843349,6.378752633819136,-4.240336530258213,1.8937460906425319,6.895546190669396,2.4761466029056542,2.901671295422881,-0.25755733590827035,-7.897238928648596,5.557062434426882,1.532122128691853,6.845140973345998,-6.4087110951187825,7.598483730825318,-3.3667869709760145,-9.985438334039818,-2.293689806294525,-7.561508896537998,1.0445446630552073,4.808552167492696,-1.231484108299604,5.014899363122662,1.4695498081186784,-0.45940476494009275,-4.934358086078909,-4.216113744958159,2.7607962615479735,8.668017500827826,-3.4318016554270354,-7.906850679488833,3.8657280257750166,-1.3481314721234678,-3.6061344530691386,5.534783605163064,1.3272380776544885,-4.690165101497832,9.37336577001335,4.62532212725608,7.547363123268987,-7.301571476272509,-3.8562063175058547,6.50470232152184,1.1814407946527279,-7.832870879234495,5.326410188060413,5.896228691130183,-5.334963075747425,5.000783976567959,2.976407658449629,6.728496747377349,-5.880261852765498,3.5691405870996675,4.009747427406939,5.228875157598125,-1.450728506847387,4.5411527382340005,5.617495713871252,-2.897205965311147,3.71494767250098,-0.8098939724178589,6.777117036936289,-8.193811343925184,-8.511528347761901,-1.9301918036250107,0.33231900482666177,7.84665156615182,1.6611632333820872,1.662921952025263,-4.313055292713093,1.0124500131426366,-7.939899617307081,-5.058477968304674,-3.757231243199641,-1.6947387558699578,8.418762550318327,6.687183623319314,7.762475328913407,-3.5780482992140517,5.663518222151939,-8.244985241534158,6.492205439500346,-9.734103149481705,6.277625435374244,6.325469271342165,-8.639273513494377,-3.3463561196807,3.788769346945628,0.11862355879680919,-3.184675309190048,-0.08203210659474003,1.3498824704150607,1.9359990756047285,-1.4992246355605925,-2.573903579682362,-3.53995311748712,-2.453207099130063,-1.7811762467025503,-7.900242186272788,-2.030069380098727,3.8842210232357672,-2.688161001473257,8.975025231259519,-4.674464006374281,-6.6415780745264685,-3.4728816014377806,0.4021661291005252,2.2941962221267804,-2.6419287412434977,-6.182386622848441,-9.497891463457877,7.350943081031712,0.7601864602922692,3.1561417834643954,2.1291103093732886,4.758766811958296,-0.11221721342673874,-6.242882676971291,-2.7202929407346392,9.806757358675888,-1.4587652673332325,9.980544682993504,1.2003819330313785,-1.495728200764768,3.317701619533633,-7.64993834363964,6.620220403764108,0.4239251380180562,-5.59270055650118,4.293472508034576,-0.4192799689551805,-0.9423912225213282,-8.683338767599587,9.04255035178701,-8.3185580316735,-2.5672591137596035,-3.4973495397622356,-3.329451251700652,5.258048396145705,-4.9318917308451375,2.0791967090951715,-4.298575385783456,-8.375782441192145,1.7965192476789973,-4.504020122873742,3.5780210648798914,3.620717692701028,-7.538879812923234,9.676913869975053,-5.777627046500349,1.1786808584725286,4.797522895460357,-5.652302833013794,-7.479290277436396,9.616295347387048,-9.723872048750064,6.7366390049883265,-5.106954092231801,1.0644723608563762,-8.1807569438881,-9.852015905631513,0.9412602537258365,2.635600233686322,0.4005364683341295,-2.9929797445245754,-2.2266777836319758,7.039581450791733,-9.380359834296275,-5.896058001246695,-0.147356941241215,-2.6115499049882303,-2.99988787841005,-6.117875669507025,-7.058914492613253,-9.482427888168768,-8.93443508625343,-5.041710266815997,6.222528979282188,-9.035386789196744,-4.137615363445272,-0.5180538213644308,2.2567543542043804,-7.60646698926424,-7.934364406932193,-1.1801291076146256,2.8124965248945966,-5.479090451946053,-8.917823695791188,5.459725753141607,-1.469036999598746,8.303144006260503,-7.114545313854903,5.68630197794147,8.617120281040581,-1.4641785422112328,-5.432668894121493,4.8852553628902395,7.498241746309969,-5.400343018923916,-1.9408984097726272,0.9252481299940012,4.8996554416305855,-0.5704204041402328,9.858395396814725,-9.212773407195414,9.593682122966229,0.5147612307191469,5.591442760421847,4.309420207811465,-4.695670384182565,-8.29235056611873,8.083758212537454,-9.96492419189999,-1.9360088684230554,1.5332813809349766,9.918168978881003,-5.723964589909707,1.344594181381126,-7.881664678749914,-7.142996679293421,-2.6468664727284397,2.0779730397021723,-3.780470104077633,9.305762332912842,-0.017609935680882316,-5.379200245798121,5.859172921325513,1.5258598764382008,9.684641464187344,-6.235794740783218,5.666897696441435,-7.029582531034602,-6.612890011708988,-5.6322162227669565,6.128847106421006,-8.10088639916004,-8.646473522610634,1.34930956352974,3.985913555232724,7.105901579563035,-9.129011184545421,-0.0901417804399145,1.7722593263096655,-4.144608754951826,3.4454984669702284,-7.28944987003598,8.00314239291787,9.105934447395374,4.437414297760638,6.303531108079746,-2.7765369156124198,-3.2848991784029398,6.404263711739581,-6.674378132469636,-0.6486280924188232,-2.6929080596276256,2.013884635836101,-3.0538031801301972,-4.254399009610417,2.333532043238657,-1.068917965018425,-2.8570555170945866,-4.839328411401802,5.469141655473733,5.212168991919617,1.1755930518839754,-0.06518438921603575,3.181633845277709,-8.748591863022554,5.62340805694836,-0.27501787966682123,-3.145144411912386,-1.37333935761243,-9.207190447849026,5.797154484338925,5.38740450103367,4.9969760275327815,5.79046608322567,-7.087144721819092,7.594664524566152,-0.20626821382921,9.409212229143325,3.3829227754175246,-7.074876719584049,-2.430197784480428,3.5284723636237523,5.647014583921958,1.03258537292389,7.11237871751085,-7.49206663932717,5.040784786527015,7.767765934336481,-2.265166432704566,-9.863771548672434,4.336053289106388,-3.5875797289824156,-1.0521290056859467,3.8193381659140755,-1.2590071490795136,2.295491707673614,0.9542503294624556,-2.5824049836519,-5.1503645781288165,0.3273736699302514,5.257589412837486,-7.7013861540917254,9.818032944157924,-5.97528012774373,-9.644252286823892,1.7689697418663837,-1.8033708618450266,4.485221451216431,-7.035215836319349,-7.526574626918818,-2.328727467927054,6.32282964080559,-2.0806897733975482,4.496985760674638,-1.2750637621456207,-3.6363263410609665,6.21411493232576,-6.900439336375863,3.0197988637482283,-4.653138746841352,9.565083864823116,-0.38201718375769644,-6.655927856790398,-2.5597903515975666,-0.9533218766371565,4.644255830630211,1.1334815211405314,5.21843330387609,-2.457902967340784,2.7597130343109058,3.860391722797056,-4.169856115851836,3.529439312971199,-7.8538332986990245,-4.312051672967558,-4.945041352238448,4.989358907027615,3.822854865138508,9.502560835354124,7.711646671947825,-8.397787039592417,-6.438680379876556,9.394545127379981,6.153607923437466,1.6764043505653685,6.908019276681237,9.803491683902973,-2.526983324020131,8.737293613529008,-8.349863868561183,2.794224571113155,-2.5874232173766742,7.871325920508518,5.050017795236318,-6.350673536430673,-7.7864144742746655,6.6527422411713,-3.0055584667733903,-2.547179055864241,-5.969591508633229,-2.2571135332264225,3.4873573216247564,0.888779259312777,-2.34484006575459,-8.96428918761735,-4.43883057927528,2.719726183545557,-0.3164734837353951,5.2303625109565495,2.0731414646148494,9.550160507004716,-3.7790220328749307,-6.595360814796731,-4.075494684697379,1.8178701721624808,9.878196939447363,-7.721276823852374,1.4957218285300744,8.734462094350551,0.13830930485280568,-1.3954043457784255,8.359169053215933,0.27649957887834375,-9.610475262852018,-3.9254638152517725,3.3516416944596017,2.525889364763664,0.8122478045486314,-2.251804772508425,8.045419949683744,1.5975176860323757,3.4037687550206606,-5.953892787259489,-0.5352529798896999,0.7032156853604512,-6.291617439996329,-6.062064517050143,3.841506467331385,-8.559561409829614,1.8257149318487347,8.908081589526816,5.43349124104806,-0.09463983470677917,1.9599539086148337,-3.2728278914604836,5.4358144412600815,8.800096909107083,6.760745609909595,1.8462937925534622,-8.630230991388384,-6.988173870044376,-0.5178054248383219,8.140732280976106,-3.6065204621170333,-4.75048820625299,-0.09655996555043522,-3.863748390661499,-7.6629156000789695,-8.005919012324814,-2.3838021782628456,3.003779610393565,-7.632598988500352,8.590965404790335,-3.7210954488184793,0.8158101395405897,4.529066763289798,5.083891785456402,9.318527671648933,9.414327509323975,2.768105282491412,7.998679905071363,-2.1830791467467776,-6.106121592436966,1.6432399455274176,2.1217087742861764,2.17354634508615,7.9964504777568735,-3.246364007964302,-0.29560551691591996,6.9632429425827524,-9.510250654993271,-3.7826925431092224,1.1537502584945454,4.196931897764673,-6.035696812039555,-5.012540757039874,0.21421764895728046,3.7776878166796877,-4.982258431872022,-2.6728238880164445,-5.605363441141136,7.658712348876989,1.5939091018678866,5.599929395995133,2.805776374607607,-5.859708994318719,8.828463617160452,9.86296500012892
-0.6208090404848647,-7.824525618030254,2.745379745063996,-7.681064804443476,4.1399666713147365,9.768582879931131,-8.348981848394246,5.828802844977021,-0.8216233508837476,6.955749380420613,-4.134634646150584,-0.4802160942536773,-2.000923667303807,-5.051446730999953,-5.38818376240731,3.8743322175709416,5.6866545755600555,4.94670233213534,-3.9450541724855377,2.327853081015016,6.138998671198653,2.7395431064926647,6.2815147635171655,9.225691586803872,-0.8368814872801913,-2.7177396753697654,-0.1983789423838047,-3.9725192171970107,-8.060949289371527,1.0498209969064032,1.7436287116222555,-1.3337252198304803,8.53584430934852,7.9579943637532295,-8.061668473529462,6.701415715635498,-0.56568137994506,-8.317705087067822,-7.226953585557581,-4.863885787233258,5.190849391741143,-9.991368645050569,-9.101503096282196,-1.3266654512791014,-2.715652892366702,2.8034689538218682,-8.162951924022014,4.254839775503367,6.895644476472398,5.410058098051456,-6.972694083380418,-6.752959857177285,-0.5862329896421308,-8.90456411094576,-4.541928637435364,1.4668811883068482,5.47684905453735,-2.034129517805285,-7.461929209666982,-9.69491622321131,-6.4053950866208265,-3.8121281859568867,-9.020152187770723,-5.057644110998869,-8.15654956474479,-1.929393368767336,2.364396710468464,4.263903185833538,-1.6735253180636391,-7.073252277375608,-1.7852438145316558,-4.155793920190907,-7.414174569265592,0.5042475339202817,0.7830299070294533,2.123559575778449,-6.063111297483516,9.336261170427722,7.182189030671026,-1.7076169702647483,3.187313882808283,-7.850313296207778,-0.04836354304947399,-7.867928188708153,-9.677067470207838,-6.009325725598,-1.2203775756032087,8.320919174364207,8.555505315294099,3.280699132336789,-9.595945022708786,9.844341598861561,3.658438611023895,4.981401748970102,-5.8124769566937236,-7.747497094415349,2.9879651040160766,-3.5673352433171317,-8.673867184885955,1.4605775072294147,8.652621688824311,5.141149179240125,2.7453366791188927,2.506122861949722,2.349505886418461,-5.584919452196024,1.0143167826307593,9.917889297209651,-9.892699207496545,-0.6068982773275007,-8.095400693741897,8.711298034258196,2.8729479948952292,9.390229287457991,8.065175744734447,-6.371968360716047,-2.171452380053389,-5.274935830525626,3.587428664922392,-8.199268128589168,8.328960398170786,-4.128076491996455,-2.75483015218132,-7.137921823689544,6.718942478550073,1.0824352962588524,-7.736040588533233,9.72226071829272,4.551716666939097,-2.9863857139818446,3.1642980931789726,-2.7331572776209097,8.014421745714657,-5.000800092906976,-3.6297632059589464,2.6595202113778207,0.664669316565135,1.774188438555381,7.412507900093303,8.378078117932159,-6.113057220960936,-5.920290742258332,-7.7932004689642564,2.495888997635978,2.0386276230667892,6.420186069843904,9.136737762977987,5.596614900184555,-0.9561399387787102,-0.4623262114843065,-1.3008133033524345,8.314413878426702,8.929849602399777,8.681148080973141,-7.120140206446659,-3.92873659824887,-2.8022283424264494,-4.436386029301136,-3.6667041466515338,3.704689945866475,-5.4720271030353,0.6879110385244012,5.027077816944631,-5.057496657431761,0.9919201094495946,5.2150412950541725,-2.105874043386901,-9.126847196331155,3.716910713502294,7.464626150754757,-0.9173279995751411,-4.185341001630716,-6.8288243387621534,4.3348446782823995,4.910850564009836,-1.3655449917577727,-7.882805865677554,-4.338490829700037,-8.467211660252403,4.328117175274016,-0.7312892881181288,-1.638168813172463,5.070687036321264,-7.1105243593442635,9.34402107041426,-7.931840910861809,3.178121392728146,-4.7079282568277865,4.713076475080971,0.3640248715581169,-1.0550346001382458,-1.9893772552996207,-1.3607805953220424,-6.706972906592599,-5.284517520976362,0.22109104972019722,-8.728755240092948,9.67125975465827,-4.50231907942104,-4.264777101053117,-2.383068155928159,-0.5082875948522485,-4.7060059505630925,0.3006836064688905,7.669181347577123,0.5814575870390328,-3.815918634353947,3.907554903598765,4.66351520295399,-5.3168729394828596,-5.436447775757694,9.177834563540518,0.15683843921355844,-2.195436301466618,1.4152037743932624,3.458717322899016,-2.9338593591490696,-8.250512418258557,-0.02610043723759503,-0.7832014937748575,8.064306347329502,9.091566060356143,7.863709464730796,-4.921668478067085,-1.3071474037523707,-0.005828223551960221,-7.332468568972244,-9.300220921258758,5.810078509888914,2.470655390886529,-8.330456406350407,2.5343786203370033,9.38921059958573,2.958972762236769,-5.373328220923317,0.11861076951648286,7.153455306898568,-9.035156334044403,-9.492527582580328,-7.429475816724203,-1.5066033118959474,-8.980858981298944,5.762821234690678,6.745032287856446,-1.7581136570024682,-6.954260200593001,-7.07087231887275,3.6807096791921943,-4.937738471139637,-0.5806609162853764,3.6352526398400045,8.507263401497521,-5.36428756057947,-6.585370059048534,-6.331458458878771,-1.4555337386003302,-5.294046015156502,1.7009986709638536,5.579554722361614,-1.8621328476577919,-0.7966335701591873,-4.59773946883594,-1.3974482836024453,0.491585564164577,1.7132867443827422,9.448990943170049,1.621003560221709,1.4991206778924155,-0.2825218254487467,-6.871328801374728,6.527121743288905,0.501156961318209,-0.28568020669505856,-4.966708412757126,6.012664209247987,4.622685066473595,-7.512452202231215,1.9299564256728612,0.5120099631200485,9.252544333038216,0.3721932282435514,-2.5789871844310515,6.2444103603478425,-4.453514487040762,-0.4523572622856591,4.075759418922901,8.030587347884811,5.6873154690543455,-8.210616471233841,1.080887534220338,-7.213686874668284,8.347681187939855,6.029468421962772,3.331295057421084,-1.662929268255942,-7.659130296451524,0.6367498887797325,-9.08847796234435,-4.629667542840162,1.783658568761524,-0.5073131911074356,-5.467845571302328,-8.428409729336892,7.922299224194745,-9.423110707244753,-0.5071635950463929,3.8289956032403474,-8.841692477963312,1.3747502052770955,-1.6811296209655069,-5.876868359800866,-4.034581146485545,5.711424617216663,-3.5265451751032444,-4.318479285609778,4.508780085835449,-8.997211799481434,-7.40105944778356,-4.3262769186197625,8.57116400713204,6.481866123327439,-2.2852063445542132,8.287271700648628,7.40767847171481,8.032969580218904,-5.763589423319154,5.71286425502424,7.150917141989677,-4.488160262334311,2.0938353337813265,-2.5623540754481855,3.9283253030258685,-5.928738489930517,-5.319092018759235,-4.808263019164645,-0.9405586444889167,-0.16695352849045264,-3.54242551975293,6.8766994866399,-9.279613780669429,9.604660899869877,2.6501949243780576,6.921540054560026,-7.113387269832707,-2.943143101260497,-7.117592309244786,6.441173577625708,6.995630330806016,3.588539950836026,5.5011079898454,-3.555087524340383,7.977906214022262,-7.403481803625711,2.598286196554314,-5.281922536034045,2.9729715768755725,7.094980681436386,7.8909503101593295,-8.04276927578901,-7.580622531676284,-2.8480617074211008,8.657907777565676,1.6586782174054076,2.322935908975385,8.602316133727182,-7.099806093357428,5.629329721177962,7.895422284651609,-8.778185684485793,-1.2856380384161863,-7.153714494041045,5.332119342175904,8.70545477306046,3.2035742281569313,-4.955940305607993,6.527056594386458,-3.1247207156547603,9.427783074607245,4.246146249339379,-0.4337674895754855,-6.704730180252696,-1.4807114180646614,1.6213076242174278,-9.496081479926852,6.120651019154618,-5.691988367155785,-4.085633657680672,-9.830852153929326,2.093507457395683,-4.7732812634552495,-0.4926616695061341,-4.064942513046419,5.056138358873348,2.4850287811356697,3.7061623714895457,-4.309488169571136,-0.7149754027072337,9.93750493277565,-0.85214199668461,7.40355305558608,-5.2008255937387755,-9.104078074839396,4.930777867768006,-0.030974086909383303,5.488334857892067,9.056702231399019,-8.863516245698495,8.185787609275398,-5.471472554418472,6.6960153457605,5.823368357269805,-1.16219298762668,9.290039757558887,-7.4937578949627515,-6.673263143532601,-8.80696210597981,-0.8198500673857545,5.455060586570564,8.14005924143163,-5.1673139426401775,-2.4030385522133235,-1.6652054192853463,0.8442431042846632,-2.979259872575568,-4.874058895549962,-5.9521424260261675,2.8206643501245114,3.560422720457428,1.8543722800878033,7.265486629584306,-1.048029743536798,-4.315165060862278,8.755625323168822,-2.402032634184308,7.8444417056036,-7.438332454273445,0.3141280472536252,2.2231864941575257,-7.730914466669992,5.536673211735213,-4.504170588049899,-1.2799344220225883,-1.7325154947319454,2.3543367365956698,-8.378941711476909,8.286809444611926,0.03196516493846069,6.473999313509214,2.5258216137996126,-1.0504048536905781,1.7444595633424793,-1.8247709173085287,-6.970778652530036,-1.5896319855075234,6.051997895280209,-2.1326901571561185,-8.050692203421765,-1.2824080043365846,-5.410525082805129,7.786960271902181,9.129190541445592,-6.208395959087733,-3.017761379062465,7.861218401817869,-7.301273847644216,-4.194878542241353,8.286199664099705,6.364339784935215,-4.557722227185856,1.5677626685788209,9.945420109254869,-6.509638194807081,-0.11153545512412144,-1.7422722293575088,-8.552347621779393,-5.929482011639178,1.92019245828347,3.888779623028393,-5.767037346502719,0.9099653408028487,-9.154182778358443,5.091675749248081,4.594291593848435,1.2033891262129366,-3.387809688084708,-5.8133484035408145,0.8645883272534167,-3.323899144134237,6.809704741056429,-5.358936528499649,6.59051264555271,8.689757443120584,-2.224357813064861,6.220110274766661,6.761861707077472,-3.0285391398643435,8.547803298093008,6.755834225531398,-3.0581077590328354,7.3701559912156505,-8.620285462955826,-2.749651568957816,-6.650688513870127,-0.6010416606962448,-5.922007430508385,-2.5782823503208903,-9.678531121189609,5.854345172817945,-1.4162477784793275,-8.56482122010582,9.159650240839639,-1.76652351401653,0.7026895558613759,-1.1660562429748254,-9.30480188438917,-5.132773936583163,1.3096502143452842,-8.432369852193847,-7.303714722708802,4.625114963511672,-1.444359011912649,6.868256059272952,6.528311380858611,-4.954232203359295,-6.701420696311651,7.530521055727839,-8.939120131940626,-5.398570462394172,-2.8621986493096525,3.2822531817586693,8.229792174382442,8.185960670554525,-4.298298064158043,0.2540451827786754,7.174732435866364,-7.136900433551936,-5.757405131229543,9.541125608016767,-3.029742239230478,3.249983200274407,-6.360238269744459,8.240264785607526,6.566931085846498,-4.197016347114378,7.9789908977419515,-2.99436285587414,-1.113709335259557,5.233480427743373,-7.221669203485832,6.217566667511893,-4.7957800119638545,9.046891672331078,8.450885565076558,1.4638958242463573,8.828249080586858,5.453087713499876,8.726891866264104,-8.324467315064101,-0.6224827041371519,-3.960831043674653,-4.98877727265016,4.4416955536487635,5.453385595570836,-8.839745749523209,-6.928846428296529,-3.985173162371984,3.8899742606994288,-6.259676165073942,3.9392597863945706,3.870369036219314,-9.177976492133864,5.706337528967591,6.838780934699599,2.041115357351309,-1.5809100809295256,-7.559655085395624,-9.805105905574479,3.7174892428304176,-2.006234645072478,3.9701367685143545,-1.5096133648809023,9.197416353803721,-1.0243544483358704,4.298186662849135,-0.05573999278833064,7.456358375468511,4.170529628123148,-5.3461976041641845,-4.3165163805464335,9.982977222250149,9.07782416689297,6.634344124407026,5.333957915033524,5.747536291690512,-4.277076364460235,8.149674907040438,5.169462708619223,8.410570896469181,9.732486905952413,0.1027210716808149,0.8052524858379186,-1.435957596586741,1.672164483436445,3.3386334300596783,-6.016078718895725,-6.163784586288417,8.73915568223184,7.374474005405773,8.878815636393046,-1.1828476936432608,7.53927557426562,1.5550354895890486,-7.4446519647744225,-1.3904181840144876,7.58135121263113,9.783277314675288,1.3639359843256234,-9.240864521674348,6.772045398088444,4.132545422742444,8.6403208816164,4.235324633412505,6.708877922283413,-0.382892691431687,-4.607721544316449,-7.379009387417497,-3.3511657441223957,6.024058250374825,-0.01467703556564004,6.593284901905626,9.468409090907091,3.6622071983326077,-9.608965880447634,8.213535680560366,-9.073178495460215,1.027206631552346,6.893314475598121,-2.815983357742038,2.360936715142948,7.362299168579675,4.104859872733638,-2.086967050284237,9.74093259755971,0.22948133541410343,-2.763980084707855,-8.887042116504386,-7.868473739690083,4.790877905973721,3.2244737176000733,-9.793031828429475,-5.0306242016798075,-1.3352830153847446,-9.303877585119729,-7.6048227623152265,-0.5549570808020441,-5.325371965381274,-6.8976367556818445,9.816447220769756,7.198017821598871,-0.7181450921643258,0.3334901425752772,-7.723629914429637,-1.1382052127603508,6.820239481168066,3.9203377843117586,-7.13032264986299,-6.709801663689365,3.970660585143179,8.508394404924381,-5.693334335862392,4.967183166813259,7.308725601488639,2.95085371085168,6.560298296901678,8.819783105728636,-6.132688886649714,8.069869246766718,8.497541134882955,2.2955442393750616,-2.4989002585835003,-6.498047965907574,7.376436115863637,3.911301307004427,4.107715967784584,-0.6640373726332793,-6.261392176288947,3.383358685557221,3.3054295829199116,-6.688015909359624,7.29031799997432,3.056903994980267,6.047078383068651,0.3649956424586023,-5.164691508414101,-8.0052152189198,0.9706598597265916,1.0084285903709045,6.616377798462704,-4.217566319786361,4.1768594655066416,2.505582730341896,-6.506862923076728,-6.527005445740118,1.8882821444168147,-8.230371998336224,-1.704428913157674,2.2465786881199463,8.86083033260445,3.9625786246102823,2.953798554281857,6.399962716688286,-4.993899194070632,2.0075677913113026,-2.667856573017227,5.510770761033896,5.230982447701319,4.755630098738198,9.771467739905557,-6.912641320409376,-3.2527751381393983,-1.4203623737901605,2.1154398270312686,-4.248403505992718,3.2714113681409085,-4.717464683823689,-8.02564151257977,3.731465306353204,4.392167559484241,-4.481057588848589,-9.849856024891832,6.89270105198856,3.7950407341783006,-6.154333614625043,-2.3363146485295676,-8.047352215599176,-2.308686500825181,8.857738978472469,2.943572506079221,-6.487977187070728,-8.303677358559423,3.298632704185639,4.8914058345893086,7.739471087305972,-3.672985948637219,5.87978525038986,-3.7291717429492284,-4.3850128211129284,7.515640778684336,-9.38045138247671,-5.500956743340238,0.03994585380436,-8.537896883665255,-1.1185072262722233,-7.044926610120186,0.5041287501452842,9.727461003378071,-8.345822368886981,2.560902573463048,-0.730642479943171,-9.626266356072213,-8.5128343149828,-1.55524766806424,-0.015476484670474022,-0.8717983049691664,-4.909304121936559,-6.141687172652254,-3.2607057616617645,-1.0995881997716275,-5.356392094819444,9.23447826285241,3.3141782839831784,7.219362946924161,-7.512795739813887,-6.641538052397944,4.172501410209744,8.569855770137323,-6.8987755674436695,2.3795276756705075,1.6412412434455597,-7.556659786576292,-4.136680246651984,8.812217281740491,7.14930992298957,1.0485381425274518,-3.931770065145768,-5.4069369909247555,-2.214026937226099,-6.090687469465079,-4.125716269211745,4.680155736879758,2.989154443672019,5.399501581234842,8.560732569929293,0.9703785029361889,-9.301954457147016,-5.593322069910145,7.383088666889922,5.975589111874431,2.7748117371143888,-0.15110116792632589,-5.656633388491958,7.506329676594156,-2.0915021339033935,4.491703075775224,-2.3072798495052442,0.6574753792483321,8.525270927027996,3.1806117481773093,-2.2017416921674293,0.5130330607642186,0.3846041431308187,-5.810427409563688,-1.6903787361016818,8.96251448261921,-7.9461393077042075,0.4273721187237296,9.383779773287095,-4.646465202328638,-6.138978241126802,3.959168538117236,-0.4080804729388312,9.069725578178204,-1.3189806800450867,-6.773635276024805,3.750868229565679,-7.244687787987509,6.192333753985363,7.980162421970078,7.754062661752684,-5.4122732150806785,2.75156311718459,0.557477023919299,7.924766262881665,-9.610859324465764,8.631165739420656,-3.2865893423430563,2.9591719589640686,9.46141214500918,-6.590011938648519,-8.311735991627156,-7.254480766607106,-9.385707825226424,-1.8040850446739025,3.936949334182847,-9.146107662693945,0.2311055470630663,4.917876946175028,7.1310937381963555,-0.9332707010075598,2.215443829165979,8.222546915296348,-4.8600356337798845,-2.6271034240835416,-6.86344563330862,-5.678635482388305,-0.5377160035092174,2.792914840627546,-4.159994960453933,-6.442605025725792,1.9787989804736732,4.740741455473749,2.077429408678773,-4.882041806667694,-4.483367331093802,-6.553372625145844,3.2691740369475717,-3.2414447190566076,-4.160113859391452,-3.961569999310754,-0.8491700254424615,8.519695618445656,7.757750930632692,-4.514551529814703,-2.953904212575191,-2.0050906137996254,6.380303322191093,-4.785469802776909,-6.355977005231736,2.7458567586750817,-3.754028920444725,-0.7229227684162236,0.34162565828034275,-9.417719125370127,6.485089804831755,6.2783228331768015,5.302837420761433,3.760541352406978,1.938806980771293,2.2224767977773574,-4.393769822581102,-2.520631907114728,-1.7655679186900066,3.443202820846672,-0.8357207421636161,8.373295809720602,2.767857818506611,5.382765864722263,-7.696210442771307,0.02123656820321962,0.32359909321794156,-1.2849681707354428,-9.695363261927,2.5747329605190377,-0.1407426712635491,4.149245430955535,-1.193082111676036,-8.543112105665319,7.8017385949861335,9.191078388070714,8.44243498051259,4.933519615052299,6.362055012786808,8.199138974258098,-1.4161241412552439,0.40408507268780625,5.456864064634983,-1.872054969480848,6.571181371783599,-1.5424783700400297,0.34247568142599505,0.9989418956951077,-6.335007140139746,3.824783605316359,-4.995503860326633,1.329778729893313,1.926465532266164,2.9511567563905103,-9.35113402511301,-9.708918993008986,8.371149269402373,-9.651152650576867,-5.799095116447306,-6.438219729514715,-8.828720787602675,4.410518026688772,-8.094723501500047,1.4845330821367142,9.988312440103066,8.861255512272024,-3.0294252968918904,-6.72389275336958,1.349420171035904,-7.183717813478885,-0.022067425638303106,-3.2719727510993852,-6.481210503565049,-8.207904612598023,-7.691490002393864,1.3636624877874421,-9.08599943997472,-9.734671120351798,-4.883782943600163,-8.342341423127648,6.676070258414516,6.608082459874634,-8.324122851593117,-0.3315825687274927,-0.5673470793699824,-0.9045171877191471,-2.417353993926003,-1.6308370119358013,-9.693829123894712,3.682764193071712,6.146697175371788,-4.445397474136172,-1.2816317779506292,9.762144583728052,5.469532284697706,1.8421909235257594,1.7164322545369632,8.175651916759623,-5.700263415246079,1.75793927578688,-7.433696649078659,8.638019248805954,-4.385313691405175,-5.243716702844845,6.5510264327087775,-0.20707555660391463,4.102157744705572,4.869183160588012,-7.423934660094966,-7.384811436793681,-4.347330751009169,8.953412734791254,2.949441391226941,9.025712288615082,-1.2961059480029107,5.093671930051668,-8.439675010726122,-5.6801039795968595,9.666725996963724,-1.3366156677176626,-2.014874163158278,2.5591052704668584,8.003649174668556,0.9338530395275928,-8.682933243337018,5.552600545048577,-9.833864104448937,5.939580893124205,0.5854410979978812,1.1934174881952497,-7.698747719691701,-7.859707147936097,4.468508094930197,4.727755087354932,-8.312243992974665,-2.0824435122334872,3.2370318918129986,6.6953356622763565,-6.265667056666741,0.05601982018923479,1.7043551052410528,6.517039577411996,2.7943777837239097,7.29624857439838,7.394671607411745,-3.9631337354552336,2.33843066805111,7.971023952452676,-0.5107494710084843,9.972940698700022,-9.232192537309121,2.1241725342702935,-0.7656327950233397,6.656731423095362,2.8185961986045367,8.442746094405468,-4.351024819622172,2.1423765998121898,3.1721422453015897,0.1725368166845911,-1.7820807682459794,-0.044511354018588634,0.9072447350496411,1.4579927643144437,-0.15398216201668902,1.247367229791731,7.566802260667281,-3.9721913928899717,9.114114486742434,8.02956627591741,5.281487379615019,-7.30692191093323,2.2848490816900657,-9.2501144932822,-5.493495787482418,-0.031032566750342383,-9.265032753344716,9.58915621831595,5.322752754481581,3.2004095385325435,-3.8503756159579456,5.303110702763735,1.316385686319867,6.877282571851147,-7.457958308874419,8.54794987061257,3.1427101544757186,6.0767810342094855,1.3599599372567184,6.845791854974593,-4.163192463550411,3.1952941051175507,6.062253729153646,8.980645510740885,-3.6489448983596784,6.218261758256954,-3.8564615383943224,0.8960981403856358,6.148987566365115,-1.1023733869549197,2.4269828599939807,9.101793028168021,-4.041666324514326,0.370592809043389,4.429988841416323,4.3346857225264195,-7.056323766238883,8.5835561114034,0.354362922079531,0.14629478767787774,-4.966957152529277,1.5755219569090322,-8.408632668714443,-5.891274921177492,5.80694921974516,-2.0401030626066703,-0.8208240123323094,-3.026242156735874,-9.326640743198606,9.005888394543593,8.194891895390576,-2.7446232038534486,0.5412223611729878,1.529047455703438,-4.344312448316949,2.5733985681455156,4.293250229284611,8.274990274123233,9.736317117839942,2.6096477969187006,-9.15608635835035,5.812540279103795,-7.790444164542851,-7.14818986837126,7.2169373351443795,-4.5302055744423235,9.590051148728435,0.9637580710467866,-9.766268848857147,4.7496756164162335,7.983363763955403,2.1808343596899977,3.213123539885901,9.358480882725765,-6.300078887912994,3.538560310279612,7.053216838596764,-1.249090697303508,8.461232129277462,-7.6399462709500305,3.3075455296383094,-4.734455365018357,9.720709746407167,9.934153897547397,-7.400033934514045,-8.56982532215383,-0.851180323035706,-7.570139031379237,-6.56711597845681,-8.214290799917922,-7.643164495020251,-7.22492853341117,-3.2908455375056374,-2.3184071142603546,7.152296847610366,0.8345041719723962,-3.6285193253594006,9.648333985211632,6.684981515374574,-3.9401231315219682,1.7114503376639707,5.59083930614484,0.22446575937396318,-4.54895289324474,1.2936063916472875,-5.984430127187064,8.051917684738758,-4.836497072930735,0.46919495403487055,-1.8910673467019041,5.8993074267105765,9.402155141016337,8.429941308703405,7.197755941794362,-8.04679862654067,1.6783208970864152,-0.24264887393664658,7.316173826615497,3.9169226874793814,-0.7588740318262932,3.507896135489828,9.07196542811488,-6.11997507560984,1.0798216051682346,-6.330303333017588,-3.210081702608127,6.796331430927687,-9.569121066248943,9.027100392105606,-4.2382066797164,-5.603240846830806,-3.442924058548595,5.216454206647782,-3.4728855146736333,4.853922976644052,3.685992856555039,-8.436261770986832,-7.753568372449767,3.948084541174932,5.4453059481324075,7.355268394171663,-7.2794333760792895,4.367089224309035,-9.368074857099858,9.741595459468819,0.08894076633247217,9.50151418149083,-3.828504223443314,7.656623984998756,-2.3477571534706065,-4.500568519001482,-3.9376486987052273,0.4280661387796627,8.061828050968632,-7.14388394176188,7.222813050424698,6.564725959114238,9.900426002517637,-3.61755274139262,-2.7842928344601887,-8.33933654094852,5.7182150163795455,5.136267042819121,-4.64254641871245,6.522304137714478,9.389075760826397,-6.94951912262834,-5.677332152349656,0.38084825495538865,5.076807619949719,-5.783532421039439,9.39791244720043,-9.372067937717345,-6.133518735337196,-0.47100943165654385,-6.453564958148723,-3.3504652200998164,5.884460144176353,-9.611956681337597,-1.675765233015273,-8.8124549461181,6.739143971275027,0.8803048334439119,7.1204387540920635,-4.033270990404983,1.583827884743151,5.488603874600992,9.548683308896141,3.2186594811528817,-3.3321056038246084,-0.6787219891585199,8.635619030879152,6.66497592886644,1.5928406376872424,7.689732010994568,-1.1305860611201712,1.353183872208529,-6.987213441070805,6.235401304569422,1.03017309875578,8.097658518089062,-8.375114320728212,-0.9024374359670322,9.270123993867376,5.691194672329347,2.6346791885850944,8.960923100658196,4.5085525602449295,-1.2574168205955303,6.7179843685283025,4.812649261187188,-9.172117479761495,0.6928715519607458,-3.0106877069475875,4.20689309882918,7.553417115915892,4.503731001283832,5.051253781028162,-5.978573874297108,-6.083205309751676,6.569875489118562,8.650765887438006,9.521812554312092,6.068117536581191,-4.474381714916397,-5.935001756061982,8.475320589042468,2.067654357897183,-2.3240298594502367,3.3279996790740025,3.77697499372276,2.6583617003726427,-1.987373895691519,3.576833327880049,5.658059567549413,-3.5668102886531923,-6.006762842531104,4.303371760711801,3.9776541970365447,9.400297459400896,-0.7239838836957375,-6.1394137093162175,-2.7354985924884563,-9.677258957923986,-8.660331877816368,2.267543207008238,-9.00047567152772,-6.509699043809542,-1.7591300716792908,-9.25651643108811,1.9189792998827961,-5.718773621543638,5.979929198423433,-9.314780821954706,5.4475200664894174,-4.135777984367284,-8.363497142500488,8.006532678917338,-9.075341041950207,-1.5367248278996737,4.871306881009538,1.3396108571573926,3.3396975277826435,-0.9478758634525164,3.2370873343577564,-7.103895249967536,1.5141517657614862,9.602485378875652,6.470973385808229,-1.5817515652961252,-9.697077607695094,3.838310745436651,0.9725376915245132,7.50333363278364,6.772649152578719,-8.658514884485133,-3.4555697078703895,-1.7670359524447576,-7.631112589994766,-4.727940874523602,-8.524075574936763,-7.292924339738356,3.0593480220075513,2.993773431317903,8.529294180502106,-6.36424142365801,-3.5913520502895206,-3.7485313401862053,1.3700615180539621,2.949715535941934,8.792256256673927,-9.503438501067649,8.898581868405937,-5.920590291397128,7.676894801353924,6.26471775357388,-2.618695888192038,-4.973645698516787,1.5629748468281441,6.591041537018846,-3.9014349502339414,-6.147524790592172,1.6989435519013796,-1.466251307253163,3.1346793686131846,-6.395015870660186,-6.77699618630842,3.5202787929058292,-4.5401198179936575,-6.511075514504876,-9.747907088388514,6.887377359832531,-1.3163161499654628,-0.7395740081246522,7.88360735529427,4.216575390135393,-8.011340593229013,-5.797592384236667,2.267050835726426,1.6928972789770746,-9.2011548669893,-1.7198101991572852,-7.3988112110204085,-7.620292211154602,4.230957117812391,-5.987127823629805,-6.042528746377009,-1.163894219919266,-5.706717853722562,3.3681686115471408,6.291937420084043,-1.9234399712268662,5.81447900006731,1.2368808105851574,-0.5322349588881625,8.893360846630372,-5.382672267851996,-9.80200770201664,-3.3234748002938064,7.8504992860694145,6.927885608739487,5.51019345336436,0.05012635241485164,4.461234307444029,-7.32764767381245,-6.854796593714263,1.2894311985581002,6.57306057311693,-8.771593681807644,-7.414265005769747,-6.0398819148549565,-3.5025494322415334,-5.731990096202397,-6.691249754205355,-4.031989186931648,7.386381402417321,4.299122488778103,5.951211395680776,4.067264894403204,8.900107446934282,-8.521208152210239,-3.5903664008052205,9.012033952167133,-2.6566421334500774,-3.676725357759379,-1.1175463820393539,-4.801299853084629,-1.3283407882015918,6.314958755723879,-6.862373798387842,-7.463067347978171,-0.36462487226202,7.6156789037734995,-9.346083188958325,5.343529994990632,-4.975393021501569,1.7630270865284174,-1.642534346345757,9.974383303673807,-2.0777452296330505,-0.5511962604535547,-9.23414433425788,1.1175565279422486,-8.500217001518696,-4.593584667377739,-9.670237423621675,6.877821978417778,-2.6166712175408495,-0.9896674995493946,2.876241759343136,0.5560023501792948,2.6391614573429116,-9.035080891991232,7.033149628804448,4.884849925481319,-0.25061013013634437,5.265615559534751,7.110874215500715,4.131143457479027,6.089928281642049,-2.865646859671549,6.79559546137266,-6.381298909359336,0.08888424301318665,-4.27284815753368,-9.229375211778148,6.463228394450194,-7.821787432905756,5.831215718280143,5.361879934858271,0.46944563413534723,9.6946896614241,-3.023013954358924,0.11987619981194797,0.9127972619853502,6.318593960540959,-8.783895740210639,-0.6669890029220742,-7.796332642351011,8.130292797549046,-2.149441627012905,-4.221420821097437,6.266780161036682,4.309221310391468,4.6998317855521385,5.702954717256684,-6.199046448645165,-5.284314474755744,-6.61116624221719,1.1358563049540464,-9.551921716855347,-5.167119343458766,-9.344931840172201,-9.597332885417488,4.019141317564358,9.82964271175366,2.8911049914103497,-9.938035455144083,-7.8688195244867165,-6.545307009516705,-6.473759177715548,3.9542176523234787,3.0303690950234454,-0.4157645711373714,4.610395893451937,-7.843499550673645,7.573213631411832,1.132871880875829,8.860741870879764,8.069154108190453,1.378283311429044,-4.852600507328837,-6.015006373552199,6.9623716369792525,7.179229807447346,-8.958137496316636,2.97295212423286,-4.8198817875865885,-9.128887388732636,5.24727165904971,-9.625481480563865,-3.449632950058912,-8.942554001882382,0.9400791383840339,6.194225702211707,8.910431506221471,9.057999721696195,-7.624463654716001,9.173920863547089,-9.938116810391332,6.2718936893885555,4.311935363660828,-8.278543311511479,-1.2162400168919145,-4.026831347622548,7.363560407438822,-5.044204764986356,3.4756579675564936,7.738107340699393,-4.176643111906442,8.910039362679655,-4.276701008603383,7.628394071670787,-0.04032789297610684,5.642246601192422,-8.369570276516686,7.496619285860426,0.7725937733979436,4.4466254190397905,-7.415104892559851,-7.03892791329924,-0.5336344546327272,6.34002118975371,-2.8482670540597876,7.908001689535251,3.0369015279595164,-4.917574093564108,2.842022610608854,8.969976540888489,2.166930547951196,2.619997223644557,3.7833426399573966,5.686547841409876,-3.7494867404138033,7.799295224550452,-0.1698346185523789,-2.8162439078893193,2.299922037205439,9.291114676522575,6.008582670331965,4.423871645124613,7.981766513722167,0.3251826698739553,-3.579556214116943,9.818633377830984,-9.715772525369793,-8.397627007511057,7.54419684854221,-7.8532310050152425,8.118210702530586,-2.871204452867868,-7.2847177938981815,-4.560130870269092,-6.085666066191077,-8.615332277772847,-7.334159209123228,-5.428720457873844,3.796725073549627,3.818865569560268,-6.55919554328343,0.8674013895541695,-4.986370086180427,-9.642206500698773,-7.472474889067806,6.297206832250854,1.7290913652217448,-6.999327049244009,-6.8573873986479335,7.066912221614476,2.9688767783948062,-5.684264158810912,4.499545133482332,-7.478458354270989,1.7204573860235843,-4.908159454739396,5.1768205561361995,6.37585888559299,0.6624239996526136,4.921032824514963,3.56336387469241,4.799366355791353,-4.3964683367579855,4.945396026108666,-3.6083607699472697,5.25674820752036,-2.529072290686811,-1.287100411640516,7.773647904984994,-1.9869900101996567,2.802980382286906,9.894285228402776,-3.3673968327231263,5.4814269458329505,9.62433932681121,0.2787073990498552,-1.8077658801752357,-4.617769642850509,-2.4111012008448585,4.784661388042604,4.250863189784507,0.8811285508837159,6.400761846100373,-6.261245808669202,-8.264013621938924,-2.092728339866932,-7.217825935746984,6.94781337168979,7.406269784719651,-5.361584417730565,-3.4530822816170055,-9.91097510987785,-4.716873175816685,8.156903468826417,0.3828939738065067,-8.126664959548012,-0.23959353454914734,6.127617031031793,8.61267298447671,1.7640609274762298,7.134914567065323,6.910255205782221,-6.869587955731566,7.47406199745479,3.7545324264076623,8.820027626880233,-2.136683495099496,-0.7859425635887867,-6.172507083784247,5.088240402508479,-2.704997831989604,5.783669469273766,-3.3890358679145782,2.717287383808742,3.094403347563915,6.506353392047664,4.20152091903862,-9.794387214772065,6.577919312560251,1.0306445417746133,-3.1048473440826863,-0.9885584596777761,-0.4037758603066255,-4.14855334573245,4.861892624210839,-9.567136377755055,-0.11683265584939484,-4.973281049062774,9.919022591826586,1.3218814143103081,-9.376841030038733,8.57827487383885,-0.9924026147069576,-7.580529084871978,-9.594913531026606,9.813404847076669,3.4040209146658427,5.078571760887423,1.4818144226535317,-0.3821733431948875,-1.5935409904555833,-2.585952617069605,8.807496983370442,-2.238792009986006,0.6045438706978459,8.024890919526339,2.652599270226908,-9.560124858092877,5.456594376769283,8.87593858358849,5.87595171486042,-4.083735576574769,3.5660799188264196,-9.297964361943436,-1.4099909611015775,1.4566826794782184,1.5553037910044676,8.08163868652516,1.4136604159986543,8.346585046715568,9.010965515700804,-9.10480623692469,-1.7359720353488335,-2.0054642455907468,0.9053558807893722,9.60403733828922,1.7254367106913175,3.7649289719680894,-7.542017792641584,-6.6796717242590065,-7.738286159109926,0.733180345942765,9.708310844764199,-0.846715659631645,-0.19762889277330764,7.9825963518159675,-3.5193519697265963,9.457295900321668,5.21214206773899,1.2461380607891375,6.8527818095313755,6.1917208046728724,8.043767354028706,-8.742237400848072,-2.517764523183958,4.433647157092832,-4.191574734240973,9.910050002061375,9.346434205520822,-9.2343008587189,3.4676130064839334,8.27625003834217,0.13796420244173646,8.094881249786347,0.9371438450373137,9.99838884054061,-8.557676668908814,2.0126949728098165,-4.0261973293233,-4.544387321658294,-1.103441038959673,-2.6852266128423157,6.13351131111958,-6.075075830731668,-1.6799731319932718,-3.486881507319495,2.8685689450648493,-7.918951065097133,-6.305031718551297,-0.1886997830914261,0.05144317988792402,8.420121726214497,4.3794874335933525,0.8407306671096126,-6.4593715780779775,3.368390592545488,-3.332300272496518,0.7795819705122895,4.952397859994095,-9.824744678022949,2.6138588446557804,-3.929353578658292,4.502687988477973,7.731604374812811,-9.452832099635295,-8.752590460528445,-7.317889639816462,-3.6773011191275202,-6.119265786409223,5.448275607708998,-9.936880059869765,-6.952678349519328,5.135779776865025,-9.513502282848227,-7.94975164555868,-9.75387103856282,1.766030622483898,-4.192640001117754,3.095866724764484,-2.275860470651967,-5.423078974917017,-7.099207032982459,-4.157833394219972,4.505013934776532,-0.5181683463246838,-8.437504491379336,9.315968103392951,-8.607363367720268,4.652993808145148,1.3502727619801718,0.7237708404852246,7.450954035706264,2.5980487595995037,-5.918405961199409,4.116556112529606,1.350655919875127,-3.3701183103178174,1.5768704001989633,-9.188838489399831,-6.515986104065961,6.777538860936538,-3.145898088030852,7.223855141196289,-4.925079379413917,-8.308579562296256,4.013526689956857,8.059910219197018,-7.0931761068864745,2.8499143043579185,-2.5095584071062333,0.20340681948507466,-7.544821816937091,6.302757999314281,-5.156309401655001,-3.0706344449243765,1.124713235564581,-0.7834788244917217,-9.753592255507249,2.7679970630788766,0.8584053415866677,-4.965367345366443,3.728221182083715,5.756400905829439,-9.435518391407937,9.169472732957693,1.371656764067776,-1.4982017690272293,-3.016150688894756,-2.294669585219604,1.026118505762252,-4.197032503547334,-7.0571965625439965,-1.4293674326477586,3.7305512510589622,-3.127733612987427,3.218354576456278,0.01946900203128976,6.486983146860869,-3.0458298789038967,-8.156685493159522,-1.3431386330249921,2.3071110789947227,9.187764021955878,-4.926853135368137,-2.790435035881247,4.305480355870969,8.917569316057254,-9.701097723574499,6.0023390633372955,-6.967506803714909,-3.5126019148746668,8.713569006196224,4.944489499679465,3.7393180997343816,1.484007120077358,-5.724711326165812,-3.0311996998190054,7.9129797527337615,-1.5531622965104077,2.624580012755022,2.4227381183050767,6.3467832173170855,4.5593456150845775,-6.947362373824233,-5.453570541838387,-2.1883617017929087,9.680210661147125,4.674569704220215,-5.174065986977785,-3.0136294656333584,-5.603889806609487,-7.493524469942344,-7.2817776647105585,2.4695957047349104,7.9329551377733125,0.9292758013750912,7.84915918802491,-1.3410170519045188,-3.500138196420199,-4.68663164692154,3.8462851016595927,-1.3010630943582608,3.00694292406501,-9.241493166386839,-9.475004806762875,-2.7717307911021187,-7.027403229315539,6.571973537382696,1.7872702132552085,-9.081531163835784,-0.8774687834656341,1.900109835335261,0.21295983559923393,1.5462976491070144,-3.2063034574030986,-7.120317378264868,-0.19403839952255986,1.822977396478331,-7.169676870116827,3.2141612449536545,6.28534169335434,2.6014903167322228,3.7310610235035604,-9.951571771201618,4.416406144948459,-9.00763536086549,-0.5746321883235357,3.23305822738984,2.493865549781715,6.1460088142343,-2.3498010428569778,-8.580997149864935,-8.601406410274109,-6.2519629895666,-9.808782591813545,3.9685680532117047,5.487105766335274,-7.020481529237834,6.664720454167874,9.188564478595492,7.523981390207396,1.3278352728565679,2.5971016133324305,3.7270347092821314,4.922010080417056,-8.118723652472632,2.6766268810987768,9.197909188522289,9.261974580752483,-0.44489485294133857,5.960475168738032,-8.390521119790215,5.36785500250204,-6.198704760980551,-6.819288369029586,-0.314129449132297,7.514190879028977,-6.531017248092253,3.4822503745815077,-2.9531140893619012,-8.968868123203322,0.465266808681271,8.047439475846826,-7.883546801758083,-7.111548019569113,0.8060905282398441,-2.4214668418020953,7.1364937806884186,-5.270832971886035,9.799404664490233,5.447978111222385,-3.3460250523177155,2.5866379049348645,-2.3600405776156075,2.155390969490764,-3.6446741899183,7.010528718543313,-1.7223670406286935,0.05011338361240192,-9.834710341486595,0.7734423472753136,0.8662377131291716,-7.271920932995601,6.574679409555152,-5.375590057283586,0.6099869895296273,1.4967182882037875,1.9944218324328773,-9.163836850881102,0.2698760398964506,-7.062760427736472,-3.1609791146415294,3.4600623714249643,7.374052211181628,-8.768602173400504,5.030193495552586,0.8168807111256111,-4.779842651353469,-5.906810652537544,0.5301772448558335,6.370155175324033,-0.8710652184532854,-0.7412399145394986,-8.20270765728116,6.142197235028824,8.643237864920774,6.475999491248253,-2.1384361763984616,5.756576457680778,4.0570992816376865,4.071101249086519,-9.364626750815015,-3.9361732546718597,-0.9768157626901335,5.797848190963752,-4.0298444715604,2.108554330845445,9.404225430894144,-5.656697538776221,-7.542571186268942,9.969612698984236,6.461307070788081,9.306179899395545,3.8102146252464575,-3.9476599042441496,3.547157083869541,1.5036606911050239,-5.712299556625531,-4.472758497557017,5.461810261854765,5.729479649346452,-1.5454116998544833,-7.324426783860365,-2.9207599004749207,-1.7148601609255554,9.708505348355128,-8.828692730948989,2.225445910888526,8.705104524908933,7.103608710211429,-3.893959033276966,5.960644814082631,-0.414299251551542,-0.9732436043783679,-8.765020328486155,1.3943789410050655,-3.4704968437633044,-6.776638448075549,-8.187417556592003,-8.83011840611015,2.8150472246631697,5.053373536190449,-6.564465679007984,1.8951509454326487,1.8119828858972973,0.5644603770808168,-9.181659821232241,-0.12426135214529843,4.682501690562528,7.840650399862348,-4.261922086041112,6.4510400257871225,2.8379408762937626,2.8072578482270387,3.3712205420376726,5.152037247033725,1.9767293452214414,1.74519878047815,-6.189892246979996,-5.42892250443529,-6.775373049305047,3.1788285710292907,6.489603972790597,-4.1680620966582715,4.7739103272680445,-8.588905315924693,-7.514710086128423,3.3810440922555944,0.8846973489221472,-9.726559657460886,-0.6681085206447541,-0.7532804847178909,7.141618238954287,-1.0526080542753995,-9.09458893865011,7.330101519970501,0.6980714920184443,6.015774463261067,2.075663343222562,2.5308538485418115,1.1605317449519692,3.4212073599290367,-7.748568174698511,8.608581830853137,-6.520502333584242,-7.245662204455174,3.4161644572365866,6.289301029629879,1.1270834060265287,6.274524904628809,8.115644580728429,7.1586445482186996,-4.24515379551001,-3.8131993885828237,7.61169775148522,-7.150453292554273,9.982651996439568,5.831947757941657,8.9931127709384,4.140739708622235,-0.4669009047732118,-2.888883873192669,1.8891527736222429,7.832888789579339,8.34328925176083,5.93901059955191,0.44849421184025395,2.8656385769682036,-8.151734797119591,-9.860604294551386,7.54484405922474,-1.744431286600081,5.943066771269672,6.24485452467923,-4.490942533735374,-1.7306086815607102,-4.182593142940638,2.286555577891331,5.784143053381063,9.950742175469514,9.04812618794779,4.524974183313157,9.759881927840219,-5.658930315645554,-8.783934642282674,-4.868029656581769,-3.6979557450573513,-3.1881338636700924,2.406771521526913,-9.525699381648922,-0.543532746968685,9.610574262605692,-3.8599341691304527,2.510249261024793,-7.462856824925719,-7.8674738994343185,-0.021654876811856738,-3.1296075991974615,1.8468209740604653,7.128994155500166,-5.701882403286773,-6.443021184738987,-0.16631113012824272,3.97420049317218,6.7663779235364565,-6.947528260674933,-8.7136699521811,-8.791770178062361,-5.365270039610004,-6.424677991940899,-8.518116142429779,4.068052205903447,-2.9083946122744813,-2.4717901974798595,1.4957478288778567,9.88311126100703,-1.2414255696185865,5.623296805094519,7.681239207907655,3.236796200282834,-0.9295342783486849,2.05000005132678,-9.965650187578234,9.67388899298032,-1.4204809173766169,-3.0016122716909432,9.121823374729018,-9.451105575840131,-7.4832715485537316,-2.743475365846823,-1.398854889075423,3.396470002334482,2.385779087499511,-7.35582498375847,-5.993330786981897,-7.593449102875816,-1.235570131334974,1.8097984207340172,8.251773277627414,3.3434304338386607,1.0714730397816457,1.6612824630369456,-1.4613674338098352,-2.9701442143743932,1.274909193365506,-5.021251657338405,2.236586010724384,1.0489786246427997,-9.92428129888782,-8.648135654598224,-7.09605685312961,-9.84210110631642,4.1352197517325795,8.541314361279039,9.985126204054765,-7.084463591074437,-1.1256441014541423,5.9889575315523995,-0.6884110038041573,-9.21325403949641,-1.9404970919071012,-8.852571259825304,-8.582893477941491,6.7347783962565515,0.39572734653668995,-3.627881940652548,9.682164125810935,8.50269282675064,1.2460042165350664,-7.173584175438695,-8.087716992176162,-8.180374881496338,-1.4227668609056838,0.4760689264578115,-2.5276291749011666,-3.4649931800033045,9.035419029399659,8.866551345363128,-0.02744867400075357,-1.0804917957750177,-6.513099263787174,9.993096615822942,3.9111388889561827,-8.033864845902563,2.0450041132777272,6.179960047644208,-0.5065667626787747,-5.486255504659092,9.690009304917435,5.021140650951859,3.873383446484544,3.348877738684685,-4.820088402836609,-3.969804779706257,9.611724402407923,3.2719265153818604,-4.3333388978113945,-6.818387976952391,7.705073480649357,-9.770002813294717,-7.566383056971937,-8.65535360962829,3.1060956360522276,4.868855433562363,6.104344986137505,7.309093822536369,5.189430558318289,4.107688477525393,-4.559407698461602,-0.4815646453562863,0.19933555591380525,0.9055533635213582,-8.228403813047827,3.186494406276072,-7.409768026171144,-5.200243202899346,-8.949458798755236,5.478187640247672,-0.9524474285008253,8.694674416786697,3.977944283143543,4.719427152280746,-8.141664320838961,0.8213681653664207,-8.274235784154051,4.081613573252152,0.034324304555209295,1.3613684161831685,-2.3310994142380137,8.548207258036612,4.2726579223690315,-1.3514116874176256,-8.323298947854703,-6.6936852972286465,8.500690277976311,-7.486950259006331,-0.2696183982870366,-1.3662882453357366,5.187706273027279,4.135280629324189,0.3091307064932618,-1.148874476157843,0.4364771676180972,7.288602257866351,2.5464064503674635,-5.410659731892354,-7.478760379372904,-5.286483613799984,-6.650463871727508,8.927082526314663,8.373492280069314,-7.028973138110699,9.359365379394454,1.6943849367735542,0.8690435698396577,-9.224413956100728,6.612673509166832,-4.003932837130224,-3.989337930008043,-3.8187389134286587,-3.510999482483788,-1.038321783532087,5.27595343192411,9.416160553457132,-0.9944661181782806,-2.6806749329290813,6.38732962463375,-6.623949497466681,1.2083108829731426,-5.8216237748226956,-4.2511857584395285,8.757118414337096,7.475098431463177,5.5719302363197425,-2.059588995143786,9.50765848489253,-6.33246435428201,3.0778218622375846,0.25543430457922156,2.969307574733035,3.735899197123672,1.2705377558068562,-6.4071489015849625,-7.86663133611259,-0.5331074371871267,-0.8298900733287446,-8.130713863097922,-8.01798570152004,0.0648744868434541,5.555547130895597,-0.26297209687955103,5.145064165113567,6.7018080604043995,-0.5299234260286809,-4.346175300260331,-1.2890461828717026,7.977061659975583,6.094527758555074,-3.4659175199764647,-6.508597271886503,7.647400091514655,-9.653998284817417,-3.8263936895222965,-8.5113536058057,6.074375111272499,7.243774197098812,5.224334832391115,-2.4590838794744325,-5.964628604167446,6.441740291303777,1.2278920175112606,1.939840142539646,-7.051184576275262,-8.601583338877086,-8.216068223015117,4.976726278006982,0.3095307572144552,9.542051718815252,-2.099140706451128,-7.631131519008736,-7.74101421416288,-9.6753882509843,-4.341104621891123,6.396411644314618,3.0603785584801884,-4.804587639476812,-7.370175397867518,-9.742389054595455,2.105105676391272,-9.260610878161636,7.849466020357411,-7.201065678977059,-6.57939438056782,0.5789675886822394,-1.3968154325071787,-7.512030280878282,-7.588846874506341,-6.650815295339156,0.09495415401828744,-9.946759288630798,0.3875142753551444,-0.5138918745067738,-6.980826457208171,-6.861425208360206,-9.056073000404549,-0.2777927225613901,8.954059110022104,8.719273702923317,2.7010614545017155,4.708412404992577,7.561652154653331,1.7577864105329475,-7.479466675893072,0.8043544200461472,0.6181849504304981,-7.4088877361182615,-4.869982132201995,-0.3523683677707634,-3.485401613218393,1.1620681713218683,-6.51095795965756,-8.204720068008172,5.899999566401874,3.424411039056883,5.795461354127189,2.0860300648765655,0.7157422160466904,1.7904671957381328,8.736194812280186,8.343026816063585,3.365823690657475,-3.3644813636559405,8.44732461654569,-9.687323503742428,-4.317793136875084,2.643995564292945,9.267495380168675,7.739824748268845,7.49935364385701,-5.181412602174107,-6.782062662349528,7.330211089128195,-0.7952574675762172,-8.11269599613912,0.2729371256869655,7.3203485081102215,8.283857348413768,1.6098857760133747,6.7365148323056125,-2.049493243554199,3.70516672258141,-7.651514607135983,1.3407453364740967,3.0647024005776196,4.33614309922865,5.828596831032266,3.2217961185267203,-5.283922839205881,9.032080316266907,8.393846375591842,5.927270481006969,-1.739171348532624,6.809360040528102,7.194026271822679,-1.383861700680356,-7.275411838782249,-5.1809325095826875,3.1027508354153994,-3.6643636106874755,-6.615108533883349,-1.8427591046427612,8.985539006874447,9.752504090884194,7.475432769322698,-5.0101948181173235,-4.9720240773430096,-7.080070966327878,8.542370100955196,0.023162264470443006,-1.5423127244453365,5.626191741091134,-8.201911165747337,1.5022168107731488,7.769313038579121,-4.189316466546216,3.096356740333947,-0.49991147716514206,9.572166421554847,-7.979723652993691,4.348829623930335,1.2162729387683555,-1.1143920607520243,-1.8721735087069824,6.617148015863371,-5.7719362015181215,8.350481067209088,9.985923357188526,-7.319556287217008,0.8997635172993768,9.002412703230242,3.9045862361528236,-6.710145289793788,2.381842631404126,-4.507740408998282,-8.80020736376438,-4.292262537668345,4.470293983524524,4.645999024193202,4.929215622396912,1.5339073771903315,5.258551397008869,-2.037798022925088,2.883134613111956,-4.11996093910155,2.138500233287031,0.9215094743770518,1.5662217487622812,3.1539200161278185,-3.785433918928378,3.384944689985021,5.704865801120535,1.467571158273815,-4.096608856800064,-1.4696214124864788,0.3260873832323057,5.066176457591126,-6.071675895051594,4.5363163598796685,-8.985179905207843,9.859371249120954,9.91881528918718,4.925430210494765,-1.563217309184573,-5.250968906496832,1.2548894013379552,-9.68924576346125,-4.937365800840623,4.739109793866449,-0.5106784222524468,-7.103315191192403,4.84472843997999,-5.719250338362645,0.9483983310261124,-3.518623585474896,7.806956246531037,7.395701708983463,3.3297922784545175,6.8004588511398865,-4.7046160517374584,-8.794918170808202,-5.41835910624755,-2.00664527699346,8.667222502067649,-8.134365796283769,-5.377103776082723,9.71918871265381,-2.072065373772965,2.074805710103462,0.4778022668013744,-1.750774543530012,-0.6154227248247288,5.660921382376632,-9.980008162685888,-9.089173925954269,-0.5693878488749871,2.040251331685914,3.331429682998282,8.716024285118497,6.520554783539026,5.316313636806482,-9.927256253829269,6.463331109995796,7.723831797156187,-2.6630562199590058,-8.4262313638352,-7.221756100294434,8.11623278570044,-7.617485402398458,-5.190808506650457,1.957261122229239,-9.514024400506955,-5.565096862977022,4.6644980780175835,5.009280486950324,-8.805984354547906,3.8913994933927007,-5.743191974609929,-1.8410950735452438,4.276450000591838,6.92083459909114,-9.7009312777068,-0.03964074079743263,2.4503066792730728,6.917005133523581,2.145415827303916,9.922356447989035,-4.827228011576741,-1.4832880900710759,-7.651267303277518,-2.7947297718932473,-9.510683875163089,-7.478340742049239,8.960496812665319,-8.412914676399046,-2.026153715928265,1.6191308366955752,-9.078387141393003,-5.270066053615077,0.23903783129245326,-8.90387728718913,1.0516390916653524,3.160159908774002,8.218389863676613,-2.9629812294904685,4.725138364474562,-1.7147983109866427,3.6285763510621685,0.3257598864865958,-3.127994232508877,9.50296221804303,3.887216273320915,-5.306597872883945,6.9888700285238485,-1.6186884561717072,7.5131667560674344,8.889778284252827,9.339702443442476,1.018146749642984,3.294151999638526,-2.3099394251782073,4.560729688022651,4.333823352907011,8.318877013205594,-1.0475306421869952,-8.370736680035613,-9.979571738071922,2.1621942773230884,-6.801660650038624,6.603770487464981,6.622089131254349,-9.63814896618313,-7.865670068877928,5.378938048951955,8.81810621860486,3.73024522963156,-9.655712687028611,9.039003036832504,8.498003190233739,-5.959847542022542,9.837146774946294,-8.314513273356045,-6.4487046459669495,-3.977431530723374,-6.041126299822763,8.131582423470473,8.803954480796751,2.7371197392481257,-1.370840585373097,-6.552492570977899,0.24373547721486943,-5.328150883406093,-5.284708674847107,6.638519316619124,-4.3450615179229395,4.033713615007013,-4.244972211175535,-2.8610825777955506,9.623656785562492,-0.6137415157336079,-1.7745810768444965,-5.822288804607323,3.6301205529233727,9.233115441190883,-2.0704690508049017,4.990756417091525,2.9535294021912595,-1.648459595055055,-3.0352458195715704,-4.776820384334761,8.751889919070084,2.2543981587405337,8.938350554797164,-3.5208838502717104,-0.6234664091785351,-5.42248196337578,-4.075539481175756,9.783974337094214,6.259790935404027,-7.480167340560575,-6.790017019610934,-0.2895457278471554,-3.397779783077386,-4.909221893645062,4.379124531830067,-6.581933056940352,-5.679928791565986,6.675577890587029,1.8177010240656557,-7.342020162771403,-5.343183301549102,8.36167242949983,-4.972085933986017,2.5321156245990917,3.4570858501341757,2.772358128353341,-0.4618761596657137,-9.769211643602638,-0.9177293397588748,-1.6703706871621389,-2.169302611786974,6.913446484348185,2.1993987425119244,-0.40121014388021337,-7.490985639337254,8.58237412061876,-5.521713867971552,-2.986026629105001,-7.075220992502311,-7.958042453707104,7.415660396446825,7.338437631049192,-6.058284545272434,-8.809065664287154,-6.96812982673757,9.613898173419194,2.4169472091419273,7.895193723091694,8.706555819554332,2.9972282852349004,3.7986024355222643,-6.846122282543696,-2.6789257568113616,7.442897112891465,2.406243873693125,-5.80858136119085,1.693961141077411,-4.695321449109498,-2.1015024474869666,-5.572649393770854,4.135858840725541,7.179034585148539,0.10338918349270898,-5.98529292731885,-0.6484071173295156,6.109299464048796,6.8715212159983245,8.305020985757729,-9.461364364548423,-3.752015531380035,8.089370289053509,8.005746588180592,-2.796267106912296,4.1176383444444475,-9.110824234395917,-0.6657914709141917,-8.296507655282777,-0.8254719120428273,-3.0405850109141674,-7.52346855473469,5.975651638904234,5.909014588960769,0.24049004416298558,-3.0592443372421485,2.4163023585591716,-7.427473554884479,-8.605934404585998,9.722613554627749,2.968318205270787,-9.393478803839878,-7.122989088440603,8.56822161657345,-5.867452389155017,-5.141973843361209,-9.44486768953573,-0.8052409158384997,-2.244629631973627,-9.115609715629445,-9.18047806227693,-7.976316688368563,4.234859480268723,-5.560111325474315,-2.576009612626895,3.253807261808113,3.433983712659792,-7.816639711739574,0.6907287981800341,-1.0261017982930163,1.7695077998063713,-8.22302035549245,3.4739388429627542,6.512981971199562,-7.535348794165322,5.498001744743867,4.273313469806819,5.742768890767865,4.408256003719494,-3.9114261595258952,-4.339125143108151,-2.9733734638198523,-5.933983292225062,-7.964260666930441,7.928667701947994,0.7924235158560435,-3.942359948837475,-2.0492992804156884,5.833673036155819,1.6341436594430707,3.5421348616507053,8.2566692175672,6.19337217946012,-1.5225242273551949,-4.450382496986622,-1.5866977036615726,2.7278450989652043,-1.5562705454909036,5.115568085451185,-9.44648226919712,8.180552960333422,0.28320318641953435,0.8021183448389912,-1.8159319999656827,-9.827518002723501,2.7678523148577945,-1.303901488006133,-3.4380584262107856,-2.7803715074719992,-3.4169012491578172,-0.9467016151374974,0.6553233599140551,-7.131793513563656,4.873119810073545,-3.197805434752075,6.79603576235564,4.695781767284457,4.905739125082327,9.68010353384615,-3.4541061646007565,-7.8668271249223265,2.4231929183927132,-5.71345133939259,-2.931639156542296,6.088350229209915,-2.217194418601136,-2.052613300078465,-5.718111656467791,2.8408514196997654,2.102579705075252,-1.798509152832409,-4.683824003310335,2.6031837061045984,-3.945905546176589,3.4173791772504565,5.940233674577751,8.770239834159359,8.535885804967055,-7.076718604000359,-8.338126854457464,9.275319239244826,-7.425222963718269,0.1814539951642029,-8.6409404464087,7.2812635651762285,-6.0576115973125795,9.66391741520215,7.334115621614952,7.685129927330255,2.086020308736579,8.917397060421678,6.544875179447299,9.919245235141346,-5.59863137113444,3.459096289149235,-9.735189885707985,3.4076720608469167,-2.440166522797938,7.3463761111900965,8.330824830147787,2.0669585002907596,1.4408418129105627,-2.7559110655100305,-3.0629684678851437,-5.024778171350944,6.213962296004489,-2.504175415191634,7.018090075025945,7.748409164908185,-2.3106864103722984,2.231214978891785,9.114909740042155,9.334636566916824,1.248594738940156,-6.2909284544386,-1.4552734998478485,-1.1427971456194719,-9.341999373708942,7.741427630471364,-5.099504777743322,3.466276486299085,1.66620855865564,4.36012351883724,-6.019506511784735,-1.940350101501025,8.00584164964652,-0.11897257856729482,4.598940386715444,-9.108320873610225,-5.985842422342149,3.7107428165351024,-7.898977115028599,-3.5699370701375095,1.067146454655008,-9.158530816951199,2.594408719468028,-2.850598004013108,9.223929135951153,-5.722523501769876,-7.68325924715906,-3.1622485693971374,9.643078366894226,-6.531057544870653,7.949517589449091,5.929711456656053,9.876477122881774,-3.7119914589504948,4.388641234029166,3.0080449878597477,-4.382024741044441,-4.814237296598163,8.94663469269095,0.3969699114451135,-2.3308538593422057,4.783733327139043,9.611705990264024,6.634395011307184,-4.768052087518839,6.621047005277365,-6.53312717940334,6.003147548530279,6.164231896106344,-1.8832094714989385,7.710048310151606,-8.668323389105588,5.178353443487984,9.582695898905158,9.602566520228788,-5.399775041031976,-6.982134731453133,-4.135611295820185,-0.27340123011881445,-2.9688641581136093,-8.508622798654022,7.199333847891527,7.991834553610111,5.294281762268948,-4.573415490453023,6.734559666172782,-9.207537435832,-9.023164590535062,-7.161316346308036,-9.569795987873984,2.679246539416704,-5.954373190086373,8.187910787723819,6.6598001079908435,-8.962304369509425,-7.174282853747387,-9.283247682101536,8.810371642819497,0.6494657286949668,7.911174697248381,-5.811926471839783,8.91948277090972,-5.902578713892024,7.163897387793128,-2.390822591405466,-1.5346681031801257,6.14580563613297,-3.025938222184717,9.003533897680619,8.918685420510993,3.8764643219961705,4.2940838571500315,9.651880008509718,3.6050336914679697,2.352621058419251,-2.504594878427291,-2.6099918426512136,0.8514706757803854,8.506863800580344,-3.1179235083620505,-4.560004802232454,1.9370517636763367,5.967001930467994,-9.89903177261352,-5.026336381589949,-4.672534286214622,0.7933920498710929,7.481901995171782,-5.7053721844920275,7.781951629758392,-9.95960750064393,9.429240763004557,2.5195719700935832,-3.5923145743644884,-3.6890068679905763,5.349603132647982,-4.892632729256037,-5.901034024957001,1.1627411102343004,5.229043788102338,4.0553812921847605,-7.794675800394819,-2.71874034879877,-0.07091222275693809,7.238044742102886,4.939528668972537,-3.9163620294509593,0.5987813884244559,6.628923607087998,-9.097587965332956,6.968196620781036,7.614555795686915,1.6668569300950402,7.3967161107397,-5.38893273448577,5.213240427037961,6.286839260629019,7.393118060113139,9.841238080761745,-3.9876437896876666,-1.6941996670818327,0.8319429918057715,2.4686204502951465,8.990739879155669,-3.287319569894609,5.372826225167774,-6.0287500680347,8.540035393370331,3.451738772402413,-5.580538099201373,-7.237109531694812,3.9844684364194016,-2.405656457023335,3.3740559068279232,-7.29276504571965,9.232864408980301,6.459698584608628,1.853439643066448,2.714674227565716,0.3243999833328921,-5.5652031767594945,-4.153267390313018,3.9369025104361626,6.845563853531004,-6.644131182382109,-4.251895844129512,-5.320159338157375,9.253071106923937,-8.879830290456637,-0.18990761280898205,-1.9188023422044438,2.3362181383030958,5.069108791431409,9.90517374065234,-2.413540599432274,-6.150397149223625,-2.4539373698168347,-7.2558441389053785,-3.441727014261094,1.2617876226452722,-7.258695054304787,0.25642930803186914,8.60265051820134,-4.084991924599548,4.782682390035447,-6.808366824131207,0.0004682485515772328,7.779096236702049,6.034165172075475,9.989078475219458,3.7316061545411543,5.887347471056836,-7.947634575659343,-4.833926335308789,-6.350725240644004,-1.451754815481367,4.0902997844972475,-1.5312120332530021,-1.4638808633269829,8.29890102548461,-7.189314755432692,3.390742559783284,8.130886009190409,-2.081925429317937,-0.7241760865801332,-4.313123071458389,-7.1959473966629055,-3.0724767603522825,9.984967087342199,8.933722100561063,-6.215334926795187,-4.930287171003371,-0.24767897113127546,3.825246932158919,-6.4202524294930985,-8.351375874920283,4.395002943414909,-6.897317262219394,2.875413588003372,6.253623350817428,-8.527975328202594,-8.581840972862349,6.600991412690259,4.007164239907441,3.191736099786704,-7.956599313887587,-0.42762354922201595,-2.4430414400820037,2.1418411566867555,4.5035682130025645,-3.563654639744282,6.461204585852496,9.555822485597915,-5.504347494039992,-4.0412947095521545,-1.1752879408480474,-2.680001936251828,-0.958536376718186,-9.567833229438385,-5.874049976773572,-3.9318952533183804,9.013467063559922,5.435838606336832,-8.799939846108924,-0.41745455519389196,-3.2218456689513637,-5.787061003295973,-1.0871323336464727,-4.3712076924367445,5.86084705100285,-8.134307514722646,5.064939499980143,9.638899607877107,7.172373587604703,0.8845381320665364,-4.817868975894455,0.06065267515013062,-7.254432888024791,7.006794433964792,-9.838917452552884,4.382664175757181,-4.448147654212018,-9.835305506443927,-2.3455567753174495,7.425609518039231,0.8789519162450858,-6.771996919088101,4.52079733961795,8.967608882204487,-7.779608088551287,-8.7880820327508,0.3442577781533487,-6.692332168585513,1.0217637259996302,-1.240852875845846,-0.7061273502987149,-4.252741410519554,-4.419478500835618,-4.209072042967968,1.8150861488378194,-5.484526914733545,-6.164108188462604,-0.14314641667070127,-2.73256078077287,-4.325459776011371,-7.397482019132284,1.416115901626993,-8.670005497371736,-9.202028295890356,-3.0931771754209114,-6.94027161996559,6.862050933788467,2.7971901547886535,3.4639349556627366,-6.224351932613706,7.236351822824862,3.7544883013620236,-7.984099874142885,4.251328613965866,1.970566830792304,9.86852486518622,3.155215366404999,0.896953844180949,1.4136807909008624,-1.6910124993442661,-4.662620898212307,-5.19802163355001,-7.985286671274812,-8.393520951465511,-1.387118343772558,6.612089103238944,-7.84882579576669,-7.304063609930262,-3.5359201582701,-5.895729299194208,-7.4788575121064715,-3.6588729587910995,-2.9651963449354852,-2.2129209882973537,-2.4886811412960252,7.8452814188880104,0.26979022217646786,3.996071758657081,6.846807526862886,8.763362241802003,7.664649354613346,0.8282864810833939,-4.08370206998023,1.7790683502588536,6.0938660107870035,2.327145300397685,-7.149137517031685,-9.32524594848722,-7.140059271069714,5.063255285699331,7.232711373230515,3.882689438332026,-2.7403538006132333,-9.852300341089826,-8.719713676976044,9.526099223953729,-5.974337001800194,1.5686030004335372,-3.8250465709960046,-8.840445194643811,-4.692470428743563,5.099541186363856,-6.735532134096092,8.19472711538593,-2.95746397848784,0.3829547342702355,-1.6386826387448128,-5.902743092540506,-8.015010249526746,4.130583496125119,-1.9177822603935866,4.458489942337483,1.5680468289911111,-6.762460457016843,7.8812166044828125,-5.505000200005061,-5.884236639001214,-1.2910809247576935,0.08174170948211668,5.7474782845813905,0.16221145923876534,6.000031636111959,-0.45347196259092293,-6.548580472830086,-0.4028911265660522,-4.537681623234475,0.013947102044758353,-3.8011565725583596,3.3604223654343848,7.111230924510714,9.83446336207723,9.493498075133594,9.763499236098973,2.85235026087312,1.0436299171559131,-7.612307660913995,9.434830525966522,0.6974080259675457,5.489178630906654,5.720895123553692,7.12334111609109,-1.0070539994273204,4.3189042627118805,0.7830267263569741,4.795856707617197,-7.0003776467079115,5.744717524583823,8.230586190243496,7.477766231740578,9.338665316024631,-8.985439488019312,-9.428968014888852,-7.676128033379513,-9.07044873191856,0.08171601620169788,7.280323845459854,5.903351782677646,6.431464914345192,9.829447217127687,5.19315466902259,9.927631632891835,-7.841078381024671,-0.10999565327739269,9.406229742440932,-8.12186650911687,-3.5116238164432456,6.826228387604601,0.015258453330186939,-3.2574574541424317,-5.209143299155792,-1.3712084734308156,-5.419817580367812,6.2099068537954984,-1.5338567209652414,9.58688275024787,1.9793992659944486,-6.464077391434719,-6.728984432525744,-6.9982281826137065,5.047419717887514,-1.9149292429391256,8.952092076776836,-9.763860873774231,-1.5339108072929655,5.403511299694623,-3.3638084979486145,0.954827222620299,6.292337784967373,9.16529036804387,-3.0242650386883074,-6.544232478713421,-7.254565685412048,6.837046882120298,-5.025327307869507,4.956745122950414,6.760457842076828,-7.490620614016454,2.115898432637188,-5.124715701138578,5.812309322921902,9.916284271611111,-9.22675158211016,5.264990463769248,-9.672764726430191,-1.3253577342753395,-3.921207136495182,5.267547019734476,-8.778232039156048,8.9712607022356,5.619812097617649,-5.1825411193236715,-8.749056304365862,6.589774682111745,-0.39037428894795667,6.243353893505976,-2.115722945778864,-0.5474934375666578,-2.7586102931808254,-9.276261229738827,6.016617859397208,9.587655645509198,5.110541256065073,-0.7186376247881547,5.417001479887793,8.175044330274364,-5.986881937174067,6.992148475800263,9.3050576516324,2.1082608286873956,-2.9952658662149894,-7.630331239252193,5.827802993661013,3.462928812869311,7.890623114194209,7.19581885467019,7.567955497010754,-3.8383190449976956,5.786645534834655,4.4455711258074775,-8.143182772703028,-0.9834894082229706,-2.807555597470113,-5.861545136623509,4.797286068631845,5.147720513926874,-4.553070188668573,7.809200258094947,7.5674392143928735,2.540910742200591,3.3060204075896227,2.7858753946066273,2.3959393308122845,1.081982423009059,-6.050575543166403,-2.0332783774258534,0.23420390804758107,-8.017350962487981,1.8669509062822982,9.49574336748233,8.980203174329574,8.855642766363342,-2.0519806887812724,4.160841764502983,-5.229029162916086,5.921595029975581,-5.814313222335787,2.555303180296015,-9.844263844304846,2.0331544806067914,2.716115723759671,9.633243683172129,-7.3904915728111575,-7.696953148635028,7.544712032941796,-1.0087568111428524,-4.004171955680262,1.9577108217120998,7.2357212978681,4.499744660754807,4.760289959858781,-9.967779244669249,-7.5158721212924,1.3708815280776818,-9.173090278149852,1.4880138129966358,2.596098134583775,-8.8329865640768,6.76988458016713,2.1281468712994,-2.9696820112045934,0.12324383893225388,5.063085074655438,5.456250596674995,-8.101098825222097,-4.190156415329563,-5.698287202163293,-2.3564727585282252,-0.7772043483542603,-5.134160929178197,5.782204550795511,-9.446610982578605,3.500911583146218,-4.1492325413787645,-9.139220319293322,-7.029939363517843,-1.3845370822615664,-1.4099912276994182,9.824916360184666,2.8865998755767066,-5.079772890004238,-3.1105329865618225,7.816760573316021,-5.183031987175031,0.406347667116993,3.765610246122641,3.9687112720861943,0.4032210894225674,-2.463228158676185,2.5615781772128976,8.197722595907514,6.189890336901819,-5.5719973996503285,-3.910523064910139,3.026208514675668,-7.985869264669629,3.559133659373394,9.24219720532447,-1.362340758204832,5.7082616884857025,-4.03075156381401,8.494830601664557,-7.6505703942864045,8.05570902201704,-5.441752304582808,-0.8599485859550704,-2.3139795177868976,0.9614026948051819,6.052675306146416,2.2715019838158206,-3.367221275387018,-1.1975959608855558,-6.285918448707668,0.218601086794866,0.456466476699422,0.24420097752573433,-1.3248522147799608,9.416454047219268,-3.120552334979876,-2.3348045629648695,-1.8182352448486547,8.247187558347019,-2.6526181931582515,-5.138276304269944,6.315246306416121,-5.119533652584465,-9.499910209165574,1.658107179457712,-8.10691927021487,-5.112095494671376,-2.858807806094978,-1.9973389717627636,3.2929236646986926,4.703097703420038,-8.411385126179287,8.762900549852418,8.120026085529727,6.0893065501187635,8.743603435031726,7.52586311078549,4.032450049596598,-9.06790598865063,9.476570510785734,4.0335507331975595,5.060543746555602,-8.138697150757935,5.8766665108233145,-2.083823507109967,9.925773448606005,3.2276215936594674,-4.707441910842965,-8.86859229435908,8.187033569763493,2.465946763730482,-1.963283184419991,-1.8504789943499418,-7.324520766644207,8.08367372571228,2.0647788384270633,-7.319621716807394,-9.109605431275138,-9.193382429836499,-7.784250876206005,6.87160092552428,-8.473591663512483,3.179954609268716,2.8082465722063077,-4.745222837866656,-6.890937738666178,0.17549011310024554,-7.056455035508282,9.659948786875319,-2.3620152195869544,2.6647176711367475,-9.162969873533353,-5.422844465204029,-1.4089071128221402,4.599130814845839,-6.847772411976876,-4.570161702140174,-0.45269391543624593,4.8769681535310525,9.242726348046826,4.986390234347869,3.2555928024274685,2.8922339813688502,-5.388330556752285,-6.004225114070438,-8.774355381206309,3.1350303220224074,4.156468865759509,8.986616365358834,-3.6781243011297926,-3.6495706578594707,6.225503061405973,6.70860035318308,8.95163367860565,6.549830887476524,8.93865494051219,-5.375643772621068,-4.430385800553793,3.55635630456902,7.9303271852877195,-7.039098668522438,-7.012701086447983,3.14109669808696,-6.8650103245047855,7.976156135308575,-9.903112699484398,-1.8169014287175287,-3.2825198034214083,8.297893484418175,0.025782581458370757,-6.263865165980067,7.2326282098808505,-4.664029623929123,6.813156081376928,8.639288258535458,2.429573309210479,2.432631274782791,9.448063713385721,0.9958517998814287,-3.8259254746891287,-1.4727227684079445,3.6930144694573244,-4.118237783497209,-2.847117420927323,5.34778955538018,-2.6127161451477683,8.236655396178051,8.1015962428406,-8.230817615684472,-5.633381203910924,8.142042233060074,2.1118917724624815,-3.8994102627045013,0.5529987631919795,9.283183835544648,-5.928293389855915,4.907026758981559,2.263225588531295,-0.5809706708618485,3.547884339652576,4.912719982070431,-7.529235361543063,3.2341177821261766,2.241672468392048,-6.386232312124478,-1.071625520286739,-0.9887549658223467,-2.3493640794481863,-1.4372818952908268,2.2118476385883454,9.966293054100937,-7.434622591924915,5.1586150902632575,2.9362580905077422,0.421488643725489,-9.731759556031923,-1.0161343638005569,-6.434438905750779,-9.395364797984154,-5.5368890063405996,-2.090198439818753,-0.46868957214864615,1.2328384574131395,-1.110072595333076,2.659425772056384,-3.9615204985693353,3.2727976119374524,-0.7777275360118807,1.6671153118314486,-3.639783821970351,1.1124976452834279,-3.7937926074784256,-2.458947003397083,-6.712954025603645,-6.804416802860668,-2.4683082912865366,-4.691315355870906,-3.1202885832113054,3.1431104741684734,3.9493923109409472,8.851353180255511,-2.86326312346902,3.452349147668519,5.307588018843379,5.7956368341812965,2.1204458151324452,7.289324877060189,-2.6545045396962603,9.376890611219935,-1.8852052926844678,3.6014534559587457,-5.574140591205444,-7.032181164381852,-0.12167000348853918,-7.638889291281073,-9.606024406921534,-8.404029490577827,4.142193322571199,-7.410194280521365,5.961896454217609,1.3115147359399355,0.9796471113037057,-1.773853280401207,6.036309891446457,-8.662636023516706,4.73035098089721,-8.16636199926186,2.0930135487723014,-2.1954651474959057,6.6368174841383265,9.32518589053705,8.621090060742294,2.019095722258177,7.694253918713411,1.4908253599032566,-4.902926462835861,6.216835208013947,2.5808994823943614,-0.5353738145467055,2.057754076596339,-5.577097556604011,-9.864734980317817,3.8993624609941904,5.155198644373328,-4.077520659240649,-4.753034340444691,1.9048542751671782,4.838391091957977,-4.954457310285365,3.12300101045345,-7.791233362950257,-2.61103901156946,8.690880769277268,6.967288478551691,-6.0243596834422375,-3.5840000245916492,1.2080663371957439,-0.6634241577472864,6.315662442360953,1.8003552386505888,0.18650564980050355,9.241228750082456,1.6141153943912752,-8.641981570700771,6.874838649529508,0.053711097410527486,-2.77679481630498,8.402098029922904,-1.261165406013582,-4.264019743767069,4.552028300079984,-1.1246284805179823,5.203040084214997,7.900924951665715,-4.6831079894394385,0.7230856280099971,4.220558144197595,-5.384543172321143,5.22474088237991,-6.275903628291257,-4.971148365692548,0.37520681036223813,-5.032011461685528,-2.4502111912498803,3.377855875895751,4.632042818505539,-0.28251004726143236,-0.3747452438434422,-6.911155371377323,-0.40436255740288907,8.615116317582189,9.262829464709277,-7.680415799905145,-1.4742859365648862,5.705659097945068,0.5162265314005197,6.335661915529627,-2.411721191766551,4.811698970478336,7.574198289241259,6.793884165996506,-9.870797401255007,5.40650777197413,0.8514944362414631,4.038570272378729,9.388530118538899,8.890845971891245,1.0031359248251714,-2.2645053544410576,0.9954253886061419,-9.509911594569136,-9.880169576925681,7.993870706981596,3.3259972497369787,5.5475022721927445,5.201950730112463,-4.182021909452532,4.013008980595494,6.6983922044857245,6.466013491261503,3.5418598044473057,-4.0852597109778515,6.37111964258693,-4.396329551628364,-2.027295264886055,-9.534582457028563,-1.2406422335532739,0.31379475646792443,8.876682933236058,-5.581837581994346,-1.984371353984935,-3.7634927153376463,-8.806674385349396,-6.701708580788345,5.42003983088456,0.11724290984304453,-7.078905029972757,8.212794760839078,0.04211623973507628,-5.563953915437101,1.5175166405659102,9.732859543942741,-2.503465738922685,-1.5240930363980283,1.2902265382994749,3.3826711770709395,1.8890684975187462,-0.09709002243375053,-1.196991916461755,-4.418976914536515,-7.032549278245179,3.2199771132972383,8.973109187898132,6.5452681210766315,4.7272847818265,0.539421785909191,-9.212701075470251,6.252984812027282,-7.885778688069671,-3.8934989461105074,-9.565680204137712,9.638205353426002,-4.276380957287483,5.949360726045077,-5.608908005373818,1.9880523597486572,-4.125925743476948,-4.171697590144685,9.571325789914276,3.74409885128493,-6.6641404842316625,2.613310762148547,5.023817822838728,-2.801797520947833,0.02678974503082543,8.68379178178273,-7.194332222463351,7.095853367088424,-4.5676087556011495,-6.210874232471337,-0.5476965172510067,0.887504436513499,-3.045098822830255,-7.366779152052246,-5.536381364316371,1.4408614549892356,9.81024567664437,-2.763306331144313,-2.2841832278091783,-2.3541016446368968,-0.13586720450433454,-6.611517100579254,-0.31428553674933823,6.1265629232303525,5.2775640898718095,5.769417633856493,6.626883264172353,-6.698374779085798,-7.537319758672421,-9.3723179638945,5.646669995828379,4.145109468518562,0.9013165496869231,-5.12518045145927,-3.8741185091864043,-1.297749613807044,8.745991941599922,-9.4988150773539,-7.151620841075658,-7.830532695561223,6.340132700951795,7.893685355378064,-2.1392962049473834,-7.457387035202066,7.935711456590639,9.106637455537204,-5.897656136162704,-3.931021319818062,-6.056764911674981,-0.9330572272623439,-0.3177042663453946,-8.62282028947861,-7.237872049748814,-0.45863331751977476,2.7866105004479316,2.841725739589071,-3.0433080053722676,-5.112806722941137,-0.14598005821978788,-2.951126152133625,9.519650420232615,5.31196990460095,-9.905683191481495,3.4660960205989095,2.2556857663682006,-2.176368180918022,1.897843918134921,-2.7449953022257496,-3.332004830850517,3.423158476736104,6.071293054311205,-0.06415757264516309,-5.380418698218358,3.5061121541531897,7.65373598261807,8.153786766730015,1.5774047539969605,1.9336043426640952,0.9582797156792644,-8.873046657409807,-8.281503339855725,1.9771721558747561,-0.7518449391538233,2.539853812833602,-7.885912792571979,1.6963459311037266,-6.251987948007349,8.399755315519414,6.685227460870603,-1.7880064309286308,-9.792615563383842,7.064457630496037,3.634771226423428,8.849149698041266,9.784986116559,-1.4237751144732904,4.8533779746578976,4.134787682440528,-9.650162776509584,8.11224436871689,2.149179894535827,3.6782127002388254,4.112759675013164,-6.235961158279759,-2.640447092332428,8.903590103990837,0.4584273737661544,1.0742345888174718,1.1286675026842765,-3.4861519283173354,-7.836486712906998,7.327876109423229,-8.799471041293867,8.717345728081206,-5.416426645139323,4.082171762504236,7.183269376408308,3.244416679508589,0.8436399618448895,-5.37672629004045,-7.609794415318154,-8.650323486097133,-4.2517876262150605,-3.0980399681729036,-2.467654068897975,-0.7409123261782753,2.587547254586564,6.395226397999224,2.7429430182817764,2.6579275562252036,-1.4692040689289971,1.297378119836818,4.6958004201388714,-5.650203901095933,-9.906470523696406,-8.685818608917293,6.562457105529539,4.809827449215334,-6.787686978049241,8.488197459275188,-0.18813043194410284,7.556650313342562,8.441000360912206,-4.294345014226941,0.11222809836903558,-5.821377349147978,-7.04038580257508,-7.289112736447779,8.93309626582585,7.966906552049661,7.721238844442148,-4.75135676861171,-4.60138167399651,-6.945859636760748,7.753170814374993,4.75225256528436,9.754159267478418,3.1920637503534692,-4.5116486834646485,-9.925280777471244,-4.583174352920036,5.217651998780459,6.019136259550471,4.505924316687679,-5.598632040461345,9.495540959783085,6.844199215813056,9.98906702267503,-6.559576332755821,-0.6215693128287825,0.33467371992630035,2.2941356246778,-4.147543656461277,4.156252796356416,8.657600840162264,8.60429328558601,1.1936761271658032,4.910589610910865,9.712590297243487,5.64473880750176,-4.032955700874819,-1.6500902893349139,-6.884886548533375,-5.099865211795764,6.049762042070299,4.1850598147227025,8.93352105772728,-6.614373113248937,-6.935435266279491,-0.9647778826003446,1.6283186417615205,-7.771848187016552,9.33814280820118,2.361278102211733,-3.25391344064969,-0.7424355417266213,-3.6156346446693526,-7.629437533533016,3.4353894347455274,-8.23696212598974,0.5528185321557579,-2.936126910875389,3.543336819008058,-9.383564451719709,-8.239479009086775,-9.663372064022845,3.795453125844796,-0.2557752329065526,2.4780199321376486,2.6035646361971683,7.906046006578443,-5.886400404710024,-3.243311112474137,-7.618738520404802,5.435556272664764,-0.9936326176309329,6.257987986811415,1.5837278201080238,-2.203349086469471,1.3576352608374886,-6.448102319140785
0.634445968527773,-2.902940961582086,6.8493210707593875,-0.6095022877621012,2.6837728286832174,0.2165582002095956,0.6415012903957233,7.876954557772567,9.086598175652693,-4.993610649876787,4.445710483438834,-9.205295821211992,6.290262620311452,-8.149869645216688,-2.4073063234501184,3.695587426677216,0.8928355637377994,-6.42368597139487,2.105755017413758,5.687828278842751,5.624400942247439,-6.168628245363705,2.951157469635108,7.703442388741493,-2.190789956453127,0.8844418729497061,8.06709962835776,-8.166077661066915,-6.944847168664907,-6.663510549767362,1.5184800217838994,6.278704213107023,6.980586026864334,2.2411398153117634,-4.4011818273042,-7.5634056420254225,2.753768629352205,7.276763841170673,-1.0829428836013584,5.570138246167689,2.2378228089974286,4.783340919909275,-8.241041524853241,8.032528975768201,5.044333383449471,-8.057748494696169,9.913679311281488,4.893253647916225,-8.174354518083454,0.6195227077140615,-4.02704252795806,-2.3249957771278034,6.284202223197795,6.309869664172005,-9.279480672060135,-6.8707303283874,-1.127558652339653,-8.00822023796755,-6.637286457876941,-0.31196629096559647,-9.797846187153596,-8.268134244897414,5.813142934238327,7.1917044045468295,-5.034360723737619,-2.3349477268384415,-6.965348142724244,6.049233602200147,0.7877771647446536,7.769831085256072,1.6981413061609256,-9.025484175252148,-6.721317985497639,-1.2468487935737649,1.245430414504174,-4.007844875482567,3.4336672660646386,-6.665691470243765,-2.637910593882678,2.075067027770716,-4.928079060158261,-6.899139284040247,8.141029826100478,9.681830531162042,3.131668529577855,5.080281715083867,-5.103839925103983,4.704928730652426,-8.943206353096242,-4.503241233689077,8.003182270338627,-6.621978022135382,7.2658055997860025,4.856579551047314,-6.345178408007954,-0.9235598632972604,0.7814156795328842,5.759491668276798,-0.34557537626826473,5.98360087221482,-0.9152844585300066,-1.4676374961198704,0.7770152261517627,5.743912891454386,-5.6427526533377055,-5.9934117973981715,-5.865413102329191,-4.802228680514169,8.113314332648052,-0.9923131843230237,2.264075033997324,-0.7440642255830241,1.354377182977256,-4.66138479490104,7.705048822956957,4.090339186695253,3.4928684539361186,7.068665607975948,-3.079383744538351,1.8849747796752148,6.77108263199592,1.3731121672512465,-2.7994856338793372,4.795112939803726,5.345972911051334,-7.466338107311525,9.081887092027149,-5.861939883396166,2.0192955479402457,-5.853596375915182,4.985025161282461,0.24357115044217537,0.27765632178978805,-1.6736168911775522,-9.755665773605864,-2.014091218453011,7.396469963848414,0.6298623298740971,-5.621344231608825,-4.138096481177145,9.094854153581554,-3.5972674060314453,-1.6204219003353515,-6.866267626172709,-2.6371327686420276,8.14294585028335,-2.521339291244635,-0.9937764515408247,-7.261015514680067,-5.752062213522999,-3.980307038123021,0.12138015557918713,-7.577896099286825,-9.507069549784637,0.19989060355590382,4.500687775615344,-5.727908981558631,4.3492675272163055,0.36471906786242414,2.139672187986477,2.156569858687094,-8.364707282062152,6.314957785477965,-8.549854898014997,-7.049082549797139,-6.54035417868978,9.200646358613675,-2.7274722936455635,-9.4141497802133,-9.605190918030393,-9.221050449111905,-7.975354438057232,-1.284105005647758,8.359601400178882,4.7572129238538,-8.343791644247796,-3.3161294899286675,-5.335480779372396,-4.7050850514754305,-2.9102850632172768,-2.8533598316155606,7.679039710206098,-9.529818288272509,-7.41745062213071,-1.4365225439977714,-5.455744492602356,-9.50843777339789,-4.901542340292915,3.2475258427157385,-7.746928898664764,7.640915132321364,-6.891247833434077,-2.7554617071010963,-2.32381059959474,-3.04008299184175,9.27804499437567,-2.8232639084154627,-1.6636216579693102,-8.506144706677055,1.92485322995128,-0.2572569231609414,5.504663444499689,-7.6589431393302725,-0.4169140320948088,-5.022408403711582,0.8592562525054941,-5.092975721847138,3.373917911491901,-4.216538356312531,-0.6850263365372644,-9.13330596209252,-3.457587586035949,1.3971318800285601,7.18881445474058,-1.3701893991661525,6.780225220700615,-2.52009988437152,0.9425138338248633,-2.3309877359184856,7.250423472621158,0.7228152680302884,9.209722745668842,7.553758982224739,7.49692614473733,-2.7690336330033194,4.619695985403254,-5.795793380997061,-7.5082572578218105,1.5378121645234284,2.4578450582182736,-9.166559176537845,4.229334019685766,5.2707733478735275,4.977874402633075,6.497893365257802,-6.929635131335983,-9.048333034979738,0.05537880852084598,2.665506001393055,1.1409972007559244,-5.7848890085552345,-9.944823598125566,2.499277428053679,-7.321344030645623,-1.8014529764684912,9.069359992862857,-5.89851636913364,-6.224938403771012,-3.5217997719231935,2.161407735814471,0.8253222098285562,-8.458219705948881,0.22684873934505312,-7.291813273831938,-7.91268957602351,0.40581743028098316,6.070224602729997,5.553754110183299,0.9484242702489709,4.900866422294614,0.44196904950129223,1.4565673391830707,8.274044134921592,-0.7588835509519924,-0.028580119715432062,-7.915170364653948,7.499133722465576,-2.534457642017478,3.345524500732239,-3.731818759016643,-1.3503283272208595,4.970916274173366,5.057619877165516,-7.055627073910684,0.8479152488254993,-1.548398470714183,-6.79975403258527,5.659670390836597,7.507152673410019,9.606261904828862,5.869055534565611,-1.4646929882498192,-5.425784884988019,8.283940354104178,6.529631521080695,9.35417778655718,-9.291464145226414,-0.1539589847457261,9.713787316454397,0.7869149009347609,4.081134673731977,0.7237560760333928,9.389387424708822,3.530874833802894,-4.316099509830402,-1.0409922226613606,0.1738467141989215,-4.51320883998215,6.723337307410951,1.5007144053392363,6.333587890984603,9.30103676324315,5.601262883606067,4.5905403858587945,-7.178461224478852,-5.2439383371729225,2.3964811958909404,-4.130944266010792,1.1695832521545686,-7.955370125804788,4.543056689581249,-1.2677901241086253,7.783937242898787,9.363203356064034,5.8313883993085,0.2756592573368728,9.910278736676592,8.022160570632103,6.887264736045548,-4.636402908740703,-5.527872344722118,-4.307342499462694,4.1099124957749495,4.180782348178486,-1.8919729982404583,-7.506995089862811,-5.20752281566401,-9.121864249759232,9.113627504489518,-1.0576233259263326,3.453152986093329,-6.5971300311642045,8.354847870416762,9.242283434250563,-8.779822351871879,-5.321029396754257,-4.096804203841884,0.0066033497267845576,-4.40094911328427,-5.665989203775716,-6.574112790834494,-9.506713873932696,8.544946865854108,-7.243068900092393,0.19358713983189269,6.638709349664651,-8.764856766025906,-5.137660842846355,-7.338685661384245,-2.5888781560123153,5.58539746000006,4.858633819892066,-1.1053660386460429,-2.5281572048676804,1.0397344876820913,-1.0247295074471303,-3.772500192957164,8.113997963989533,-8.868567877582851,-1.4259419144995977,-3.8159346225210626,-0.7360267348238754,-4.016017706100818,-4.091088233336199,4.893020673537675,-0.2934215966607745,6.107478943594035,7.903166491988586,-0.8780318337016464,-7.9038123506543005,-7.057632412574295,5.497606789659118,1.08367224407651,-0.7169632441214695,-2.5515138524098173,4.245776597011442,1.4915301647427963,-2.676693364719225,4.872483928572919,-9.762810499377947,4.99218352701722,4.842500443489772,-8.410014500047616,5.654981195112466,-7.616165465640221,-9.510003740813193,-9.30048985482236,-8.522200786121271,-9.35968863381499,-5.74605531111694,-4.458859351885711,9.862071435432298,-1.6104814923593445,-4.992805411099964,2.4113856707569603,-2.042599909549625,1.355130400777762,-8.396561131862564,-3.96366947307601,-6.949088107911747,1.7304123527096475,2.8227310177192884,0.7211407625799993,9.194805053472273,-7.174923505692751,5.577954635295336,8.49483213891503,-8.806140378595899,8.036510213710304,2.746575712059361,-7.068922302289147,-2.8974894423193565,6.459029738370454,3.3466826440721604,-7.163812450064551,-4.945016257888241,-0.4587467797374618,-8.08891823180138,3.2141651028207434,9.74427455484362,8.294037253251389,-5.3793787407216875,-8.922921104854343,-7.664874438519389,-9.747492426348376,3.7867985637762978,6.938218734096402,6.5824004777398315,0.015886677122152193,9.931945767732849,4.465951173487587,-1.7027337742969717,1.3678986110806317,3.6281007701702794,0.35773983460495984,-8.621109017248328,-1.4839585734607361,0.22985539146796619,-3.108411398028153,4.891457416804121,-7.709859020799725,2.6671460390426347,8.688477851580348,-2.2761585614735473,-8.071931695857678,-3.722235680240244,0.6178641734577273,0.7092067821725063,-7.750718897357438,0.5332515217665073,-4.866556367069624,-3.5535348674095975,-0.08023723357347379,6.333111981048884,-6.859282671795405,9.553938220526128,-6.134448578581075,-8.492902030971916,6.274069042247344,0.7418846956148855,9.37500044969379,-5.508411372398925,3.4026189582971718,4.934882163154111,0.8530234418773368,-2.7552002121579715,-5.205798183616313,5.580131488917186,4.246834764600038,-6.458345883089038,-5.334597991730421,-2.8595851528660425,4.741131187830419,-6.246332337704006,-5.786344744901055,7.625139911083107,4.393745438385929,-9.669839399097672,9.8552055972749,-1.1712993216370329,-1.4573171741204245,-6.289823235720107,-0.36929184840733775,-3.994602962813751,5.170854567537804,6.977666155103183,-8.000602779469952,-6.858467600046161,7.091042728638648,-2.64822062952277,-9.15523590372616,6.043315094002647,-5.006036475845663,6.342338677147723,-0.7398223258876158,8.032370036404824,-4.250479525031052,-2.6231296544314064,-3.172261489757597,4.647485988772878,1.0262846049976773,0.7462028816667292,-2.65604666433015,-9.234273031878608,9.454700100140169,0.3744257362687904,9.839916226376467,0.015312001119642815,-8.797990767300272,9.555126381956295,-4.360812459361032,-0.8723291405125266,-1.3461666449474148,9.411049066247369,6.805214207934281,9.64051118191972,-8.002957957472521,-0.4699950992815882,5.612135028589776,-2.6286824788034675,-2.115229169062463,-6.291234218516577,5.538358732313229,8.27400459396134,-5.638595167376545,-9.00482703872563,-8.31836910142542,-2.29245872871857,3.2930372718582017,6.143215773680026,1.47616606470452,-8.822834467749178,-7.629236017503338,3.6570984398581743,-7.074914392842945,-7.100367679802206,-9.758757691970331,1.6963697886036062,7.773399635659278,-5.621802464214182,9.102348398750994,-1.235541803804077,-9.756593073047393,-8.02367563302355,-0.9868654722347276,-8.282238844414502,-9.892546027994504,8.193854952422864,8.96372368177105,-3.9473103335273656,7.645872619633142,-0.5240372080642235,-5.682991218824878,7.495314556062144,-5.541487932413,-7.868467294298275,-0.11023994992216224,-6.747004162602548,-1.968965417242332,-2.3674799907408905,7.060249173974732,3.4330251915557817,9.3514568071826,5.969735116535118,-2.988141525368828,-3.9538844750135365,2.993111377536316,2.5250665628231204,0.19259683640101954,7.737690256414048,-0.35100939665097286,2.941849878058031,9.169180562294166,-5.6293222544522425,5.2838339701544275,-5.460252846718621,0.037988476008667504,6.6829891297340644,3.5421151038920033,-3.96844667198033,4.111347890856386,-2.0121687189906385,-3.7794884390369887,-8.273042536301496,-3.4238495656209356,-5.724328317995222,3.540873928611589,-3.0681574459000966,5.111245932872446,2.0219107896125266,0.5957225245265629,-6.772240338123828,6.703368970724018,-6.9270230544942475,9.049248255384562,1.121595603637008,-8.417758374092891,3.233238214006704,-2.004501831441729,6.1303824576053465,1.8077302412475866,5.137958589763729,-3.8749111291196803,3.769030695152093,7.987091291256078,6.553305259196367,-0.35201384237303124,-9.906232729966584,-5.317486866709813,-9.79423811605735,-4.343973814869582,8.028554773907718,3.0465097553199953,-3.8819411883311306,-9.987291842963346,7.641502899573659,-4.139858430762011,6.743940506484815,-7.059789996590435,-3.45096398022247,5.0707071196545215,5.943714605918963,-7.988891712717741,7.335238078782712,-1.4884037599737514,3.1267589100534128,0.9095717155629792,-9.933830173625097,2.487765094717737,5.7104651643476245,7.970446615607344,7.615955074363484,7.275216693682886,3.8668002116808626,-7.917702331882706,-7.518535111472535,-6.920813960215771,5.250494840796877,-7.350347378432904,-8.132804944839183,4.953095290046868,5.346678781935481,4.601404145920345,-8.065619556196964,-5.249986207755233,0.7226513959912477,-4.273283611657359,-9.859981919829803,-9.701971679492345,-5.489702776964032,0.9784179282618393,5.971760998800303,9.947905196772549,-1.8892976367419756,9.833037987294034,-1.2866109523777798,-3.5257803835857704,-6.192944099846978,4.764890251281669,5.8804929172914395,9.182075859095903,6.816446874602324,-4.841275299029874,9.375158603476606,-3.6025707238705245,6.112547266600362,-6.558192222966381,7.775172382504586,9.288997343876396,-0.4949571562972608,-3.9494520144052387,-1.6983286816328995,-2.1335621704851038,-3.5823376022693427,-7.898769332347671,0.8326773243796204,8.370596344062204,-0.4652757518113546,-8.834646077261702,2.3642583631922847,6.31809952700182,-8.21688594330125,-3.047146917779397,4.428354231247511,-2.8757911512326935,-8.603415130753788,-6.553314469541965,2.5817912098789613,0.3010045163021289,4.1047888594575515,-9.414908454883491,5.704384769259914,1.648858634628187,-7.8833782153736465,-3.3763573813316956,-3.8028652893311783,2.383188400194065,0.7510047422693731,-5.820807316324905,-5.975486203757063,5.154193362655185,9.430740180982767,3.643850571166624,9.801798472339478,7.911703491974475,-7.610237098931554,5.0084845208653395,1.0368889124950407,8.896993930319656,9.555711182961872,6.385133789593617,-3.118248881870473,-2.5690788737454735,-7.094605234154012,5.63866696281587,9.760541385348741,-8.243709177469729,9.293112212309932,-4.254021905854428,4.314313501164417,5.180120906924204,-1.8949907639474937,5.766514257226312,-2.348362020272498,7.969240582537658,1.7599580189752295,-0.30648314415623545,-9.23137599079305,-6.011512170743838,-6.4093921026030305,-1.8316942817603898,7.765834401548936,-5.977001824734733,-9.38996766120233,-0.5667349873500278,0.21995806073237745,3.3597631389291394,-4.210496972581918,-6.7390305536687345,4.77257815641069,2.26297626764919,8.89527992525085,-5.5934720627721095,-2.743164920977228,8.15301397042596,-5.4455199873230935,-8.05636861780803,-3.4647477006520884,5.941655365841294,9.292284485471779,-4.880567495860881,-4.387337105143585,6.805244959208785,-0.8719214352471045,1.7812004189337287,8.983741843210456,4.90004093027672,5.9132052055434166,-8.702590600742766,0.5005856008489751,1.2406846106648999,-4.005276757256966,1.1279258574511815,-9.209721698236477,-6.599723010076197,-7.619672230583834,4.131161727175918,9.887756817570146,-3.101941741903527,1.373809184670403,4.007978568382022,-7.610100434727793,7.401461523430481,-5.285861561309401,2.8123921368812006,-9.726995976671143,5.549344265321318,5.175382716552626,-7.6886170136346,-2.625862097045692,-6.316334385308617,-0.9050050272798789,-4.228498776624541,-5.799215635617192,8.121470940231752,-8.783504576560198,-6.1138089712591315,-9.806036905192867,6.8865742344879735,-3.437267450449224,7.702062532806501,-5.664185662711018,-0.9087252405307211,9.852143815224888,0.3085019616599656,-5.1106592758778095,-0.5521867868305463,9.221019949124553,6.092857830932264,8.024039055049904,-1.498727142296028,6.624335671433855,-5.402699347176294,1.6554258722736375,1.862765544642075,6.595658169309232,-8.797090712851576,7.061443487348349,0.7388345760150088,6.228652274166517,-7.527141117709397,0.7326823523540344,7.909254645972506,-5.200653598265834,-0.3220586328738122,0.9063699394116256,0.43447513332291265,1.4006204075628759,-1.2577875792544226,-8.259948482341068,-9.742164472721619,8.675875796600227,-4.88828635190931,-2.0030259062067497,-4.99450941169437,0.5075326228297872,-6.0460428522321426,7.673388958221562,7.627543554019777,-7.959703283676731,9.252757989149131,6.412223874215531,8.430351589236306,-4.888419130958366,-2.5954390785074466,-8.963652537795156,6.03493789786971,7.709535295902853,9.4132028609964,3.1566109967675775,7.702365137984202,-6.995302484896426,2.6398975815401258,2.0508780881071953,-3.906348563233175,8.70600293595977,4.795421548089706,-5.6705237228977285,-9.40625889185682,-5.0067507463228385,2.587184164299769,-6.292565527674492,0.8111979341097282,2.218926537753447,6.50460593584825,5.304468258657531,-0.7943101530057035,5.08195822550551,-5.410631652101632,-3.798891655831518,8.254685873875143,-7.244459229910802,4.9739314550306535,-3.3115478957744564,9.175468316882743,3.279000570639001,-3.663281846240327,6.4089828777935125,-9.718286861826268,-7.109018219551122,8.677120467354655,6.4550049619220005,2.203552393991579,-3.774936048574899,6.635116937584769,-4.8454785736947255,-3.7553899929536154,-1.7559776493817658,8.746633088666105,-8.290003648535262,4.159314771986978,-7.709223566642153,2.7947623079326824,-5.102617516362979,4.0209794432993995,-8.389846800092606,-4.7907677443001795,-6.0472356927672966,-9.908843922510084,0.2271932716589813,4.199069073816535,9.285452442394032,6.625490069439643,2.9890358004513455,7.260092712435014,3.40455127218787,-3.0189452405868833,4.103631822608149,-6.2192770574188145,-8.14252581221901,0.2357110098103643,2.638987283040258,-7.6192118688281045,3.666054224504718,-1.9214915542505384,-1.3402498886845056,-1.6704172584529147,2.7623451152613185,-2.487926232876932,-7.125650814615565,8.946422329742319,-6.385393022693673,-5.974964080198664,-1.3062751688382974,-1.5457052098501052,5.942920415869427,-0.1849207359382774,-5.210818989207686,-2.7482207521000586,9.991182984193369,-0.8194287434652043,4.744860624218399,8.677761859688058,-6.578467939410723,-1.065539486451497,-1.047229111850525,3.954526959682367,6.397921204119701,-3.1377741917337643,1.688010807368201,-3.031744974332695,2.0178253483981496,7.310106618420239,-4.309734605136941,5.883805717376321,-6.522272691088706,2.432769421698344,-6.125673584503895,0.5118522679418884,-9.377395671874257,-6.634599578148146,-2.357809811853768,4.837370492072342,8.974887221650874,7.857307353186645,0.21876873414468712,-8.37716199151136,-7.623659007265489,4.66217515583441,0.5987735734015942,-1.3183090922844531,7.267519866079535,-2.7511753938376042,8.17834963839826,-0.8441057051690137,7.817645882775523,-1.5798248751688249,5.802632926872109,-9.296506967464424,0.8225512540186699,-7.620129436336911,-1.663048841804006,8.393827299361522,-8.04107392454609,-6.893610737319555,-2.1982382053302025,9.138480982022251,1.846863972995017,-6.356887033488309,6.106307118857124,2.637687293576654,2.9286027695283643,7.314765721408953,6.551844052007095,0.30224154845718587,9.421654470900439,0.5053096598267892,3.967341327709587,0.5103181033173279,-5.107265893328032,8.52332411112167,2.019781998878674,9.929180053474326,4.938764753981195,7.260641732564476,-4.854167215273321,4.262344672747233,8.000756167743795,-6.5680110806010505,4.746553313705611,3.3240390253021364,1.4384750153238013,-5.306114676456053,2.0647737811285296,-2.502706800565,5.056309792501361,1.9709114284310303,2.254056121717218,-9.34209848301464,8.891380719292908,9.555800826152549,-2.727785530170439,-2.783046744863718,1.9633683713564931,5.827669209570601,-3.8090106655845286,-2.9661217838820786,3.334045701816626,4.696643200821832,-8.566704765473908,3.066955011875409,8.023574942626489,2.5082635345002195,0.1829302968434039,1.848217134196151,1.5265120036131403,2.6702208154797944,0.37854276001814746,-7.640634961952069,-9.524201027916,-4.677685584052005,6.018223900942115,6.259237985260015,9.099041842303048,2.142593048330557,-7.469491270712152,-6.103073349333446,-4.021868226191783,6.624218135011823,-8.291996387237546,7.7231983962311155,0.18934957120961649,8.447424581930544,3.978651565545988,-6.2231655555893095,0.5786106611715347,-5.389669291760068,3.4551384012834614,8.932134464810538,3.937285851523624,4.039115836912666,2.852737595222731,-1.6585324125140453,-1.7154989219364403,-4.388706858014915,-4.159116070974564,2.9785156874150687,5.012981160146062,-0.8199815107487041,-1.4206573485872216,5.694504796268697,-6.304493339121473,4.038081228428915,-8.202402367868869,1.9292096077510106,7.807386364473814,-1.6269572783104849,-5.691198087570877,-2.622148305396202,-8.77191012558461,0.12133751867461129,-8.960405644358662,-8.299057995478352,2.409825355738029,-1.5406677724383435,0.7732077810206484,-7.372169292084044,-6.562168483914224,5.976966624698058,-5.888527898391596,1.5000860062605508,-2.4186175306848146,6.097963789059019,-9.011520104704617,-3.1098413569276095,-9.666483965239951,5.281165380356876,-8.335426960146462,3.7428006374129037,7.172864429346809,0.6486153962846348,1.7523895782672927,-8.131080253759508,-8.60139907278283,-8.013390995074271,-2.4512472311055555,1.9661830492220584,2.0156841742402936,-8.736125338527483,5.599511575064167,-6.905668281874091,0.06010861043885285,-1.698440209463822,7.340227018214065,3.30035196237721,0.7021349695532191,4.8648381190057925,-1.318203462751132,-9.113016312348716,-1.906012844852789,-4.60444731864142,2.1315931841767792,4.8617114671061366,4.783270105619312,-6.890339022798802,-2.2778652402468165,-6.061220673848595,3.461561682334743,-9.24190467188364,2.3893957928451286,6.810167788964314,-4.72985703132764,9.935234998080844,1.9881383594926163,6.163165396380329,3.6078124041893,9.05451984765968,1.3409136968771591,1.5070524900512474,4.947947360158963,2.1745394889293745,7.198125120425782,6.646777871174059,-8.087488037428429,-7.666557440748736,5.167280944222165,4.366988993025565,5.939241273335071,-4.32891845979948,6.548731744539399,-4.642623269229618,-9.889750399849406,0.2396886440551338,1.0508745524820462,3.696926160776135,-6.421535586373386,-6.617591382252956,0.670317665891611,9.84213964655342,-4.211332396339563,5.473580473880679,-3.426453307205442,-0.284350700473194,-5.760735835407845,-4.103697899680638,5.944305812452395,7.6664878757897235,-2.295382018251509,-1.1116875396110864,-5.839313906885126,6.1226046413584285,9.511715303957054,2.596536829207407,7.169797907246359,9.327087352461351,-5.08441970852955,2.7875225235928713,-4.828131684446351,-6.638385865080099,4.144496451866663,-2.1856271549410566,0.07718451404716475,0.25768875690489246,5.158860715967306,-5.975352832866465,-3.4332375468015304,7.267552719539985,-7.385266295128908,-7.879075599789706,0.2215941850281311,0.3016023355129622,-7.2930984205826626,-8.642066623145205,1.1440966751441586,5.431151953958999,-8.09829414121371,7.497911221616139,-2.842240116978447,2.5074041203286725,-6.93052466589791,-7.93955256128209,-6.052984185543484,-3.270834985557329,5.318091512424775,9.262468132937933,-6.9898145365138875,7.978132385019979,2.470600742672463,-9.8517703479849,-0.4646308357311675,-9.138682126013752,5.491910297104354,6.731116866902685,-7.390451644567715,5.291824123413152,-4.410480584752241,0.915622227138142,4.783700482663644,-3.1402715801019676,-0.47387544991839725,3.7763122472058726,5.05181123997804,7.4597709496487035,9.520664710474879,9.243343247291278,-6.197121262347032,-4.375104577810138,6.612051689837216,5.448619811323976,-2.848365448442962,8.930011354144384,-1.4122178280185622,-2.1992912001629517,-2.8752241296902215,4.5140229709698545,3.9538245136562296,-3.7392242079648668,1.5434321856735558,0.8977035600043983,-6.279514465242617,9.938115461964319,-2.8076760432937213,-6.925126423409211,-3.336395848783111,-3.427681584038032,-8.960205039338838,7.139674184531554,-5.3278750145166605,2.817173485673319,2.6113897243083173,-5.515903527387886,9.01234957805448,-8.319866597997601,2.750275995132194,4.909644661139724,-2.3938093886655025,-5.211523657209883,0.6989979549270515,-7.765910791856774,-9.62912220700032,-2.1499231388711166,5.997537923132626,2.6765984828055736,-8.800641618115275,-1.5904936108146366,1.8839662324127175,-7.878111494874853,4.57509547335677,-2.991533546661689,3.6954782894924705,4.120726604663032,-0.24265420392257298,7.912068552366666,-1.3922060119948654,6.660765467592654,8.414507893456488,-9.287596863076539,4.601426032988943,5.615351143488091,-0.09832626914116105,4.733005781063861,-4.470294758654559,-1.7118023714999744,-3.3388882607862103,-5.020113147544876,7.087703695730934,-9.655768606124278,-7.068380879573592,-4.27159346350914,1.5216697458556432,-7.847199990352207,7.566075300444496,3.739886785295445,0.3835373600385701,-1.846851622718912,-2.481520251595759,-5.724847120440744,3.551081341184453,-3.8325517970993435,-4.18342650200916,5.468306726919588,-1.3939968711465198,-2.73687899374983,4.539222054892221,5.7105925056061295,7.366902136133458,1.3140098081960598,7.929767675185865,-6.6848310295516615,-0.7753063255311421,-7.1816981335051455,-8.25893574243823,4.90231769383994,6.349747000457537,1.2093641672308113,4.735088985219402,7.998967733910735,7.45282247778713,1.585606046151307,5.189942605126042,-7.892590233985954,-3.534770127090776,-8.727622969748769,6.48265594745083,6.941496644309137,0.07780042107870422,7.226770477055776,6.917739573620903,1.5833211548792754,7.567643307022614,5.677728700208428,9.796925623647795,-3.1158804834513987,-6.234750516970706,7.72259498829715,2.832253397380706,-9.14386154630322,-0.10723380464980004,9.976597127264899,9.13626463427904,0.5307075339290694,-4.097326300046653,-2.5477593505496703,2.2578682476570666,5.965836511724181,-5.565449066727879,4.68733834400647,-9.713314450080384,5.5943019331735115,-1.7211691642947642,7.716947418930175,0.2795142490203908,9.803490354653885,-0.4303089720530213,-5.951781961536787,8.628503097423966,2.7707036785076316,-7.193956239036896,4.367909697479689,-6.32800357391738,3.3706872624272695,4.119097247071554,6.88981130011987,-7.214833728628598,3.662397572015415,-0.1367632223933306,-9.836758658650108,-8.96087020547344,-0.6447138707409916,-9.755286508300639,-8.020322664296224,2.761620132142591,9.040410572432954,-5.477987784455465,6.652291301646226,7.20869978043822,-9.707963488539242,-4.529497661840331,5.482968966651542,-0.21916646492071123,-5.336076037338778,8.137723978301306,-1.0012619177632267,-8.093037544931494,0.7363863510668711,7.198093441081099,1.5656034869204678,-7.141106685439884,-3.13669486650981,1.8480636035661533,0.2931673838532216,2.599205458878238,3.22270749332818,-4.336097396781304,-6.000634676037304,-4.112325134464212,8.091484945121895,-6.5829207748094305,1.3446895643735512,-9.675852879307577,6.049721373212758,-7.2916944156555275,3.5664203099112193,-1.9608046177539524,-1.928176232279494,0.017799740368570127,0.22820493967261513,-5.260548833586203,4.389126238253132,1.2549132161292107,-1.6991449353576584,-3.867844892893171,5.068812034312112,9.171761432720686,-5.18142807752783,9.885239409563471,8.30995548856653,8.34876762222995,6.342280331809203,-8.238095104490881,9.502828745790445,-0.20919163705458743,-5.089128936688296,-5.918218411159232,-3.538637719713382,6.2964114125253055,-9.022338104867254,4.7983001526419,-5.0047277406045865,1.955827316727845,6.4803147456566315,5.345120375811165,-1.9874178392791269,-9.97677997572691,9.414472203689922,2.221381696217442,0.3947872251128519,9.256444564268545,4.68770823642862,-4.542159615041925,-7.632017268321589,0.23236242204705349,-6.009994367270657,8.122842903246756,-3.946314414796028,2.3957130246806706,-5.629058640701386,6.382073455033545,-8.958423816766658,8.180339332127854,7.884187844715957,6.707994370333729,-1.5076850747742316,3.449877101734014,9.400300106669558,-5.6398825412787374,5.888317524991564,5.862552597138615,4.990891428607792,3.1565466118411063,8.388120529002844,-6.75875821425975,-5.5630559286312,4.645265120873788,-3.7406183563398336,-4.338074997091132,0.41591819454169254,5.000639081676717,-0.37909107603660885,9.281934684089876,-1.0855543523102735,4.512674767453149,4.759585674030262,-6.6453625648187975,7.5076338031920145,3.855486087750311,7.630964090734672,6.774466073402316,9.273767286524173,2.6863211481023814,-4.917945910809491,-5.231392103703629,1.988882387673641,7.951977812297507,-4.21512307414954,-9.877274116631662,5.75520870907887,4.692119987483723,4.676242407766967,6.255962648646452,7.605006621194761,1.3338054748451924,3.527559242352126,3.395643870959187,-7.727067384112576,-2.843532899828607,7.839788908444362,8.94320301156512,-1.8438002066686892,-3.2665602341152837,-3.234972804350722,8.701900162146536,-4.057318046100167,-6.01986721428549,-9.755006436352385,8.303539684511147,-1.9612993840217214,3.4399650182475696,-4.312503415836111,7.322840809839466,-3.728614150574203,5.098025834004826,-1.8320291986466941,-7.433345085009995,-0.7114699013980967,-1.2259788940443865,-5.666698031989794,-8.684867927397855,0.647542445167435,0.8959336703769001,2.8675417087309683,0.19443794437592388,-5.074278085695891,8.141520466369911,2.0198769322311083,-1.6083431657535137,-7.287971334527594,-2.5881595625975073,-4.236145828185387,-8.278818778200742,5.5251551734893205,-3.9094677061883214,4.023066856829441,5.888169417300746,1.1623889293313958,-1.2210259030889077,8.019117865651342,2.4356269258810457,3.834211058652585,-5.481833812579446,1.7187324670670705,0.04600221818829198,-6.5071348791861645,2.7087466224220265,8.010079457314212,2.1964175321013624,-1.518555334014044,7.673529619681656,-4.472794539651506,-9.127087564293932,-2.7777509607793256,-9.127534728822322,-5.2451472801516585,-4.989100426546251,5.198979609139169,-0.960158739690451,-1.4572327908500267,-9.606657760703188,2.0732807549795496,-1.796370309335341,-0.16955362747384584,7.908438598850765,2.0242137817953214,3.4961379844435747,4.567901271529609,2.5968331772741493,-4.163616900188565,-6.715963056468636,-4.66724097203659,-0.9349537885177526,-6.63937783264301,-7.127768540245805,9.669136082755081,-5.186856729531071,-6.81129826851544,-0.04451525849907512,-5.499671841718539,5.897640010594948,5.955758133766816,5.00357308000288,-5.6850700279877735,5.6289761289644495,-1.4882537644033853,-8.570317121812558,-3.1283689451484413,6.205398423326539,-8.069817102637469,0.9232195961758567,7.691977062104762,-4.131758843968463,-5.846220894269559,5.078319736312922,-4.15439822496581,-7.075218773499438,-9.030065412477278,-1.404775049914317,-1.6280202061455,-2.889690788835317,-1.3524321630496097,-8.85928160115406,-0.3955170702686761,5.323023990246112,-2.280191181815308,1.019919930963674,-1.2112867145273434,3.0912441144596983,9.735784211623326,-3.470338940073412,1.0147370158369142,-2.4616282685376945,-2.9762764558532018,-8.238171675197858,-1.3916710338083647,2.5057688779285456,4.250322505415511,-0.10459904394368635,9.6442828014777,-3.0886042949617227,-9.139400463304842,-9.091602762959617,7.583171878262856,-9.462939933462579,6.258086022902724,-6.361504074267494,8.641638819671815,-6.998040580419542,-0.8808401826064269,-7.850281655006073,-5.738847921380643,-9.888992583725955,-3.5780460446816864,-7.109089466268013,4.0946618894463445,-3.36406435259817,-3.174027844013989,-5.839287755070406,7.604118902865498,6.3436342583294625,3.077164011260569,5.004645567311659,3.9364138755594382,-5.36748260916397,0.9450205458864591,7.507947877922984,-9.793579660412234,-0.35257353015980186,-3.2000404014177075,-9.534250504174198,-2.1181686191091416,5.530234425022616,-8.067632526245704,0.238519025826049,-8.166044344169467,-2.59090356355207,-9.577075740166386,9.042334174522107,9.148874131577859,9.355082723688547,-3.230554117532966,3.429626752649453,2.796075251620442,4.355396633575374,3.5456859388798083,-5.6736478451714145,7.887105792265508,4.632998585504131,-8.290517087440586,-4.8288412059346575,-0.10010081966516182,-8.482851275348182,-4.159816883456839,9.519198156998446,1.6177176137699085,4.422641180486115,-6.433499369462581,-2.248260231468957,4.4543825684735125,6.411852901693262,-5.674283833914151,3.4506053161327905,-7.551624515949975,-9.41409965972378,5.536645117078718,7.516941649876639,0.7874367809052085,3.335999542484231,7.9032678502674365,-0.049741257563342245,9.480591625079395,0.9636008266150675,-8.339830124353886,-8.30735390917564,1.7758684563313576,6.037706771456996,-2.3361355608592387,9.960898547049652,-8.65099703166596,3.9936927571607335,3.3361554841876018,8.867346145839726,1.5792462249176946,0.3292064778514163,4.476972815357181,-1.2924505226195357,6.306278715368219,-8.516515556106295,5.7121934659584355,6.532855322674045,6.571219095215163,8.624271210805531,7.625229660947149,8.27149673826607,-2.1754537667587055,0.6837127220781785,-0.49044944219327036,-8.541252832637408,-5.219883077128593,-9.457762269232841,7.393557218980764,8.399519662599346,-7.225952765782495,7.89567436327053,-6.781835127491775,-8.595026030001291,-8.312611543239807,8.422638570574101,-8.304100256804771,-6.0256585929231,7.746052190971547,-7.245024295580751,-9.522105178502171,-1.3989844993709113,-5.151847473805065,0.715388112234125,4.341104084114431,-5.972471140022204,-4.338673815661201,4.474826040053646,-0.9135797928671341,1.3887619940314355,-7.156568595224629,8.881022908844091,8.597045731332944,0.9703814569451055,5.077885685293229,0.5199966001974232,-7.150704502522885,3.8492445572645,5.517912107308682,-7.500774941384081,1.6284450986623575,8.221109184119413,5.989016085943833,-5.7261866362786495,-1.8190433454672785,-6.14081249633305,-5.3925775286239634,6.519952552812327,-2.1312738779797247,-9.288850276110418,-7.658363009798334,-5.153850956416804,-4.480139094414232,7.963234862562139,5.339318503603323,9.483466037717477,1.6914949303657174,0.991098042508149,-6.793888200496672,-4.003584667362139,7.764932670407504,-8.687363785615199,-5.923401774194554,3.79702698527022,1.233470917914234,-2.208929625931983,4.04098551912913,-4.572434038584974,0.04101568345353357,3.7561322311485927,-7.390296453157763,1.473515347418461,-6.315688630024077,-6.299421655060488,-8.940136088265456,1.2608306710941193,2.274346572259727,2.1278396602656215,-6.5798215495940955,-5.567877190260484,4.111995545016269,-1.8545038342572262,4.900573857748174,-8.33530778390471,-7.992769808301583,3.0918197165364987,8.017759933772897,3.632620577613988,-9.344126044442781,-5.441547973057901,-0.03000760783761791,-8.411587009431003,0.8971386603017741,-2.5470096637846096,4.2126649603572766,-7.822724272829582,0.6697950687045982,7.650974694034602,7.877709898692938,-7.832548536742685,9.504880413303166,6.785875860777324,1.6374537917153056,9.193112281489064,9.26751791947671,8.766680489709842,3.2380679866878452,-6.280387429125103,2.7347081783431406,4.7625458517865695,7.021243278607447,3.9286010815884254,-4.616078896607934,4.234708184833673,-9.023987235971386,6.641519411637578,-2.107928971497472,5.060509480766907,-0.1841826331278149,-8.07106808360209,-8.64462328842496,-7.664359244866676,2.852544879151944,6.199483185354676,0.2706887410736023,5.9249106132991525,-3.9778016842586457,-5.812833024577415,-1.790674131768185,1.5885696399409088,-3.4338033177436404,-8.09832362927934,1.9800070286790845,1.9852440682914683,8.513893329584882,2.406731641828115,-8.310343534128418,-5.029431513383544,-4.458745970909536,1.4450869136508224,-9.056898932604572,4.947885086350119,-9.190504067685998,0.24670116490595007,-6.592965859572302,1.1624178950289838,-3.201247113407635,-8.079958390421957,-0.30082047787549904,6.585832168839843,-6.884889380926101,-3.042914946102373,4.601112046287,-1.2720936209402485,-8.666882649402542,-7.558501741859837,6.857297537002562,-4.321087462421119,6.192831521237842,-4.2323997028830185,-4.763635615510706,-5.367454033498003,0.004898855300554672,-4.494069577904558,2.784192599725028,0.1205574689882205,6.784406910890532,2.1819781661734776,-3.3126507012926876,-2.164841821138122,2.563435580554245,8.228307053770521,3.02341646185063,6.709926960503335,5.981007693474531,8.489338923307855,-3.195403790200892,1.3743491377850034,-9.786075318038334,6.028838703687619,-8.301011258094142,-9.443731066496868,-4.751931830623864,8.311124519133191,1.0816206535972128,0.009320893117246598,-2.3344678931129454,0.2808447485255847,7.482494904295301,-5.077348820168719,-6.569351174684015,9.885101555600645,-7.114305942909902,5.403850938938184,4.913538034364823,-3.9297805586250405,-9.388729212366105,7.230889150510798,-9.313268907127423,-5.910664011242785,0.7199270605991259,-9.676509636872094,-1.9134434561317128,-5.569725222285136,1.2986995761100832,-7.966059609065422,3.306618716995576,-1.460155532074623,-4.45682985850077,9.675610411041585,1.292139609728375,2.4420353117767224,8.773643191319657,-7.648919539306831,8.119359430843563,-9.30733436800512,-9.679966017018591,-2.055528061175636,4.39540461048642,6.909117872187455,3.0663521444512565,-4.151726305853709,0.9829442367443058,4.8555586860071624,-1.325082985487093,9.87027092618505,-7.483284075516206,4.552001890206721,4.441959747732227,-9.352427090191446,8.006272825289138,-5.619571813138702,-0.6892937349633605,-6.796537752416003,-7.9089759996409,-5.184995864344197,-0.8250618028845143,5.800460429473304,6.736125280424904,-4.123396113953682,2.603271385981053,3.960426230892775,-6.857116901556091,-0.5641406985460602,8.455810990455891,2.3195430130419297,2.226649767346675,3.929396838458226,-8.399159231283262,2.789621457350629,-9.348913908225434,3.0409820740852247,-6.27605966601182,-1.67319463823425,0.06481292636274283,-1.6729712799705876,-2.124274336226735,2.016695807352459,-9.185901811311245,6.723125027791351,-4.591736708387013,-8.149017861953654,-3.3817769763339527,5.819495117262541,0.1578715002333162,-7.431748821156368,0.4186976999884635,-4.995839903966093,2.3849690755395603,8.317821088165196,2.3823280660172834,8.34039639341016,-5.154483631874596,8.137703349705415,1.4788908654150195,-3.1852604446696464,4.166304934200266,-0.02688447010744177,9.47808464795309,6.260725830696806,-5.790224455421608,5.03193894690229,6.765077514934134,2.108503266623865,6.625816241771588,0.40215315961760467,2.666019931834514,-4.745855004070824,-2.805420754632939,-5.219083811329595,-8.826045574145969,8.292388156888212,-7.802734899782777,7.086311303623358,-3.512970278790755,-3.0949933548226323,-3.301771365463793,-2.7246778544120387,4.572238399912505,-4.1576356872256115,-9.388874119378382,-8.221245282714042,3.5147284600892448,-1.3221673980881743,4.389211012049028,4.587886650099048,9.80179629041957,-9.973504327785962,-1.2125346632174292,-1.4043185125049877,8.007184811638503,9.133575759689407,3.2433326728546916,4.784981255055964,-7.624715642813829,1.881054726954435,3.3402041177865627,-0.7457513599577208,3.824169364825984,8.309258128246043,4.269045077774127,-6.888062766571263,5.372042859881736,-6.3260042051809195,6.949934153802634,-1.7151404365024483,9.177146491328937,7.983109281376034,6.544821778257493,3.849141415705219,-5.33835953242749,-0.18471994256947966,-6.647783724125754,2.880225731362051,-3.694732323133283,8.788815397014929,5.881315380432108,-0.3338940764289777,-0.6153510076191928,-0.9662697847556618,-6.884558488704913,-8.847238150522056,1.5770134175248316,3.978399346972406,7.104790982204268,6.498617736830717,1.2993990491381684,-6.951748910164444,-7.703949839627611,-0.19021140888011878,5.832240328036939,-7.912687654644978,-8.690989036215715,-3.0606522617411276,-0.4266800067216341,-2.9491897980312087,-9.850023022977332,3.290746144844107,8.368174193017154,6.510831715537723,-7.968377264373316,-2.533367542157654,-6.17781997911067,-3.836407087779765,-8.249686814020805,-6.655983186771572,-6.711631059414389,-8.074902296922382,-1.67533623364079,-9.438878498857859,7.959353223605142,4.087246954929782,2.687914130600957,5.389050396320972,2.083055545918091,-2.3906129330451353,-7.623216393531587,-0.2990249583572293,-4.444864809555764,-2.1008449276224113,-7.060520189546267,1.8940000557319614,-4.221922498309201,7.094195028579385,7.752183625774165,-8.745647553610587,3.1836348617469508,2.45603650533692,-1.0805415202699749,7.085896122526169,8.496262479860704,3.4680110998652474,-9.844203579371062,-8.281421205169057,-3.2964351729836006,3.925227066462533,-6.6481887036363325,1.3809138606014155,1.9592347071724259,5.52248259830607,-8.53950786961045,1.6430761800396692,-8.923791580365588,-5.277597277893335,0.69787257866607,0.9724526667267348,0.5288478094371225,5.9218529879881405,-4.334836142020359,-7.771648194961324,4.20978805101219,2.138698095807147,-8.07305414280419,4.34448103836209,2.1852906255035958,8.095412341888078,0.7871108173566341,-7.675277136743011,-5.521393763302314,8.766921176432579,4.435133248079959,-1.9053250883645063,-8.038213272742382,5.29020775240607,-5.077101300602331,7.588004983123067,-2.669558581793323,-2.319241027268662,2.101167540646369,-6.793943506030919,-3.810316081179044,-6.511829573999908,-3.159108299613038,9.854248798164605,5.794590276548677,-1.1612072382453125,8.026677232501306,-4.644309256239052,-5.952368322766899,5.436716218164182,1.3673890253725638,6.001412907703269,1.140644056922131,1.1652181538064532,0.9006573273573633,0.7572936051536736,2.545721304469314,-5.232052107341934,8.026689929391072,5.367638145692922,4.503903135513621,-4.63704993820542,-4.40803332526391,6.366915079441316,9.245414546487854,9.04814653392847,4.023976696922247,1.5639345626252048,2.8621523195076914,1.7360014920795113,0.3927095463924779,-6.067079509182022,-1.4335336208282623,6.097230825379299,-0.19961632511454752,7.480348195174713,5.316983642858384,-3.9332384872372828,2.050150771760727,9.110745827012543,-1.5526461213515077,4.976626045662783,9.46679909246296,5.691838036351127,-6.561921923024709,7.978422829244195,6.396728557496424,3.787870858346283,6.619860457783556,-2.4631770253339536,-3.304107925578328,5.357960759824893,-4.67817341914669,-7.675128421002824,1.0840284407230172,-0.02012881601517691,2.576498501725448,-6.033121306387283,-7.458850328481144,3.821067320070661,-9.066481161001235,6.041620329980301,1.223716913282388,6.377324447866037,-2.718996751217155,-0.8766359391649292,-0.9640486117335474,5.460165316641756,6.434846759116105,8.146520420913145,-6.668242193608263,8.566141173453943,-9.923003038603229,3.133057924359491,3.8248433682335143,3.514001152985635,6.640355869656446,-0.8186302513843771,7.229179565124607,-2.2528917850727375,6.880011236231024,-5.512978442158554,-9.91070079694956,-5.544426246020815,-2.724662750860613,7.771473969150048,-1.9985670126017432,2.330434028555093,-4.103831098328319,-2.1903335786792777,0.1688140292275886,8.6010176092014,-9.337268026199359,2.9260923482132704,-2.242187264628357,0.8257230731339291,7.812732432698244,8.513538345672082,-7.247133869074631,-9.83612195518263,-4.8726484174866735,8.043784074770926,2.3293168323059987,8.615851569571817,5.019074128354413,4.011197232029033,-4.450869913554072,-7.6889136374099065,5.172369840688802,-0.1013926432148402,9.811520933697302,2.4871965001807226,-7.666746708298183,-4.660933347978116,-2.738888251595954,6.147549530394205,5.137521009198412,6.118255207520061,2.329174471991589,-5.546358230402689,6.774819352884354,7.094077003833565,0.7336418038741694,2.7573614305389853,1.047175408727675,-0.4034421810662163,-4.600637460428865,4.933618359367296,8.957811121639871,-9.593097266198825,-2.8026317431161445,8.609214612594617,-8.915400073952533,-9.983826741301698,8.07027751924792,-6.9802347723782425,-3.789526293597973,-6.948315098238624,-9.627092872143049,6.946828014712317,4.18649913277228,-1.7028541101175634,4.8280901485252965,-3.7330822357816373,-3.4398134390224566,-5.751939210683381,-7.506018264090919,7.843884410353976,4.379364926565117,9.350463883826844,-8.986146540083999,8.365028066684552,6.088318611910857,-6.141154490284199,0.03446120933555896,-5.087931090382895,-3.780437837857855,3.038615541601743,3.7427979648795286,4.372381144072563,3.34051589533553,-2.527532393982246,-5.293267644064907,3.629462295190109,8.225595295514875,-6.221766024814848,8.305269370774539,0.9165140531771865,1.712053151294457,-3.1971244971885575,0.7306227283691875,-6.903033892553658,-7.068307301518262,-6.796267897760027,3.0646060450908195,-4.246116367274881,6.851615803510146,6.557857788775898,3.8635739972911765,-0.5793575687934975,-1.4878484592713583,-4.380946351093358,-3.042682194912034,0.724413282519329,7.19951422119788,-4.796130500118343,7.11058421311823,-1.3552156586837683,-9.237641966060883,-0.8438123132593454,1.2232828362217862,9.753403407618734,1.4359262689082914,-9.637606324198067,-8.25444653722888,-2.8378357513465913,7.906810932598713,0.39479255911711064,8.317977434612605,-2.5395682646743634,5.701865245943399,-7.741247239128615,-5.6124810766973425,-4.0611466567199255,5.728480215244904,-7.456349571925475,-8.8267616820929,8.582129613676688,7.950315054718164,5.263480954060867,-0.5882885756341967,-8.942512735071482,-8.610297914953309,-9.14421126805806,5.141496343696277,-2.888264400408522,8.02426888554481,6.66304183699755,-4.248382246988179,-8.172549310901328,-2.055951311615864,7.302688016484929,6.670903615606981,-7.197905450236421,-0.6822068629537874,5.402728287936583,-3.7130933295753703,-8.877834292546147,5.253463374195697,-8.87999561409246,-0.09960901753602514,1.5025929532179116,8.936803196239925,-5.057097688756378,-6.76370187445764,-2.2745117660835845,-6.881729848819996,9.963740489877772,1.4426472859324218,7.315167062393744,-7.5647093594520065,-1.012878948405616,-4.122522240693454,8.063594782336661,9.645160541018715,1.7271796010929652,-7.765667666724476,-5.9019832400019245,-3.8557345830257406,4.535935558304569,3.9907750061868956,-6.368688810481924,-5.781370760656097,-1.8634383378438262,-7.196189123402956,-4.457765080635456,-7.232988099157063,9.252839102427583,8.098354351405305,1.6035499282901853,7.1488005775155266,0.7314409967668283,6.323955180665298,-2.0610437355848905,-7.141705881751168,-4.795916547641365,-8.491245960794831,-2.9768428284567916,9.183618966363603,0.5360136239305096,7.446327716951767,6.121760989101645,-7.911722948186235,7.966492842051117,-4.0065015517165055,7.048414252474281,-6.91807404565991,8.516231467564271,-2.2848897510135053,-6.5140536094094825,3.9001734457554527,4.198052279856821,-2.394616190406187,0.5311603346663425,-1.8691185950898586,-8.608809401960686,-3.573878281416003,-7.484671338937872,-8.248891247043954,0.5045343990169506,-0.7234349924138765,5.360320759877554,1.4261894012108751,-3.607058972768204,-3.4857831031902453,-5.86090999563374,1.9194550156840435,0.6163061766827518,6.635423953799286,9.162216840272993,-6.877506625999756,-5.315850541972493,-5.656748769754955,2.139591847003226,6.414557669327628,5.154814192485349,-7.720444259459491,3.465462940562789,-8.187064409863606,-8.164854865513542,0.11403564126363364,-7.808667457422198,5.647118646392206,-6.846129979165305,-2.69860035050979,-5.575021674401423,1.7379323354321468,1.6450548123257658,-6.1425655351873125,7.756255795216809,9.567732934992708,-9.515221975040012,-4.420596290184669,-6.603776701198074,-3.080512782342031,-4.20585269879793,9.398048008907047,0.12394697188229031,6.803759630438513,0.43391632867908925,4.11432872667325,-5.697010280028518,-4.425339410943046,5.138352982521781,-8.527712667106211,8.535676016061792,-0.9163575013281999,1.8871864467213388,6.1989884470082295,7.038711914116227,-0.19203503576229863,6.894701847739604,4.7331440333265,-0.4191073749700909,-6.703230376210181,5.418040915701033,-1.2904883915992986,8.973446904864804,4.719257335745468,0.6580603586744775,-7.992746070676342,9.787624935402249,1.1020471485325736,-7.537300046140603,-8.800769477748524,7.520211189680484,-5.3115881435752925,-6.731465877908384,0.7509440008796382,-4.140155291394114,-2.9078365923817984,7.115313427581821,6.431432930085386,-1.0561907271023792,-7.226956397112381,-2.4626473471650856,8.915644545601364,7.435983097563113,-0.5252993920226139,0.28157822490286044,5.004896137171425,3.4868346155398733,-6.157429698834416,6.074417188093786,-4.181799847426088,7.7537231452651625,8.714443890136419,6.350592548398943,8.347086559635528,9.559165825087824,6.8561018808667775,2.1332726530240578,-1.8029209485852107,8.506795479667069,-2.947261355388071,9.81332176037516,-7.92503297613189,-8.832182712764583,-1.656502571693343,3.8324477582199243,3.9299993025511313,-6.666762557933326,6.128465369643077,-9.427452901633979,-3.386658783924579,-1.1567937091342628,5.708093355552821,6.299569822510268,-3.6520928107561534,7.556422669037119,9.392344252284765,7.847483990949847,-5.012341295764036,-8.54630326104125,-6.987245034695007,-3.687711899808985,-8.368436220840982,4.640056419991616,-1.572648172169938,-0.47437649112382374,-0.9760586429616307,-2.6859139834496677,8.992870283516105,1.149235071070411,-1.9482117553951461,4.225170119622085,1.6059645062154324,0.3911775554607324,-1.4057265180598666,1.7658237735575018,7.3068064101367725,-4.870444513685217,-5.249627037516243,-4.851040414016971,-6.0878344998923195,6.905308976660571,7.319159257393071,-0.7888589473229697,5.51246630650361,7.302155530385562,-5.756201093038394,0.5215190554206828,5.933501055526181,6.544959976306096,-1.716264142216577,1.802639156011562,-5.4244490957701474,-3.741820878304707,2.642286920628232,9.765150833250647,-7.354775500720956,6.904103113693111,-1.4847922047237976,-4.416503719545492,-2.413715414356603,2.0048927196412354,-2.0912381256847867,3.374383167813722,-0.4546227222450039,0.28240390283904837,-4.195207959765048,3.8812392763052994,0.7115557102830792,2.7603887273035355,-2.9021977453059993,-9.503314546109552,0.10762617458660273,-8.532371532780953,5.089669672653725,4.047298230732148,9.748054751925693,-0.6372996437833756,3.776925591511757,-1.1590923338701113,-6.988245314420141,3.9963353364591185,4.359029340074416,3.5584593737802077,3.60129670514568,-7.529199329552059,-9.412689109126628,-6.984229847903456,-4.022072600148774,-6.365336953144746,2.3285569859858697,9.67974702658223,-4.427596970812191,-8.43769869958175,5.2153166060397265,1.8365258682099004,-6.873974343854881,6.3414451056578365,3.8985146139688744,8.570458256815062,0.8024395599634389,7.863163287969677,-3.3591482639830623,0.08769505172785408,-7.773919976470152,-7.337536059313663,0.5757196044011472,-6.141018514537421,7.625689176238822,-4.783065968112314,3.89591781212906,-6.027358466112411,-9.145222366446148,5.903098778138627,8.83476251591097,1.975486473323416,-7.526454126494602,3.902628312579319,-0.5822668831502398,-6.407182584178626,-7.176244383822765,-2.5349471363773457,2.433117584836072,6.280382024030889,-3.371368961938841,-7.164662519626413,9.292937657795566,0.5625784967687579,-1.5678935356442754,-8.665350908500137,6.216067956232493,3.3183192264746015,-1.640909402214934,-7.158780090683385,-4.559270918233129,-5.3285822820802675,-4.871623970638186,-1.7873819445861745,5.498871906233314,9.964976178406605,8.70238909900679,3.2343361895720903,5.202680646568403,7.711168397351379,-7.877727843401596,5.258848862355922,2.049379161125337,7.184402468308363,6.329116746818766,-4.383823946392549,-2.3133005671274454,7.954626490808803,2.4019894869287235,-2.0160195080197107,-3.9218441240940827,-2.1003179417060114,1.8352527652108996,1.4175883380545002,-7.532058506980588,0.1243846847169916,3.781887224738865,4.161221717967841,-4.034302593105039,0.07809122604961871,-3.864944648536099,-2.2150103922385522,6.51940853537479,-9.35182497502902,-6.685572891988921,9.970791678826558,-4.835981618106954,2.6082287879777315,5.239175575516091,3.7729026618355004,-3.8913916990676434,-2.836450689404826,2.0491845999829383,8.881160989449086,-0.7135145583622453,3.285185541835059,7.813770055347597,-1.5817892128348348,-2.3487402901249244,1.3348986440478665,-2.930078446431943,-1.8920317591175557,3.4919964422548517,8.328548357779429,-2.2126696514368582,1.9151752607886312,-3.934009611106239,9.295475543150758,-3.7339941401340493,-7.258966724313898,-4.23509258905411,9.453263537589201,5.782645608408641,0.31886363550454,1.4563405239380103,-2.1950439438124985,6.953518683556112,-7.59790469849928,7.867886444682586,-7.132842454525878,-0.9878303308826801,-5.4831187924073905,2.4812660632591292,-1.7664690865072323,-7.177902492067019,7.966729567847224,6.244029036744887,3.2256803066564625,-2.4202553356684238,-8.470146568473233,7.645971131910386,1.9617647381166456,-2.6444595689607446,2.620791926095647,-2.024033662244868,-2.5992070351842873,-1.3677226135418774,8.452280192542151,-9.994380621607814,9.606898307134436,6.497963473505639,0.386073686030457,4.543521778956524,3.8126688541538236,-6.1742445307770355,9.741879212922989,-0.3099003720380207,6.784086209703297,8.14399983441761,9.322131976776085,5.84846013707317,6.3981902659384495,9.901850965968329,3.985877116811764,2.552543257542796,-3.3191099551666126,6.242657530828396,-1.5275535045836452,1.4105076741783424,-7.475634554397339,-5.411307325735175,-1.6013542931230784,7.023358274070617,7.991954316694471,-2.7671505328365065,9.97604490332889,-1.9941130770387971,6.271179975136597,1.9667489459394716,6.742020317712903,8.73999881114382,-2.401402664100651,8.135202158359256,-4.792587813377138,-7.936072493341586,1.0559651492494897,7.255574967672906,6.887269582544306,-4.701260917262138,1.251591660533503,0.8516741813250643,-9.481509218714814,-3.8318844899787363,-2.1751318133449367,3.6534117843886893,-3.4217307366625827,3.943292032175158,-2.112297517888706,8.32929238857842,7.920239681870466,6.989241828363227,-1.3884197431129213,-0.839741280340828,3.0717937707818557,-3.3669757521975274,-6.334479726742321,-7.6793485726497135,5.297196417708074,-3.228119301299399,-0.5584254512966531,5.932429641152622,4.801085792792936,5.1204542883030335,6.763191504414724,-9.11364539896477,2.7009633698171047,2.9889813571590818,8.845309787464188,0.8015898084220101,8.470411117883344,-0.7249705004362674,-6.424335603506368,4.673483644228899,-2.6452975236181153,-7.372834207303034,9.917228986745613,-2.824236300939223,-4.683589266833632,4.450144259294149,4.710077343526205,5.576331814486883,2.941735747392972,6.593296210109592,3.9170786586042716,-0.6208901846647059,5.105529179989583,-5.218425226554428,4.310951438282135,4.489259226304599,-9.62245946621559,6.247187438036967,-0.7734986861862616,8.579963972151422,5.888987291334152,-1.1878629657755582,1.1565705500689827,8.36630488333551,-8.640584465569328,-1.926566534851947,8.980575278171273,3.2346692430110053,9.428544254294433,-8.097286770931314,-2.3057014217822713,-1.1854538371412104,-8.463400672707193,-8.011286440812338,0.46940832453179304,-8.35882562877822,-0.19935173930132954,1.1383367931208621,-8.288466583980332,-1.2878148409600687,8.151887234194717,4.573905108611617,3.2998107675671378,0.8749009925149025,-0.05457065171864883,6.092472946171128,1.6291876263423042,-8.434776241133859,0.6940897584278272,-7.901663498977656,6.227914773275472,-3.0374569977736794,0.2547035187291584,4.25874073448284,-4.623324718819626,-3.969463733822039,-1.6391860125475581,-7.51927544217136,-5.155294092352614,-8.891623573282374,3.250693367355593,2.1096370802800593,7.489178895244045,8.093506693670758,1.2193898290019298,-6.023002906781711,-0.07318911531646499,-5.3369567222363345,1.7307595218552745,-7.706198348514581,-6.859225753511531,-8.586074062948226,-2.0641272654930525,-7.851726367128227,0.854399360788884,-0.3376880350021665,9.244160232085854,1.8158265102599032,7.008559160654265,-5.782340964900072,3.6004856093325017,6.746126033071317,-6.244668516236143,-6.82816826036156,-7.755424303408418,-6.20477524149784,-7.133578435085235,1.7655135416694296,7.959250014938512,7.834614022787097,3.0633475068852825,-3.961894701142727,-1.9807566541669495,-2.920772335481823,-6.816297740551523,-3.157300956636247,3.574438327566874,-4.1018659459396805,-0.027551851375973158,-8.13152885203229,8.525253578927018,-7.463149721732276,2.0907562260410764,-7.439784444354414,-1.887443232304566,-7.507318396979315,-0.7533777992742827,-6.953396730851891,1.6452574040216241,3.6465859828236606,-8.965606425249455,-0.7563222970541172,-5.082118160464228,0.11868416277825489,4.731190028818244,-6.764061371675439,0.26261909801287686,9.400226312812219,0.41465635490368236,-1.835418492064429,-7.009496025713052,5.766858844324776,-1.596429681393829,-4.9060890195997935,-2.484172829709676,5.429017923094248,4.315827036956836,8.624657529640952,-7.292649216719629,2.317479408942704,-2.1919595458914394,6.43095402994722,3.787817031416756,-2.0211994947626604,5.742939094843802,-2.650459927726601,-0.5446396953096571,-2.6366142674026154,9.358924419288947,9.632046755664469,1.9721793167511148,0.9193873842197924,6.506372654972669,-0.9799006806843593,-5.771183151693462,-3.40814770327391,6.8061291441709635,-3.8148585902251746,-7.508493085903063,9.94566860008931,8.925001078948888,-9.421066531719438,5.748620269550832,-3.848177109279032,1.4279149955613253,-8.97217616250475,-4.99405695533561,5.0986899682655125,-7.397583486890822,0.27777034748075025,2.4454676211758013,-6.191725355204653,-2.464857469358086,-8.564935740509458,-0.3135406379802568,-3.7238754317079774,-3.9427478166883967,-4.09325684312557,-8.505205421900229,3.955157241454504,-2.3655068394918333,-7.069309158721522,6.162527718687407,5.3444276771766255,-4.971550754502938,5.945478481641963,-8.180543051937136,-0.8919434593194335,-4.052313436978978,7.268474610303045,2.566100537665843,5.907050006079544,5.860309065199061,-5.795193646708756,1.5952251381548859,-1.1433479261764212,4.988912384812497,-7.204048291691318,9.837307729743156,-2.3434279618200744,4.822731872604022,-3.1324561000180617,7.68790533993926,2.0428429787576405,1.683242480249632,7.655069383587442,-6.415524664109437,-9.654341660240913,-8.831814913049767,1.5441727867345083,-8.989111701035007,2.3578522322882556,0.6904469871407279,-0.7601132960729089,1.0038786842114877,-5.02742239610209,1.4832175113908281,-2.366594798051791,-4.2692127717035095,1.3957545456684137,3.450255449758199,-5.97507059906442,5.651451747670137,-7.2043584354208985,7.5553248300015525,1.8724297933152467,-2.72771490146612,-8.674355682739916,3.460671689563,1.1477482648889392,0.2525820852221585,-3.3455462420150344,6.718947942137806,1.7614107661050333,-0.13162694357405869,7.084574777877464,9.994827621098253,6.9539323209900346,9.36853520068301,-2.269218664589432,6.662718689570983,0.9836340981271281,-9.438297385514202,-6.532534990219235,-2.262741820816297,-4.223393913294635,5.382493454442427,4.944849017118134,-7.455031780390435,5.358778839069544,2.9500850191365267,-3.903616439758646,6.512098298415225,-9.289162690215427,-6.010734199501786,8.498317631336029,4.615283204895956,0.6107522701491863,6.670390333289436,-7.485494784600322,-6.014741722708241,-1.7612454115717178,8.062002081338925,5.201326182968945,4.227546711376389,-1.1587042314369747,-6.828743227068895,-7.5211049593387465,-5.8224076563285205,-6.574596599389562,6.629473935251859,-9.49663674912516,-0.5844488065592017,-2.669862419862625,8.394922027042846,5.07553234795277,8.458658696838903,-7.263213534357629,9.520378877029735,-9.705146143852588,-4.998964646929407,4.971459640046623,2.3970580423518033,-6.535114243045832,6.731035442507281,-6.030238644512364,-8.229109798966833,-0.5729870755942823,2.505089559948008,7.766841326663496,2.232423356864553,0.34924904018324376,3.1463932714682574,-5.879957990793788,3.877797955530049,-9.491702340678597,3.977497471046787,-8.21905960773142,-6.272231419520262,-9.504336776349042,-8.920214341185911,3.7078699625629863,8.88073250314482,-8.594285952503958,-4.516134738123254,-1.7799221782665153,-5.748553385359614,0.6221156066023426,-6.198100580124959,-5.394655437118718,8.848997729313993,0.04694884927472742,-1.6847627561357381,6.076369103929277,6.914136047788915,5.765894355881926,9.232912833154664,0.0562379594400646,0.2972537817538594,1.825039553856925,7.289720082850927,-2.8260904928487367,-0.7062742919281835,4.349648302005784,-0.4890845196877116,9.182873041455093,1.272948836272537,8.897669175979456,3.7399327744860695,-9.567859784077008,-7.35678827414292,-2.6372208286976946,-9.049629086806437,-4.456403072986392,-4.243522157789366,-2.6707672081947953,-1.9812509757922605,-7.276164356621284,7.528130137492081,-1.1049663617675165,3.470924410461757,-8.34910342778729,-7.302256534212432,-4.550371398996466,7.006325590895095,0.6342988383362425,7.730579885175736,-9.718620092125123,-5.036321627782431,-7.402290860196727,0.12941242674804165,1.5673373051734316,-3.8799435380712533,0.21916260365706108,-9.099309684574772,1.1699312119523775,3.8398057200162317,7.450322058679927,-6.732178843375351,-9.582526507404022,-4.026542887375138,0.9822188511624788,-7.214339838564603,-0.6670773416564639,-1.4305799845642397,-7.175673794172226,-0.5862337203012551,-8.251119954860322,-2.0811929539074274,-3.2559212947546667,-0.34871229553725946,-6.93594056889043,-0.7026490007202248,-4.770290021689593,-2.135743409905513,-7.411592921114272,-1.949317092268359,3.2217195711727236,9.942545021842474,-8.537140646949343,8.276287170615461,6.159354103463912,5.190457650309284,6.724005148620577,3.903702091874857,8.70289112514601,7.2431785548483205,-9.228059121251459,-8.953683068554481,-2.066415807956461,8.8728755017667,-2.23981504591716,4.918512037939228,4.312612987503293,5.122926676180876,0.5018491082784351,-0.02863742874331976,-7.150416470783211,2.952882385471277,-9.69630144830574,3.512964676185957,7.2904001979028195,9.719668697505142,-0.4225286975168707,-0.03303160586339793,-4.581855935394012,-8.453472078892661,-7.424683772028318,-4.054055365997322,7.68198385448267,0.1484446118852052,9.607652637611071,-0.7933585479808176,-1.9968821921700748,-7.3494423486515075,-4.318915237072494,-2.589080250920781,-3.2906415034619396,-5.153505850200089,-7.176227268921966,-7.778204609050789,7.687045370146649,8.25566245474317,3.460980099458661,-5.166138209796496,-7.1479417365731335,3.0905818120828688,4.454990022753105,-7.429770935685558,-7.543681984316287,4.690273942604451,1.3618647560101937,8.358818496519277,6.406021760451907,-1.608113656890339,-1.7433920948701438,0.43408132841716807,7.876067402391449,9.157419770403308,-6.071236538159733,-0.34580746835986,-8.11187760788441,8.755415586019804,8.18050644330076,-1.9328736542394527,3.2501777575156243,-8.358015484141571,9.056129806018426,8.041524508627962,0.17058619057384483,-8.379606269590825,8.341392821530114,-8.334535891219275,8.155960342694957,8.809028739641356,-9.872215699231049,-4.935694693247621,-6.905044745847833,-1.0421799640164515,7.40197625769629,-1.621684561491488,1.2226830905926267,-3.8325411209566917,-1.0941680441470218,-4.151361461335375,-9.791494323730678,0.7521630234086434,-9.563056284626404,1.5812408034472298,-3.6585648296805617,5.525992390334938,-3.584479518751225,0.38515962639669965,-5.674084513033577,3.755004605555561,-1.1908432077687756,-1.2353713999595595,-4.551962357819024,-6.5395684425109035,-5.673731219499729,5.887495411385395,-0.05813554197981752,-7.337801255255895,6.788175791510412,-1.6586547619041134,0.4988196668056588,-7.886607856429042,-6.395693291275284,4.83933821353178,1.3229944459941905,-2.5556993558371532,9.160756159045754,-4.192697336950147,8.618383193542488,8.241301486061193,0.28171961951395197,6.945490620547474,7.774622005416834,6.49127305777278,-5.890790536098491,-9.270032850061774,-5.986665058168081,0.30134822682659745,4.955824943339133,8.373555398253359,-8.635243964137336,-9.163397186721634,0.4964856545443386,2.6754344259794003,5.372511100164399,-6.219844780805264,5.176764241853142,5.291599284839615,-0.6472342929387747,4.677701001296118,6.9410862583227555,-5.426397230444073,-9.326046058127153,9.308728373622689,8.794211219064952,-1.6399403969604336,-4.55377471555547,-4.010498990952078,1.1434376044357482,-0.17245865133123495,6.899634303719996,6.084476638399863,-6.843656220782865,-1.273939317626807,3.20444059509715,8.215891019513833,-2.7638872599973263,5.810269180451591,1.1518070067966448,8.1758412469149,7.482198740481717,-6.742616672256094,-7.875638707458041,2.2240628385161703,2.38026716856465,-1.3773692767410584,-3.3853441315896156,-6.470882106952718,9.187780972442454,8.551358055486165,2.8511973229215464,3.350303235490683,-5.287872527297197,6.704116974595578,-6.066606033242696,-7.859714916492333,-7.914100882503218,-0.5898543941410495,-2.586538982702513,7.491034978510211,6.728710806688014,7.974144114092802,-2.368924683811475,-5.099310841712342,6.655023927955778,2.207743637222899,7.230281200948671,2.4817963357063846,1.4546767485132008,-6.61286569871441,-8.31945076919153,7.222795258349368,7.809072608920346,-1.5521502444391722,6.464150104678062,2.794410295519336,-3.340834498631679,-9.080167239609171,8.484248504451301,5.313941213408635,8.147424519536724,-5.796787661588394,5.321083850892073,3.6321044501034,3.7120816226996,6.452225653750222,3.3652227530433514,3.027538678586094,-1.7544083288770125,2.2930284973454196,4.379564370000663,9.027232889124043,7.943475924625638,0.9851028060891576,-4.1113944466791725,-3.7199833142318672,6.863373298373762,2.936824161543539,6.882862814709721,-8.968665161082821,-7.044976630819228,5.093954378797122,-9.243980468699824,9.786385026675703,-7.2066120652590175,-4.572194604808688,2.0583513972691847,0.1386884053109938,3.794247273233566,9.962374008815686,-8.2749233656452,3.163684195605869,-0.3338539532945255,0.30181577336633225,6.35141705650733,-0.17368495633388115,-5.382130055619183,6.741380359811963,5.495402492818393,-1.3164775656306666,-1.7902989476656561,5.228323321982087,4.630850606534127,-1.2552441630056563,-0.6575719840512413,-7.208036583385455,-8.099470476420942,-1.01435213169038,-8.724184486001004,-7.850235615766705,-2.710616827811851,-8.281590092462597,6.126886522444444,-1.160230264229554,0.6427008403469792,7.376497118512017,2.1522541682814182,-2.793456441822295,-3.73984783659711,-0.7498212684127008,-6.040032221858445,4.992590725392681,4.478246126004086,1.8129803477424318,2.225886042005186,6.784093407906262,4.536132307784884,-6.741971854155588,-9.750133179034716,-5.736731620387092,-9.197079655225696,-5.409113987688324,-5.969546068105885,-7.555458540018196,-2.5181314152389493,2.5151342632622846,9.92567703471099,3.9028175955874786,-5.512658608717627,-6.438264381910026,3.658875982395662,3.6730409895708522,-4.533670825312739,-3.527717529678065,-5.163202465208199,-0.47237013430131825,-7.943028092346182,-4.344596561086814,5.317944698166761,-6.959424130900831,7.123450897738557,-1.525382151007035,-9.735329204430796,-6.676388351656479,-7.311874675299812,-2.10911884863612,-1.63237230479446,-8.186462276532733,4.0417021076382795,-9.371750009799161,3.3711265399707084,2.8148073100725757,1.7919482733323981,8.724187435925757,6.4728994444656145,-9.619921205267604,7.796366623455619,-2.496168424193625,-9.109634376778796,-4.418641417167384,6.2542606982392215,-8.254258315591215,1.218472775344857,5.076772409916195,4.405832769259677,3.6176241092535086,5.32943191215419,1.563538487025074,-5.906990902249232,-7.295100018880167,0.5715369504253776,2.024876913927912,7.925781359489452,1.497647404921059,-8.43896530201538,6.682859369866264,-8.924915034490464,-6.411023200868671,6.0551995952562585,-4.641219156645069,5.042380638448671,-7.4779129546797085,-5.64333634273156,-1.1812563942339533,8.349108705221937,-0.9231244262810545,-8.121834427168418,1.521455261980762,-3.7513154005766474,-6.1548027457503025,-6.037161122070909,-2.691995395671878,4.000094759126512,2.948800288371338,1.944921705235478,-5.042704722201381,-9.535950277060603,-9.131154258172522,5.336770674376988,-5.099816086525248,-1.3190601148393295,-1.6749519331258593,8.410111419308574,-3.8255402141545503,5.845670469194797,2.393324166319813,1.3402566426183569,3.351837030571751,8.063258429527153,-3.357192832669562,1.1041898560208256,1.685834697909037,-8.478982516776714,1.4495015569623266,-0.36287205816774915,-5.23630628746925,6.868056342862271,5.317544906880137,7.36597418152963,-2.5603287148399207,-3.6444744724739504,-9.61987992045374,8.090376488321706,-8.572381650814089,3.2437816902469727,9.565869458194275,-2.8083559249188657,-4.333884648569932,-0.5782400750828369,-1.4248564635980117,4.739340937200261,6.327796026670871,8.831548390308715,-4.783495582754915,-2.256550723301036,-6.63738302143334,2.7381461686263027,7.406184217112589,-8.509488945136518,-1.7887985121758874,0.11457414406654465,8.08184092405596,1.5280938819574175,3.0669180037211685,-2.7362264129591747,-0.7917378563244242,-5.573691845080855,2.362555385889779,-4.333199571649285,5.423196754585003,8.236258299661017,-8.649219088267575,-8.570415662357023,-0.7796407536339238,-2.1183833562561727,9.378439630268396,-6.489505058515257,8.776201182183062,-1.7892845778807356,-7.69626666448354,5.050571390005718,-2.679746820972337,-3.8364372419007653,-1.402616915749249,-0.5854129372676802,-7.386672742202842,-6.164855303677081,-7.050015321306409,-5.540685259224791,9.04431645856468,-9.451021180112523,7.1497975425711076,-8.633124665268655,-6.472033372477377,-9.050590603809002,3.6229646301631533,4.88982452329113,-0.5499213852662077,2.4444088773262695,1.3206473499280271,-3.3659169716357766,0.09369967165895154,7.6066530948392455,-7.699251851316564,-8.27883374710307,4.082054153316392,-6.567085306013207,7.151934385060574,-7.556326626473561,-7.813454582186075,8.329214899434028,4.454879415544067,1.1771390007804214,-4.645232628315242,-6.071259805902254,-8.805824704342971,3.2732140388768514,-8.790933922735169,-7.523836546762017,2.7509486339353106,-3.8022537046224425,4.172759819752457,-9.118747535440868,-4.895557373670059,-0.802418005271976,-1.8643283162906688,8.042002462508073,4.019695521461529,-4.3365777782404695,-3.0958334076590006,-6.4706919628622135,6.678808755782825,-9.531657554165804,1.9729512885157856,-3.7292440451966176,-8.939767503140569,1.7046225353891291,5.431141931686362,-1.454095420657337,6.650910326382199,1.5202531989622834,5.039469492540649,4.191156253154066,3.5824431792160993,-1.5842360741995591,5.889536753171479,2.913090894175202,-3.33405790656707,-2.1485008109670334,9.17598625358686,8.531247733408591,-6.300573360500823,-3.171308999459674,5.057285739673066,8.244412765541107,-9.821333868187034,-1.0182903206168437,-5.6639075161619346,8.390038881836588,-3.1186827334005507,9.739419064637442,8.886587270641783,6.1708876207746926,-2.2489961958975506,7.263591625219561,-5.2648774751830585,3.927765251600233,5.834762866308342,4.478569238541816,-5.301271165747849,-9.857520326504455,-3.0256420412933664,-6.340733461141577,6.671057457274273,-8.709803286727094,-2.1166701716362146,0.1978404918728387,-3.9016753563258444,-3.2402558699159734,7.612171170418328,2.657997012375988,-1.6969764425150284,-8.844268789806405,4.46372330510961,9.046676289393947,2.042431344533302,1.6864457453211301,5.85818015434266,5.887985828894164,1.4206596192393448,9.809835116279768,1.1964759955947653,3.4812726703997257,-2.099565039183144,4.870219392238155,-1.1004272079303945,-7.125355902385979,6.133508802458614,-2.7948992157536967,1.9252191486892585,6.2655727370961145,4.645703774261115,8.311109566903689,9.362476319836134,1.8923534014965693,-3.0785004664430415,-1.7397156341993973,-5.417299727806341,-1.7967547722348023,0.14937857290587608,-7.826946396720973,9.890740929617301,-5.884796664317653,1.166080710279493,4.659106479541329,-3.7386871617725648,-1.39956351676134,4.187112976217298,-5.9490411635642415,5.403535444828059,2.45283216970404,-6.450601542366203,3.474821436326021,-3.2966930763557567,-9.247279515082926,5.113919259218216,-7.971127802639311,5.309410531469441,2.9472110985091433,-3.1816825633822754,4.425408791031787,-3.1915451370695465,-6.613514446059208,-8.713769969545268,4.617039483822689,-2.892081354078721,3.1766582862975348,-4.662120021188752,-9.70909597756129,8.035142022257816,6.16700895102791,-4.752018557209188,1.7921946937531565,9.695640604814749,3.7735512888911327,-8.981064066551891,2.536104042088617,-0.0412939829573169,4.210810591903066,-8.654591335315299,0.8927404316925873,-4.7342049921589275,6.173815001054528,9.287436297915374,4.182488625537591,6.59500021709723,1.0485859604170056,5.177223916600598,-6.780416629902486,-1.0681211917690057,4.697601921261445,7.497351774667376,1.9798532158561795,6.858959514407026,2.388223833621426,-9.030410167505972,0.31092309117166295,8.717721689804105,-5.087095282211738,-5.050935296742991,-5.275640240587927,-9.17614144833319,-4.4482991099949265,7.277465365259054,-7.117650000435725,-3.9863691284857676,-7.202943905730823,8.509945595701275,7.2390805893165435,-9.290731808280213,0.5139926902621887,2.57279873139729,4.645375230854949,-2.2798136142974528,-8.13019482141815,7.17151330607766,3.0033358044215426,-9.474271855415415,-5.661783153742235,1.6503336150327659,7.024994161633643,-2.322529604022037,3.9001290703163765,-0.8966769676568802,-4.532321991412536,-6.2099937322601235,3.6046887798727525,5.2607813749349965,6.146909852520711,-2.1250731859608933,3.434807244294454,-8.696839701121178,9.365385702101513,4.26771564838571,-8.488646821900927,7.128664368722664,-4.3309834336916175,2.365141059838754,3.5860619974736334,-9.289269990803646,0.15095321106715787,7.1963328551525265,1.4837077549167361,-7.289852059121628,-2.704916601145733,2.9949435596858827,3.043429596174006,-2.086750129986779,2.513703993440398,-5.880522611993806,4.871980560631339,-8.010021227878923,-2.607140797394236,4.822222697806911,2.3510005174421913,0.09230665277803496,-4.70681910457337,-7.847563937255706,-5.184044783116706,-8.001751531617359,9.776204820572111,-0.8306668790108027,3.9837767687126444,-3.749764702543632,9.07896073916612,-7.461427933284783,-7.94794287180292,1.886861741587051,-1.6096150707404995,5.668513549842189,1.7349761179269798,-9.740212984533478,1.2913582614778925,-3.5910069195841254,-5.9413662983868765,8.428346722367337,3.193074767539933,3.009589963948402,-5.503102067317753,-9.877837466844195,2.261149335743875,8.203988598642493,-7.010011759179253,7.070088754895593,-6.591318892481448,2.090022470642152,-1.7943478057101352,6.03168182942062,0.2939507223791704,-1.3668672424712351,-2.9404485886378513,-3.184133548347374,-4.632671735339149,7.921802035461173,3.7199561106719052,-7.399381969704228,-0.8014445447681151,-6.186216963722783,2.6077890575078726,8.647025682357096,9.950405355632501,-0.6297213408444602,3.0186006893943897,0.8286083037696415,-2.652553646467622,4.989124836556858,4.607996061685714,9.812403169381561,0.14296846080663883,1.7104010395708364,-3.767475324254182,-6.1712568406432915,-1.3015404380061764,-2.082870729237218,-6.262687419934922,-4.175121414601124,9.742822150817375,-6.0850553751518355,2.043984288300013,-0.24569156073191145,2.8391521384861527,-6.266485222085423,6.552018951339086,5.514275253603774,-4.327230348274769,7.449014752683503,-6.119892000839824,3.9681411260138493,8.122231308747374,1.70788689205982,-0.6841023712478425,5.671245372067608,4.463201900655154,0.21933573072871404,-1.9572624750732075,4.283480814037748,-2.4054660058958373,-7.570016462017712,-8.894102976703293,4.17329869415315,2.919673418506177,1.4625616100399021,7.6867449271300465,0.9700653763661649,-6.072439820099092,-0.5064870850445047,-5.808725498334919,5.125234627811334,9.645762937152465,-2.680589564746885,-2.223832657366131,3.796959510448339,-8.449835543829813,-6.369252990719005,-7.198808950792945,7.06669706506738,5.130743283101369,8.794995328952023,8.418332617869801,-8.963255208516214,7.749113874763751,-4.424469797513537,-6.186152419888287,7.592469749587181,9.419431158716645,-7.674495858428216,9.855817269026762,8.873952912391285,-1.8027323187404232,6.262460918189035,-7.568218604165264,-3.5366367041825324,7.197268587653468,6.632052331384944,-5.9401361501158245,-5.800675096378985,7.557597029415064,1.7777975093672218,4.123117545244302,5.750081491366947,-1.6159917232454255,7.316260153549411,1.4658988857025879,-1.3282602286273324,2.3899904069758886,-3.0750072575319347,-8.687777208786166,8.833319554551828,-2.2605685756946547,-1.5367255948368808,7.300651463358612,7.508235418968155,0.8625080948134762,-3.956514793441535,0.04953882212445748,-1.721772898634054,-1.6181303958155375,-5.813344011158033,-1.2991312906715695,-7.140019735987593,-3.4812588597862444,-9.677647906834322,8.94303998068758,9.846023128072542,5.044063917956841,-8.674565413819607,-0.4244767922143069,-1.9281925328281346,5.137810476481743,-6.804306822861466,-1.5559660943459175,6.226894140864637,-1.7543165838625008,-6.231657030061822,4.491067672948262,-7.5062499148683575,6.091595178851421,8.100945056683265,-0.2982994712698268,0.5108632157858786,4.469438066425486,5.713623976741456,-3.8665730775370033,-2.370455541131742,-8.845103153397503,-3.815060238646497,-6.085286892105035,-6.068281618744491,4.893527019383704,-0.6748605323254928,-2.018417550844564,-6.493031261012375,-5.60934573406276,1.2315908647855505
8.620751106670355,8.211609545206695,-2.2033661263043713,9.808776993206695,-2.4772084022703496,6.379855482757595,-7.430722984846554,1.3311507798293754,-3.646937633914675,3.3063067647336037,3.19511093527292,4.123639211370895,-5.0489244722813815,-4.753648128778134,4.0148470092047095,-5.364260316673186,-4.2886301602618815,7.136601852860675,-0.5552097834366911,4.1179502086632365,-7.10790573577013,-4.685334071914942,4.329251143102322,-5.462939484946283,-8.92401610216029,9.457892476707258,1.13059491937776,-0.7664634402066799,6.66609985578236,4.903467027608992,4.098463962551103,-6.436033261973666,8.399701113863344,7.634702077599741,-9.245303260385887,0.9413755932522605,1.1518512333383022,-7.162118474516353,8.145849370275865,-7.121461805121743,5.729112262743053,-7.939944539134376,3.4632968582298336,-1.787516430918421,4.673974580300795,5.998227955077823,9.09290728962985,8.357021904638898,7.308680029875681,-8.2647974498358,6.809800478335472,3.5511960241263054,1.5084432093240157,-3.105428532995953,-7.309162828620384,3.028783674258822,0.5537777848443781,7.109384983469056,-2.5432289174177436,-0.584813316696355,-2.9807369485256956,-1.3714703341970456,-7.830303159385672,3.774824568740165,5.098984540246629,5.183641664407382,3.0823291164130495,-7.942275789219546,5.5007443426500675,-2.6653578006366985,-2.519218361347133,-4.361450170332524,5.270577420506754,2.2285700152120906,0.2352403891349475,-6.847444543140931,-6.227700158047118,-0.6748472415730884,-9.112275559649124,3.743968214483038,3.381316314688604,7.0992893328353475,5.856352323164927,-9.66896833291177,-5.597067661309736,-2.785745316257535,4.347029618857546,-1.8961818734759817,1.4078370277325032,0.3729468499637729,-2.1366123906381222,2.863019576865627,-3.6202411292073533,-7.36830841672691,9.224462180628436,4.129513881646215,-4.805335499978254,7.148534986721433,-7.114637689769512,-2.148313520901999,-5.916926434495173,0.9713331818163198,2.3883972755623475,8.553653590366125,-2.3549641706013897,-1.1713190475541388,-2.4753362867001805,7.026026843339086,-0.8078052417560464,-2.9792477539363453,0.8049211632843374,-3.947576508757553,8.130447435508735,-2.442736141858508,5.941241801237094,2.1800413664841116,-7.558958513531316,-0.7017882420540964,-8.503418637446885,-6.680759414261688,-0.7823223536485475,-9.959878798058506,-4.122910594270362,-9.978553778644738,1.2658284502248112,-3.6655459861259825,-7.592197550256479,-3.617676973277879,9.793685321930429,-9.262443698447612,5.787890694440069,3.7988476597594794,2.7224540162699604,-1.7768778626709292,7.679095803029195,8.947479151565677,-3.138780802423584,1.40870355525729,9.29115329207227,-4.985044654616699,-9.338908030889208,6.105538692288512,6.838537499891878,9.93119057105303,7.002633804911767,-6.156786859709413,-5.298567557479956,-7.411548547061988,-8.978934705798391,-2.6588836746011646,5.131894737487283,3.8049717215106114,-2.3670747712325806,9.480278803644396,1.605430992412284,5.902669682692492,-1.2166253651432957,9.43251815816852,2.790488358092384,-7.547584068289805,-0.7135220745656454,6.21646716368565,4.539293360363004,6.191114560072112,-9.790810047068428,-6.4021993312398395,-2.8055692772320135,3.7727770357379864,9.653148145672667,-3.3282472338933005,-9.269876934044536,6.133167161571198,-7.290220233188746,1.7562758819355864,-1.486763547532128,9.788968141640012,-9.102646277932712,-0.34402204915148893,-8.427428642965932,4.501738045795605,-8.239489821626405,2.0712903427157983,6.145299539296353,9.4209103297162,6.909804113955534,-8.880193998541921,1.1907997138184108,-7.812629203244259,2.104819056056936,-6.044913269873165,-6.008654872500452,-8.435262992081803,2.2607975022345173,8.541408791330376,-6.327124238301815,3.022337945851559,1.8189325841887722,5.1787924866513855,-2.585720063515069,-9.063504835803549,5.290685571824408,1.4481114285958583,-5.19712151741293,-8.216973389284547,8.702850920992152,-4.203877032785696,9.29042709513456,-1.2966480774536393,7.597955994965002,0.953903835174863,-9.993126187085238,-9.736647785528456,-1.6279411816029938,-6.209759895647018,5.908076649378156,9.655259223151436,-9.371526044327673,2.354901361412045,2.2669906294094115,4.59418656319686,-4.378218117454809,7.794365688787845,-2.9291409267306445,5.510869789787673,-4.268898175956877,6.019459603308942,8.721371647820504,-7.882211838934112,-7.767023540478872,9.892771856551036,-7.833058220259888,7.5819603027006615,4.062699466578049,-0.49693731173618083,1.1787162049749682,-2.1246946843306302,3.8006274220710665,5.919962059843559,-7.593186790435087,-8.857784417064558,7.830003609121178,7.372962759572211,6.040900684608189,-6.202048519977119,1.0965109786359406,1.6414771605552758,7.417770589410718,-7.961676128103918,2.8265402096341052,3.0938565947905587,7.745202971088002,8.441790661654359,-8.440379043540798,9.794679511327256,3.074051942877265,-7.870506784427245,-4.97078419496326,-8.18202828136512,-4.546499566978479,-8.703333359505258,-1.608177256326698,-7.0307764307060205,1.7883550347747246,2.3751927618217916,-7.837791998315375,-8.338439389591754,-9.816944154055797,-5.997021134754772,7.240955550204088,-9.117544820698068,0.6674216812401816,-1.595902185520334,-1.5328271606794548,0.7266040919437362,9.093815219277282,-0.9660525358410315,2.981383339679276,-7.947703239419375,4.752999649328643,-7.122508376011234,-2.155740773886146,2.9173630304719183,-2.47153425263339,9.98329516582017,-7.542149609474271,-5.594485467254222,-6.2572822472351834,2.713322083951933,9.147483420075272,8.04686609488261,-6.579021477207174,-9.3117227189056,-9.373771733088887,-5.676758485590128,8.373534415856302,-8.473744860757645,-9.292518196108496,-7.664861445130981,0.8547764401491946,1.6311731130238663,-1.5934327977542821,-7.697088479873766,2.353623462889887,-2.7502941491167743,-6.6373207970945,2.245027757997992,-5.6558857869598,-4.388890381771892,-6.282261595278702,-2.2112912122118473,9.323805834371989,7.210837624226613,-5.330303941854664,7.538800400703462,6.641137603666849,6.877065366301366,4.890366930654711,9.745394561294543,6.199485339817052,5.68223646467672,2.132707993137755,7.262656361743385,-9.624444408980146,-8.121761843279616,-1.728063584392622,-4.6627567177595,-4.946046016348003,7.769350942146438,-6.481969554343452,1.2077244533292646,-5.42883359200772,1.625082997946656,2.7736435630871945,-5.345473978430841,-5.84339974932888,-8.304284084591313,-7.85673400638961,-4.440769653299535,-6.435985435627147,3.1626353293501293,-5.732388693779729,-5.701007313661302,-4.262713325282467,-7.4876743241311345,-4.016137194941971,2.0701835802804887,-8.120006657549778,8.00905461880824,8.423311936682452,0.6290363497025062,-9.58964475630453,3.8487640134493013,6.74535254436168,0.892736231947282,8.886025660083334,6.907405051850315,6.939741636487774,-1.4551551008028483,3.0247448338827017,5.980506533787839,8.034911143195544,1.4652785997564308,-2.7686771179568126,1.495485078625265,-9.568223495260288,-3.5978863287351732,1.893852321003548,-5.107217526383425,1.221255933897016,-2.972800513982392,-8.299169353773255,-4.746546236480585,-9.356329919406122,-1.8278783049689586,6.889947284180053,0.8476972178781672,-4.842085485352776,3.047567200363222,-3.8582621446975267,7.36951310059608,4.9371789880043675,9.528047265627638,5.377883912184277,-5.294213745645624,8.771205464578166,6.1833731575828885,-0.5799010766116552,1.998949526033007,3.137911640863253,7.554906966426355,3.504847637960717,-7.640824054537871,-8.042622719301228,6.795543540180965,3.0006240524991092,6.592313011242549,7.507869046707324,4.2323547908643455,2.508304695021904,-0.7210781996878879,-1.0817729795083402,7.035820725007444,-7.147405072652471,-5.4629212194436905,-7.998542890539541,-0.5940778469411789,-9.102304426291198,3.4974428095266656,0.18366872848343085,3.637336296382932,-7.30675851333128,-8.46714838650093,6.165204135105395,5.528419752295644,5.435474693877033,-6.9669157996030435,-5.452454718370589,-6.716808423885143,-7.3942116329822705,-1.1550722675172516,-5.561486193345955,2.109188026956069,-0.7724078160525778,0.21730025619802618,3.8691192623204635,-5.53311340628211,-2.7479004031857857,-0.1704292675586867,-7.36994384779541,-3.106935266531705,-4.982693670314644,-5.774071757521031,9.611018086564076,-2.7452725777332754,8.57291367913001,-5.612793629489348,-5.525900660294731,-2.8936884582671407,-5.304772341262643,0.4331400993655272,-0.5591947676081439,-1.9327373300711237,-9.189404967497563,5.435915063872578,5.116612705706272,3.43103628847752,-7.866742525441244,6.939299940850628,4.764935004504016,-3.1730733917080727,-4.854584415474362,-6.492793288402177,5.239919326780072,3.821588151419295,8.408959813889947,-9.940762252929261,-5.745244182410749,-2.042002478276559,-9.125409293749849,-0.40159640192925217,6.65757746044433,-4.241134534063784,-4.392260522066298,1.928076819920463,9.448872611974576,2.34903751271694,-4.1967363411623815,-6.177374256853834,-9.501092882247377,-7.231909649793549,5.072224923904923,-2.48755534553087,-9.64541219853945,-6.308029054533231,-4.890502681139413,1.917129490735208,5.573887323803321,1.5920038182578526,-1.546023082421664,-2.441422996693743,2.776234976057509,0.9222411691020014,-6.7100095005819345,9.850896158693438,4.136182688315671,-4.333225456287657,4.340166552910198,0.8177849174740963,0.9964175227255918,6.815515145475569,-7.089384366286846,-0.23618817030433625,4.382983364317001,4.945134426104559,8.86827023260977,-8.4236629756563,-6.534432667282754,9.912503863282986,0.6628705938983277,5.16185995326085,1.4397100075133231,1.5972995205334684,1.2956635347042003,-7.357013764310009,-9.913918541504607,8.09234346665276,7.82708978515311,-7.049044817737419,6.554702719924052,-7.027640833621254,8.747697261739514,3.6968993416927276,-1.743857290787357,-2.1331491536137666,-9.32210704781564,-9.66582249387984,-3.629461855543328,-5.797971930201255,0.7267434819747578,7.094844374643621,5.996622219111309,-1.574473863150775,-6.0503970126975055,-4.830914652533426,1.0438346650622865,-8.509702197157864,2.9149520481279545,-2.291556467939051,7.159661778468653,-5.827816986228576,-8.725212650251237,1.3309537655997783,-6.1814580464921765,9.192915908567706,9.096641143100989,6.607166813175603,0.36734079305277234,3.434954492695468,-9.371561485069204,-1.4942740648467847,3.9006283300031654,-3.19841892570971,1.586000207484883,-0.3784922777895954,4.82299281902603,7.856429174887012,-1.2845082700549622,4.99860121942638,1.1902972485486014,-3.604247859199903,1.0752219675381376,4.20923171061272,-8.562848180514518,2.397798916789837,-6.509202213357048,1.7714639677950679,1.1151726762779184,-2.8942999398534237,0.1962991400544727,2.971492351287626,6.181438711709237,-0.7049984999562415,1.3368426495467656,-4.24070676768258,-6.756165328621346,-3.2922428801891668,-7.631227541666085,-5.4289319264350695,9.548104821200255,-9.751198646608978,2.4857753792266806,-6.5429977719387145,4.562955395145201,8.887880246222707,-7.245704729331699,5.293483785645659,1.2273939440710997,4.883405770294921,7.395836970569924,-8.29523578581593,0.061178643008128475,-0.08468180063367825,9.746297554188352,-5.652363694799039,-8.547612819768268,1.604543159938597,1.7034931262308994,-6.093478726837265,-7.798477991957888,-2.535561814831615,-1.681573121533395,6.0371537719973,-4.665248718702362,8.72575315828557,5.863966400625467,-2.944188542094812,1.20282091582329,5.925706419458358,4.79066870176908,8.833636472606688,7.381837086225275,-5.02735620465095,0.8992600379209463,0.7951368115240456,-7.098505074816577,-0.4916196662687611,-0.5655609318028176,-0.33015459284025184,6.684311895453789,5.644326873129135,7.558704288701392,-5.119618270950883,7.6096865556153475,9.47033416312459,2.399528457591259,9.105444431187383,3.3161904315174535,0.6368695323235691,5.2431771606800055,3.8380470916200196,-0.7807275673542851,-3.4595884538537707,-3.270892023601844,3.231301283022937,-9.067452876551222,-2.1679387338667544,5.468618234553196,-4.857081417642108,-9.386630215934122,5.753890286648938,-1.2192000385394408,-7.1059549624373215,9.61430610260718,-6.986798702322852,-4.744717714987141,7.932858635455911,7.110023302866875,-9.75463800143701,-9.63393101011043,-7.622130514765917,3.8118913698716224,-9.288594009581793,8.473358966208224,-4.9516738910791425,2.672776076072198,1.0153503631103717,-1.6844863623915867,1.582422634878684,-4.633029827437416,-4.1961439339149,0.31093095893719536,-4.7042463573794935,9.461325578207372,-8.479737869891895,-6.559259804209894,-2.8867601905630114,6.814736309696752,-9.551147999547817,-9.962091720624201,-4.582201524660327,8.480340687104892,9.829086900025619,-4.241584463702868,2.2879302156097943,-5.537526674754451,-7.850144139987374,2.0616783519031134,-8.372693925874055,6.751133164351117,-1.577045242589696,-4.026922809361915,3.0236979892890297,-5.919164661039657,9.601938178169561,6.803680852460072,6.2620562501144725,-6.682543508640746,6.03066273871336,-8.908885439417137,-5.762580586799329,-8.802661930194471,-8.052109089451703,6.205139823835239,-7.236834671670341,1.4098540458048507,-6.150818364707556,-5.214506863966653,-8.168579896173526,4.03805443900886,-6.795530016355418,5.635616307831251,-9.929487708496996,-7.774889643618397,9.48350411732969,4.381572369683099,8.554168202642916,3.8904295136480567,4.870257519565779,1.145973258876058,-4.592898856059198,-7.826862335838589,7.184409934382693,6.829532444245061,2.0783060148014787,2.273641208986641,4.2722468598728,-1.7667282095654748,0.2708721198416857,8.12127342941788,7.248328616397512,-8.226807732469226,0.6550543395452362,-0.4361942225034632,3.0063526380259162,-2.8296922488341796,3.304448032361586,-3.4623432741398563,-5.804776754130263,-4.623451124065827,-4.921603079285446,0.733637680327206,-0.9123898075009436,-8.135367157232242,9.404849690618516,9.89666359332264,-4.037960704037015,-7.0701628989713905,0.2805240628569461,4.390686183086622,2.3021020550102094,5.387520365593257,1.6445410521589672,9.397381624999767,4.560304874084993,1.6531351276298718,5.2434815371230155,-5.201299528399003,-4.976726896175743,-7.2723763705519495,-5.026069759539533,8.830789648735568,7.849450245856225,-2.152379703405578,8.015459879551688,-2.049486025360454,1.049770003672247,-3.9788033499170394,4.777784175800679,7.657247795551822,5.985602031310247,-0.489919406411115,4.206106209844176,-4.877314285522512,2.4801087330566247,9.580221112469907,-1.0131623823530056,7.452598362925194,3.0702907156616313,5.686264093096105,-8.35557373112458,-5.156287577388968,-6.512702624290256,3.177656986505635,-1.8744640950791123,9.921660617763862,-9.080842713264728,9.39674447993934,-7.639267226704128,-9.071055654134666,5.892787592753821,9.745971437964464,7.067903218243558,-1.3230725136613035,4.438128271093966,-3.1241478941453593,-9.292108634449722,-5.904489321402783,-9.23612421000067,-4.066378037403775,-0.8913819707528852,-4.118073117125995,9.950540429607571,-8.100043627411411,-0.09852870457898177,1.2356803944367272,6.736893502802822,-2.550787011076121,5.541926119938623,-7.310384005199699,3.0447304781259117,0.8238429347167973,9.269262748564113,-6.254948538011718,3.7481836631517815,-4.698347462699639,-6.257069448674186,9.241439405970151,1.222440808921597,1.7642252473267064,-9.233823859957582,-6.616661246637435,-5.757138325058932,2.7702146407169614,-4.975616902811231,7.354469913657439,9.805540825382746,-0.19679633120174245,2.348780829761756,2.9566871076653385,-6.354874495325196,1.6925296407192931,-7.7410357017544085,-8.61694666688672,-1.6178029366947388,-1.2090490164455296,6.353867364901429,-9.075853558655,1.441556839895826,-1.0999931767404743,-2.941396457610308,-8.638374840028824,6.2880117664410875,3.288015433387608,-7.338649878769656,4.112341069162968,-3.518531592829417,-5.746811499793834,7.482508302084515,-1.7659929497945832,4.279516703054449,6.731813687404703,-3.8644753798916476,-1.6520714575931947,-6.5993663077698965,-8.844517006976332,-8.418810961704455,-0.2605190917908402,9.567002771314616,2.5778911562457694,5.568688217248663,5.962323492587755,-8.306747384143948,-7.062342069517009,2.0274954904583975,0.672635842310715,0.16552915563499937,9.882746482680378,-4.30866888960699,6.4128914042358005,6.753851487435753,-4.872334187671332,6.656414019370835,8.64365481287502,-5.133494348415355,-5.577317311075873,-0.13134232798357104,-2.402095172891052,4.569628837091139,-3.584954920311576,-7.299434750722272,-6.09664898961573,-2.6111220282519447,-4.683715426340758,2.4572754912538226,-4.712475544765313,3.424395385649442,-6.74185664504799,-6.2619363078030705,7.459405302939356,9.657256642350546,6.386545391334288,7.341126930761789,6.117749600354621,-8.418621519817034,1.5686262656013934,-1.3172806196722746,-9.429165280191,-5.362955890137089,9.092089328242594,-0.9270939885168623,-1.772507748840745,-3.554894373081197,3.8275626435405776,-2.333156202329021,6.339344667632702,-1.0759921128596144,-8.15686262069185,9.068732880246575,5.860623493580803,-4.578831065435853,-3.753121935569556,4.218985441560623,4.718245390859909,1.7158947653433625,-7.436548393738813,-2.128941246040659,9.357318025898909,-6.48025758913276,-4.488316072198617,4.702223722893441,-5.241102336483245,1.4666451487789764,-8.408965093074801,8.578523815074284,-9.613088036729486,-5.667079923463931,7.389028286446045,8.841447332409281,5.342187623672228,0.9369900653472012,-3.928291402309947,6.801942918430704,1.521878796810208,-2.881403275004466,5.144664575968218,1.3316976910621428,-0.7895910750382384,9.705085640450271,5.315002432043363,1.8393193368629852,4.426695028084746,2.784551336862034,1.3119548112534734,-0.5839634796050408,-5.596933025692971,1.6867740491355647,8.845653307612046,0.8326464966304741,-6.002475411476153,6.335506540867339,-6.292168108560787,-1.736085346237326,6.405653886603279,-5.750924803135982,-8.122114464553981,5.3533009190176255,-6.310221776116807,-2.7436741356321654,5.241640751594975,4.986542576359138,-7.098654203828527,-6.172505806978947,9.14953743746496,4.677176789366689,-6.136952589578009,6.306601808257955,-3.2013616509964464,2.8147870736237834,-7.857584226923999,-4.435375778041415,-6.252048696119394,5.693080542690774,-9.162328268039348,9.484995092020235,1.6273463165328135,-9.156571141069447,6.5012065215817465,6.339443459797227,-9.677194330477814,-2.3159953200629824,-0.6437621274225407,5.694521475440803,8.386338717917887,0.13856065277506957,4.92540216264543,7.4215443613041,-1.138125846589059,-1.0605142621957597,-6.735131933275335,6.473963930332694,-1.2107298137609703,-4.467068803282972,-1.7351321090838905,9.258816657813124,0.18019296435531373,-1.9092769364404596,7.891423851899173,-5.842125203918098,-9.6018320965623,-0.19369140832578502,7.545761290930166,9.880738367062683,3.8225723660502062,6.023892977751174,-2.513477009390998,2.6557021794263775,4.8977956932035305,-1.4556587933302971,5.2600244705066,-6.878166577148852,9.135086501280405,-2.3306960635377134,-1.509321322129832,4.097217138723668,1.5960320112320119,6.72678073649098,3.4236063863716417,6.664804093279642,8.009552368791372,-8.268191769373258,2.8936363419248767,-1.211222185188225,1.0939000052007835,-2.1992664758488907,4.0349631211856245,6.593990701401708,-2.8914710428199397,2.863647265532654,8.783582676737236,-0.19364927331220017,-4.113109166957254,1.6475926912234495,6.903005282652625,9.905325534872944,-1.2802110023482776,-7.619261313952316,-0.8709872242272443,-1.5754713272265803,2.8073705647304354,-4.085166622354652,-4.484909310477305,0.6730971050630608,-5.839441806708416,8.548156955800799,2.8900280644558016,7.09497612294572,3.3675790233008644,-0.24305895762164553,-8.4284668465632,0.8239807602666929,7.948544144612665,5.713808044180402,9.839471736247447,-4.884129384743748,2.428317387152383,-5.638014552984236,7.279820936810783,7.612284989020381,1.7407961000903676,-2.186391973925554,2.1551388255615223,-5.3969455221838665,-5.11848623940865,3.795779757494806,-1.0688472424921969,-6.757226822498607,2.8041347778271337,-4.341709178953373,7.17599261959651,-4.5283820192333675,5.315165728773177,9.824544065170361,2.545853895944603,9.334201286615702,7.530063592615509,0.4223836015478515,1.2303520654001598,8.7563800934238,9.683148267578336,1.0982505695806903,7.3438895402521815,6.748794258706628,-8.422324603845002,-7.992408350986122,7.296856847958036,0.2129278642779191,1.1222579929518837,-6.284029480283944,4.486601968730014,3.0910286262121307,-4.336931780057185,-9.350948028926444,1.5192800747497426,-7.520603588729358,8.70153883495658,-7.5582486153719035,9.24145132849237,-8.759366815295301,-3.1841005510671128,-5.619338561826439,5.209682154109643,-2.7361957828126426,-5.341785114342419,-5.400646894684749,6.328853505657182,6.308592935102286,-7.396613290921989,7.263158829540025,-4.015437301423608,8.178954388370574,-1.7725972044954865,-9.967545896176775,-9.700936518683692,-0.5969318664599967,-9.324479809394976,-4.3403803047144995,-4.062377698670982,-5.756540931735508,-0.5415900911914449,-2.0452474184388407,-2.8284822896820794,8.78294176012949,-8.573689983335232,5.377393924696545,2.871210440750101,9.892740314032014,7.210918355839759,4.306683499548644,-1.2692453177225023,-2.243828021894041,-5.935045690972034,2.9904326336006335,7.1998795348535864,0.6154867029083739,-6.567065619631065,-1.3515026126254313,8.74419287983098,3.5396159916723686,3.4746572701289757,4.19220038149135,7.204177745236681,3.212362452089865,9.806604288367303,-7.214170177965835,3.813561783798768,6.660290834142426,-0.18120719018226872,4.561787271589122,-6.756095869651668,4.60856453149982,-1.7036417440930336,-8.294265069224574,-6.71061021288099,-4.42469174625677,-2.6129376431191087,0.3200367661767185,1.943379325991737,-5.567550347746886,-3.8278996588677128,5.844128912747335,-4.236159484208358,-4.428518230314513,8.106062283369223,-3.6218741961256606,0.48389725071825396,7.032128740775008,5.001994953820031,-7.014075445966768,9.278168490213162,-2.8698414356738544,3.1535696686318246,2.8810675882651537,9.33782466106836,-1.345332021117752,-4.4179210953582455,4.4046107234908956,5.434482925512498,9.728865421798709,-6.304584351268128,2.8471842572480384,6.076144332860871,0.37912214536343747,7.178882454463825,8.77639305852588,-6.423943393888472,0.8014062303750347,2.8869783383743,7.95608359453399,-4.842958609410626,3.475822524370752,5.045680324190972,1.4022380866799864,8.457870662154711,7.176334647936265,-9.64930034743033,0.12433026448525197,-5.9971713010287875,-4.905734474123877,-9.309049251314159,6.312961722500738,-2.3053763232842384,1.7054383647859073,-9.181051226755905,-6.026497255198342,-7.890520769146036,7.9332338902047645,3.517246441210604,8.794218059172746,-8.863364953088821,3.7357231973302962,-1.5894430417696608,-2.7580625567668093,-3.7299849763502753,5.649854503450937,-2.790509700224746,-6.868766926847405,-5.30321021581853,5.31014231274124,5.646391950457241,-4.826434963186809,-5.259068389088338,-4.152851319142519,6.34011657332017,-1.939853557819422,-2.978539142640148,-0.8562180371800832,-0.029802375496865707,-1.532030959823798,-3.4174530476959912,7.401145935272858,0.1338189588642429,1.6446999241995641,1.5308762168464352,-1.8225623692223252,-4.209443124350141,-7.189845198809759,0.5783370999896711,1.5558019493893571,3.427483287337532,1.6968946789441102,9.523403326567813,-2.150181868977441,-1.9332889954421972,-0.24478054201012256,-3.843745154280576,-1.2905183827293811,4.391107947376598,8.525755553316724,-5.001516269154882,5.738450393050858,-9.21969876594255,3.51389344811135,-3.5328325926802613,1.0267163213885073,4.137046715015856,-4.388355445834675,7.067111707056817,-1.4696994898607123,4.754713621554194,6.324398879018084,-7.860332451725506,5.511202980885619,-6.767542416138996,-2.4212295434629567,-2.7162837712226118,4.301708626697163,-9.305657340017895,-1.7057133181566222,9.437643208869943,-9.093792790925363,-6.3432382818344735,1.295071218799384,-5.682402140835682,7.025315886328848,-8.152376733326765,-1.7784577433746094,5.6076654475810965,2.829738653332134,-1.1424316364018434,7.137595345087753,7.084465000149002,-5.217360323518127,-2.545809172305649,-5.608255438736149,-3.9765019677142703,-9.159174601240668,-0.934073559074303,6.7749625656926575,1.3731005014148234,-5.241549637934604,-6.755523851486746,9.003504864600476,-3.6056593175075253,9.843290941718262,0.6361143609573929,4.522779570257532,0.7887236015073089,6.147414171838825,3.508421267612583,1.5699659293369876,7.347635226218674,4.348223069055537,-4.764559849930685,2.132829138142627,3.887059903095082,3.374326956647664,1.964243848699013,0.4336626548799227,-7.497406670591604,5.733946416921389,-0.23544937632454221,-1.3470771568552706,-4.761856002977051,5.944925276670501,-0.8424715121672257,0.8689814504467837,-4.967591100200314,-6.022263189762889,0.9204228547349924,6.680326242652125,-3.9877681106118557,4.364291037913128,-0.5984012888677519,9.99686496787335,-3.6933367982528553,-0.5642603813814162,3.0945287434157187,-6.311543317973407,-5.869848186065381,4.88211703320901,7.46789083970161,-6.519482296581085,0.10230679576455692,2.376656733194725,-7.2024512845932716,-0.9862098492238598,8.233402251354633,2.581279790345903,-2.3741568070580925,2.186927315758563,8.349675348821584,0.5814952095872368,-3.771263286682684,-1.2031317044687668,-2.3736294319762585,-4.346837442613294,6.7636445571638575,9.13021042688801,8.60523322255149,-2.318259026094209,3.4510094080510196,5.7324352456454015,1.53901063074162,-0.2501641713799536,9.239944987677656,7.708119318359046,8.527769611944226,3.1183945136115376,-6.288019375818397,4.416256605409409,-2.247537883214365,2.420605009723836,0.9154167215772375,6.775234823247118,1.8469619686535559,7.609136938521377,-9.186229594050879,-4.994095610158318,-1.6702272475130506,-4.901372153918464,-1.6257916203083411,-3.651666654165031,9.347695279750166,1.2782182942765719,-1.0955676512349104,1.7091664935211028,7.061576015085695,8.3642853590712,3.7339930302853404,-2.070696773841883,-6.473340822126374,-2.883734142395536,8.030269276681356,0.40074925669147454,-2.9256340239055056,5.256903878655097,-3.9944008455170588,0.9133973170168534,4.584391380945156,9.890102413070412,-2.8091434804602367,-9.380989767320639,-0.6882845381032876,-5.0545322865715665,8.562579102443344,-8.300068669129697,-9.935459501366237,-8.951062781980252,-8.5860202432729,-5.669956593949572,-6.370797766075689,-0.4882321398271987,0.3789796244522119,-5.814386986404802,2.2354270241430267,-9.443268114029166,1.0837046205601553,-6.180975574840186,1.0771126050166906,7.637197981280785,-5.50364716937092,9.699863763732818,1.3061826140913695,-2.2803170832794635,4.3961725019915185,4.335192244365771,1.8337665952036808,-9.098843901824754,-2.772797721857307,-4.291571535929011,-3.669024394221969,3.9413486838683305,0.727972570468884,-9.363546111902366,3.0508051360114408,-2.803985313571429,2.8393841521286607,-5.056002590546893,9.710892440855844,-1.0425700338188086,9.643043880374808,-7.292378505986514,-9.088570754023582,0.0954850422215987,-7.854922337489414,-9.83340851348017,-4.524836320259653,-3.164619075636246,-7.433206162670604,-6.422172056730757,0.8873035194593619,5.172951323454949,-9.220719249244013,-3.063088959895232,4.901079772158482,-3.0795581452335963,1.2681487670274922,9.669486840323799,-4.4962994466388935,7.857523124844409,4.967077067347761,-8.478870002041859,-4.589979504039725,-5.7322499349353295,6.597335055939052,7.281030295862767,7.674022790217371,0.71021006109655,-8.867343858792967,2.2963630407416087,-5.583975047316631,8.20438876693061,9.651436358202968,5.228798741672625,-8.60160433177798,5.046149934475556,2.3413402353624253,-9.356484529995477,-7.425891667230575,-7.2099063011464075,-1.0422226952194809,-4.625825216832311,-1.2572697839108766,0.9736268320756132,-5.773246563947567,-4.028393879193577,-4.640078712597613,0.058595675861432994,-5.609294279210468,-9.553218062985625,6.071184272710521,0.04184243890552608,3.1224973586380003,-7.97228853432099,-5.590505981461204,-8.490045210555719,4.799259979000173,-9.374993829411283,3.417894695813997,-9.477691981776834,4.597910402260137,-5.28590787304827,-2.5510619768900122,8.895201786693946,-8.313576297956093,-0.788035322453533,-8.15739162169127,-0.29657551462570275,0.6921638488722355,4.682443700551159,-6.406382576731204,2.407320730752737,-4.922702184152352,-2.5942319987508977,0.6566057268726837,-6.989698961084652,5.905588843424072,-9.591548881180106,3.594276932286803,1.6732167116146464,3.8077899169227116,1.7037425306545941,-2.0857748736753345,7.9406810279783855,1.4525371406685839,-4.7693824291230875,-7.9379252717740245,3.330167943402518,-1.4281675276944394,2.1984602985295716,-1.7759190144518264,-1.0895056663759046,-0.1498388731634197,5.387000216699176,-0.28857498676282134,-2.447706821271252,-7.301744599397118,6.925909665985252,-2.5151105949009134,2.3920370958371926,-6.93254700445933,9.589546497955695,-0.15746555712903287,-6.444725466822683,-9.514596759117598,6.492738250270744,0.05625926276884918,6.559341072747834,-6.816624754089462,0.8627293465034747,-1.6078560865013607,-9.965656390948352,-0.2792189270698682,-9.54443879739464,-2.0185811772621642,0.9614314853482249,-1.5624271927848667,8.031813882941933,0.37543395912414823,7.519559777156026,-1.627816010171827,2.1094781662656477,-3.941266263235857,-3.094795681636791,-7.629166996252228,9.814570653364406,2.057257650980782,-0.3527414716623021,-8.634684531648373,3.953716064534703,7.647761478768487,0.777554998016516,-8.483908506470126,-5.442414438463102,-7.690525003620545,3.1862598666816844,8.536072469582791,-7.078257189280041,-4.059061769173531,-6.491588228863618,9.82480527488179,8.916439191044581,7.52333547866488,-1.0040728062314574,6.536111348995249,-2.710008596270108,-3.553736534079704,-4.4636110830816556,8.490822640003127,-8.141386626708456,7.2278135312980964,-8.773836861226581,8.769178188718868,7.391920264324622,-1.0182173882695835,9.65729975896755,-2.933086354098755,0.8296028646192752,-4.03329801684178,-0.26558017603349704,2.657781627319469,-0.4886748445936302,9.900769557085141,9.0054776327787,-3.14457576364857,2.447042942579669,0.3766215559985042,-8.66864955447655,7.989635148730159,9.772139254188701,3.5787701712707527,-0.07707743626929187,-0.4585699300687409,7.719408854685192,-6.884050787163243,0.1288071485963016,1.5600193259542205,-1.9028272069418861,8.232375327555644,-6.315655522348502,-1.0065831079548886,6.21900263390064,6.998941381288041,8.732278938979078,3.5827161897327713,-2.9140892690287874,-8.409485990900114,6.133225412477536,-3.104494723123132,8.812709388441636,6.644988946832715,5.365583473075734,4.247713331851964,-3.376514863485218,7.922691712580136,-8.474292813221126,1.250719113453476,-1.9503684724086803,3.8184478167229674,-8.514496651903343,-4.478642027789837,9.085022719374422,2.556000750441749,-6.669301816086845,3.3019083218150946,8.309988983892097,-8.695421193100334,-2.297947561415077,-2.536331663455469,2.7952763523150175,-8.000085159784112,2.1364211382191165,-9.671061701038816,-7.154875189943722,-6.073624036908578,-2.5668070649426245,9.865509925883998,8.721713254087366,-2.524421267092749,-9.229430511039169,2.8164159624475698,-7.770293586852361,4.059713744771777,0.9676716104293543,0.9314676747681911,1.9734492772596628,6.784035998211447,5.383394508870158,-8.987648796090344,7.823727995788303,-2.1739938449811014,5.951920227520544,-6.890331960752687,6.908735450235955,-2.3869003188459654,-2.5425684402783872,-9.71445624267357,-0.4852545761253495,9.455952231289718,2.2955644427004103,-5.855114786358293,5.352058451757419,-1.5547278422872761,-9.664087571753733,-8.696035557582071,4.016736546848406,-0.15533405473294337,-6.922477208181787,-3.6208547653751166,-3.21726893439239,-0.4847793580803046,-2.1893758661045215,1.698031637925384,-2.403442287148751,6.194133592529898,4.2083595154078814,6.575601820877402,6.328396060497049,-4.033514728679113,-9.635443029274866,3.106141543367313,-5.618567296944077,0.9083984553916586,8.456036258795475,-8.439638539089584,8.600205881431641,-8.676904100794232,4.710331096966753,-8.26917824065717,-0.6366636507441825,-4.375489309401295,-1.0047012811395994,-6.512552415601092,-2.0434017931674653,-8.142784612443517,-9.99852113185116,0.9965200956777664,-1.4190842844226346,7.311932765677533,-3.525701209788947,4.397215083768538,9.785546839299165,1.5280989852456717,3.4794947273936714,6.727607285111862,-6.449678629889335,-9.12234997107985,8.982593418529888,4.259438363456926,-8.114351211457947,-9.92196280937183,8.549168216348267,-4.513351108304569,-5.464903064788002,-6.478457268826361,-2.779488061917812,0.9848750844010681,-6.0052321070910475,-2.9898645811347713,-5.254236115213809,-5.204282901545434,-1.562153253407729,7.857941389502759,-3.341764858576724,8.459356021222082,-7.8276072310228155,2.4137587952269435,-5.571422274041806,7.008744447028516,8.43518354335379,7.946986987597505,4.9178854104226915,-6.635389113730703,2.3283573721437474,-5.661310476699903,-0.1103071583531996,-5.3672797994375525,3.7503322565532056,0.9227557127068859,3.2680678256209923,-9.308789683332686,-4.209881216986826,6.591313729004721,3.4381965560980614,-3.188728260777472,4.8865894231585365,9.242562577471915,0.3666797867174143,-0.4065277661377582,-2.1299269901478057,-9.646339671589795,-5.119859471302424,1.523940622455358,0.8900303153010327,-8.22049238514299,-6.145394246296165,5.460213687687247,-6.527050091690681,0.14632411126600964,2.216320491276644,-2.7957558122156705,1.529190807000873,-8.829999394824409,-4.150688601511785,-4.250259266076258,-8.381445884752573,-7.488405417842481,-8.711517421535895,9.740346271397268,2.5548965495680207,-7.1340400780682405,3.871458281373082,3.2762016150269595,2.2718089320779455,3.3395184138165153,4.921436352514101,-2.6543112929612604,3.696374863247218,1.8187977198626548,5.189795852605846,5.172244242330013,8.9672526915836,-8.49050109758885,9.558409384682772,1.8765650859484229,-8.466716939638136,-9.657629957805366,-0.8833962353054954,-7.1431679914040425,9.367683304777366,4.885034965333446,-9.525779877458522,-1.2542866146963547,-3.076825203089002,0.33860661081054033,-3.6255655847735007,-5.075680394231366,5.616488638231168,-9.28072205815273,-2.353229979158213,2.94687136272219,-2.722200288785701,-1.6081201073179674,-9.761053154018406,3.5625801260966217,-0.028301043611310917,-4.937821367759316,-1.8937925831056255,-8.220217489305998,5.279097248442108,5.984821058197216,-0.11335673495587528,-5.681359120519307,8.789183158804729,-3.7264664596110775,0.9424915163742043,-0.4191705169038329,-8.46815941203467,-7.873577974489661,-7.8638260589617275,4.119595134860303,-9.134766690935376,-3.3617018324884214,-3.9849842390465433,2.6574673288855557,-7.203255380921972,0.2595497387779062,6.181754984076001,-9.117197740846594,-9.276866185826556,-8.935381950242682,7.117326407886019,9.439553983951761,-8.086240373916585,-7.307856041623825,0.5159140120131394,-4.730524571678898,3.2386647535850255,-1.7741267740205302,7.529822321103236,3.197646555783283,-6.389355163923415,9.928596162937101,5.96513698435583,-1.0035592842172072,6.119542751003273,-9.14061134276526,-4.160954499675205,0.5432221558754406,3.653568686747331,3.824674693176867,-7.990100182983982,1.4076871848624997,4.066963632807919,6.04185406748503,-9.664218696233668,-9.274277429228501,-6.002669777927534,-2.5078613882216105,-4.801261648024864,4.158122253117806,-0.13359688124343805,-2.760470602285306,-9.345667409637947,2.9039161937970004,-9.858139232585195,7.156125550309117,-7.722113277109493,-6.947468584710483,-5.144945187365122,-9.309620191322107,9.413135508281783,4.405328600197951,9.915993368648813,0.5028853108365894,5.968776832042488,-1.8621240132626848,-5.08275047028977,-7.5331794724145436,-0.8756699070664808,3.0198363811699824,3.374775546801935,7.38132994709159,8.138673228357323,7.484100418254052,-8.466770837349252,1.9856185893699436,5.789428795245579,7.481223953811433,-3.763825587918972,8.449877332597097,-0.7589433328588324,-1.2076113414376657,9.303187322459479,4.376435908783874,-3.012153695660526,-8.710681310458995,-4.254683853257861,7.918690052859574,-2.34073094511539,1.793473202450361,6.878348648382918,4.724874874944058,-5.676945368165045,4.777462451404354,-8.76157500499225,-0.2786710195880371,-8.326096869425756,9.117801685585395,8.942701358976382,-1.2459660655167841,-5.061979034496316,4.1538686127115305,4.663788853709372,-2.4180166236703666,-9.008627998023574,6.512381644882343,-3.5730092605031842,0.9109501187216686,2.3535311713619382,4.236686463077103,-6.324937321239155,7.253734971217771,1.5849232445088024,-2.3544000387258635,0.21674032810097899,4.640381147645087,3.7635047892414892,-5.823170497931978,4.694998609096736,-9.558439530988512,6.805194459010298,0.14893541410453892,-4.950255262255743,2.1663951196639424,-8.645180324604393,8.59945222891566,5.4639427760945765,1.2456393658676532,4.298579158716038,9.252898075328815,2.8304228780952574,-2.7638024490268975,-6.01219977086364,3.777028745793043,-2.0689793517168553,-7.640803934314333,4.412578106914406,-7.89224036026825,-6.032857568925937,2.6571196475676473,-9.093041398124495,9.058098350743467,7.6469328674731045,8.95086999624499,-8.745457415536022,8.46078132213362,-0.07979278701498238,-4.519876267095384,3.300122416440729,0.6099552186645791,-4.322999265687509,9.678501762027935,1.4850629948344682,-4.849257690852591,-0.6481778433091208,1.6697255045506552,7.762548705137874,-8.722717335835263,8.473909969578017,6.051964933343431,-7.1235824350701655,-3.227977229019987,-3.193752169390807,0.5915459223372501,-2.298701641773489,-6.8645621907310765,5.88689690184475,0.6652639096500153,-7.38016226577961,-6.60712700012664,-7.433559136357532,-3.0716576607069968,4.20897772178407,1.0205211743118952,4.212218767042879,-7.9832322472827455,0.9110033958697716,-9.776667180084191,1.0125355842251018,-3.7121205115316203,-1.5318431947618656,0.31606444528266664,2.5179594362921325,-4.717518787792628,-8.808994220381464,0.2603597793372039,3.327714936043183,7.718005679193496,-1.8544577111520582,-1.2463626337986433,2.682717185506762,8.79454876256625,-6.255969399890953,2.1736223270810306,8.334479038541659,-3.4495396980017023,3.9380061521777403,5.2680940104010165,-4.312027047647331,-2.3992694646755215,-9.314845408316465,-0.2893855727795476,6.873789179831707,-4.829472538826883,5.850784243849748,-4.068528304464447,2.4618759368039367,5.766069480710936,3.1911538491465112,-6.366164366955704,-0.9668336290700541,-2.409361163213557,1.703876553056098,5.742696870872777,6.318588566595082,-4.266418682059068,3.830429595878135,-2.486622325064629,-0.1534617466605539,4.540673886757155,0.9655023086299721,-7.002474500132465,4.918172297838169,2.3441527168169944,7.776661915587187,-1.2952906392090018,0.1514242826000345,7.188509507043918,-2.368001625110205,-1.0686931352453257,3.1971882540735557,-8.894694895339237,2.0115840436742793,5.392608139662983,-0.9159459850410983,-5.375626679288688,2.2959062425015624,0.4823148494669933,7.965960826017948,2.8843351195177735,9.224033410554085,1.8256605105823898,6.452741632522944,-2.4356681857145457,-2.021485659023332,7.612319958064976,9.957463302318335,4.570219235257264,7.631379289320694,4.275622056267675,-4.424295549995067,-9.037141564109874,7.009574131086573,6.217090733365708,-7.17149291337096,-8.714102882453128,7.868744285351873,9.41930524295056,9.681410429249464,7.235889415799072,1.6621799955274952,-3.475560299440035,5.818316338708627,1.5888341040337561,-9.007560085112999,5.357416677298392,-7.016505404167166,-8.70101271142713,-3.5424611947800067,0.19929300210277212,5.58373391966343,-2.285700737169332,5.293734105843807,-2.6760899224574004,2.6855495411418158,8.414415103988063,-2.3786515750044046,-7.93835613648644,-6.736315290177918,1.7470545034962175,-5.0362007031348295,7.641885812819165,1.6547053040576287,5.918583782254366,-8.387606785830437,-2.8201184694018107,8.633827008851085,1.4454656180423715,-7.905095673289939,0.6469432789854785,7.464509341019017,5.299278764490749,-9.392570678427713,-0.11533877774545509,-8.63063301517661,2.710202585036498,3.1602134616789694,3.758261494443186,-5.188766877739564,-0.41246940837191204,-6.460186971712359,3.2528429711529316,0.04921189304909035,-6.903166510989429,-1.3850161876810656,3.089767794065528,9.945417270858094,3.803849757986189,-6.36889083470696,3.0451750096786903,4.988423778163522,-0.709262537547545,8.479986403672509,-4.4347564538164175,8.30869195393623,4.961048431709404,-2.790351994424338,-3.8668959177639746,-9.440130635488977,0.9342812895415236,7.490027568077547,8.919166019598627,-6.652182218245395,-3.3896960339535998,-6.400212957245364,-8.104550172983613,-3.665784050177834,5.348682565811718,2.7514248948462097,1.4471157999365687,-3.927923626741114,-2.470062595413742,6.2733576299554485,0.13290858816848328,7.147314144509185,-4.9216423930851665,-9.641164241006306,-3.1260044684892963,-8.503495839056265,-9.794882353849196,6.654052010943964,0.3453834918503951,1.7688795219344993,5.954571324721531,8.475042435591934,7.763955671493285,-9.886670676668965,4.38577980814685,-2.6035424568592997,8.29399437702483,2.1190778871036624,-7.660769241779386,-7.08312994813155,5.223913713233992,-7.313378235296439,-6.061218612577006,7.449875364098215,6.533948587472139,3.728178034753478,-2.9685324071618453,-6.558508436716643,5.722677347130356,8.856025517969876,1.5965562818904644,9.27176079532769,-8.006709296369142,3.4357875060096887,9.670400850785803,-9.832396194764552,7.279074539694886,-1.1666085874460652,2.3350537877708213,-3.404458251187979,4.877223067820564,-2.9870515373411095,8.014590727659535,-2.695696681130073,-9.0524091382561,6.123608831797721,6.868652261490681,-0.8817927803656449,3.743958259563291,1.0472878426891175,-5.338635234101625,2.7265752443475595,4.555883248294281,2.287886353873418,4.861631183171664,5.33219785403926,2.5074110652878456,5.356994628065159,-2.844854450759926,2.852282309450139,-3.4013584475745855,9.771978048398594,4.711557661484576,3.980059842046167,-1.336167289287788,-3.014896860041752,3.0842766541914894,8.12409843311951,-3.655783087760101,3.7690328422458634,-7.147671782932883,8.936521806793326,2.1214300873315537,-5.111153255566605,8.137618329993202,-8.551201029040518,4.3078560069722815,-1.2470714029523542,-0.7243083031170094,-1.84060641925727,1.3482157181784888,-0.10757598475818497,-5.228351760403614,0.3201878572164354,8.094839595732054,-9.495402428162816,0.8891442928184219,-8.82263291748673,8.355097749336263,-5.155161017908567,-5.857826832044914,1.5623751869581248,7.545042926342415,-4.740791977098295,0.9600822210834181,3.5574490594383796,-9.27957778665925,1.559219132189952,2.866863061495856,-7.828315474033283,-4.576321932029533,-6.389226167215516,-5.398596674540245,7.6211695005330355,8.760466523324567,1.9292527722058033,1.1265152028572203,-6.154208571182826,-5.3411508815041175,3.1142981486740435,-5.473478647118362,-3.9582082912051675,9.713191589459665,-3.351312265036115,-1.9876921979173439,0.8292993680801182,2.779630711245085,1.7452992544245465,5.95545413781916,1.2609413349006093,8.529177853823601,2.9297299076022334,-0.6452366200437147,7.3257309675458835,8.101783086156566,6.093775632266031,9.369159945438543,0.7989315883537955,7.091819337179032,-4.195034340555138,-3.9996748880763677,5.7661514386012325,-7.908765373906808,-3.836143541175576,1.4251600920826668,5.880038957725537,6.47542083869422,5.541117529966705,6.529400134559545,3.888442323117074,-4.921645908948418,-8.294958739378773,-5.9051213444881085,9.701277957224637,4.84193499953105,1.1083669884856597,4.194404871885634,-6.911433927223678,-3.13877800389486,6.322791573441698,-7.18505830353682,-7.155577965471711,-0.36461753806807096,3.278857763744563,9.974315595545342,8.822101066740565,-7.370389915950164,2.6432482128432646,3.5997838815873564,6.0510851729888095,4.169994916638382,-3.0792292472987537,2.94604330859514,-2.1648908785883325,7.9220660088413055,7.461312391016406,5.32169933238573,1.9492907839798868,-6.133173130383643,7.088707752951493,-1.154391423489205,-6.17152783801046,-5.101202889324583,-9.011695791778386,3.0549451244449184,-3.234841683791485,-8.47994068395451,-4.009154905837702,5.748595574274965,8.017979285363552,-6.179131847069197,6.622958344530684,9.815780000206157,-4.5038282667092355,0.8744202663557417,-7.112508147588754,-6.659558023595258,-2.2427868373836013,6.188492434039816,8.242776451325284,4.543478303052721,9.837408968894259,2.5185092874248944,-7.190201011897432,7.694472637214993,-0.30010978172777314,-7.954879380540564,-6.690793135721654,7.251376052720083,9.13055061917214,2.7351135146641106,3.6617354742603716,-1.9691850997377252,-1.6744326462775394,9.755130589569461,-8.580708305820401,-0.20013158172298517,-0.830700535551161,3.865583969822616,8.484713538591087,-6.660565995496837,6.189001135406279,-2.8908582783156085,2.73243315511451,-0.5271700518426687,-8.548161126070614,9.090753271364534,1.569512145890661,-1.415043180272777,-9.652364564436247,1.2848193332929885,3.045584692959423,5.540947073544782,-1.7411559073921818,-1.165721959514137,4.836464727271945,0.7389738011125608,-0.2190993124929328,6.500381924996429,6.778447451794307,1.0986874220828398,-2.508746406308287,-6.035016843171006,-6.80100408424861,-7.366031939011812,0.7487672105079355,-2.57678779763725,-9.073843041023178,5.925232985729746,0.6634654121523411,-3.9015329014096594,-8.76700795046897,-7.957875363947702,5.1423405205110235,-6.161021900702972,0.3573335864767735,1.7245670856810076,9.132979688586474,0.11684154586006201,3.3720279726552995,9.951292553638929,-8.805002037458669,-1.6531182724579736,-6.15088185874767,-6.616154809956328,-2.2570961377258296,-6.3699186515593365,-6.564064975256638,-1.839702703918979,0.8641622963213162,2.888033305397359,0.7165353069642428,5.493371156162667,8.135854094778136,3.0136723989631555,3.05503050277434,-0.6464080890692241,-3.7284019098173733,-7.942717160392676,2.085157023551833,-9.547920971580917,-9.965988694258856,6.987054715276496,-2.647649643607604,-5.98695446958531,5.932740263020214,-2.2391523322406615,6.609520113077899,-8.633051764222712,0.5917980547891037,-9.698969873353287,-7.967284010100113,-3.182411929688021,-6.670196992367458,0.20975194212246961,1.092740412072322,7.594173102826684,4.777728247810542,-7.44765360776494,8.704609239406984,-7.50998651991898,9.616564244207606,5.4149264469241345,5.78561314432311,-9.718409452702296,-3.591037822144047,4.137556710955385,-2.0073200857982654,-3.4339229255565185,-2.282746688961308,-8.150023609015356,-3.4710093836535805,6.980380997189716,0.762191867821528,1.9953027273448303,1.3549464948238743,-9.626468536021465,-9.38229497122363,-0.6736574405237903,-0.9367074572790628,-7.710158318817517,8.89955998881777,4.02285780534077,1.4010507578209275,1.3790607875466492,-4.420287313032558,5.732171034291998,7.180201859978219,-0.3838965061993509,6.723561841653023,8.237818084783665,4.296936343789682,6.520140918743714,5.23114681478312,3.732106951465708,-2.4744366829565534,3.2041287073758706,-7.540193701441642,-5.546638374315109,7.826596747835389,-8.848148639381591,-3.727866745457895,8.847321586452743,-2.593531624374366,3.616213695687769,-1.6750267814383868,-4.664451912197141,-4.606854045868365,7.689600889400349,-7.880467986749265,6.721605043402892,-9.627948859756593,-0.30355450499441616,2.1166882135268335,-3.1744581841461272,-8.367696728865614,-2.4991185200561628,-7.797402868514681,9.434882712347154,7.714769058513092,-9.460296790980534,4.074602154705438,2.4403908797343377,-2.0600699213796902,-8.172138424888338,9.13558037928292,-9.18951641045748,3.6457771186159587,2.8256657021436826,-2.4586329003048357,2.3394169704087844,-3.922185385844921,-9.702313773205255,3.403730149235191,-2.7374007654388794,7.553807241899012,-4.076097335683409,4.076227696302668,0.8346073917902093,2.276711146824468,-0.8680671104162236,7.181901759901635,9.290248649297709,-2.728908241913162,-5.849007624130726,2.547870847498677,-3.579128918414596,-7.584791770300021,8.990716416576824,-4.229953476052688,7.532508533554999,3.6806732623870104,-3.8542858347899216,5.745841071730524,-5.048435781929079,-2.4614376669887523,4.01378828222126,-5.802820915732932,9.640916832117263,-5.393787261651597,2.0817635109500543,-0.3509850007128872,-8.533302585969452,-0.030152265487156882,9.753214995883901,-4.195736585660903,1.808613622157175,5.873009344417158,-7.871330036170338,1.9067100040688079,-7.905233671718448,-0.6208447698136137,-4.000534945646123,3.7523241054903362,3.3234077424540853,3.3738183662907524,2.29500067792619,2.368159258526889,-9.691826302468796,-8.615188245475862,-7.886270477727313,6.030915898300304,6.852900083694344,4.5741802770682565,0.5216964569004148,-4.078163766835379,9.474228835494493,-3.3726200161361275,5.3541108337472245,8.984776962509823,5.0536012605407254,-4.4255930378888415,-0.9726422501127914,-2.728787608894841,3.1250726219427367,-0.32544466078446455,6.979577875750934,-6.62127947444902,-5.259228481538862,-0.8116414703601027,-2.6975229346887613,-7.444051218368983,-0.742505768889238,2.67288659769018,9.284434113307757,6.642976855638899,6.454859612394145,3.659752380894684,1.0983795060675448,8.208885610278632,-1.1441601361450076,2.646948501203452,-1.1925623796187317,-4.204302154416735,-1.0015786313610882,1.9637341196902867,-0.47937054784537203,-7.471017304433483,4.18108189421099,-1.1977750099619335,9.303808212211791,-7.70117638933691,3.4182154965414426,6.190866100890375,-9.581560921857523,2.496455087360559,-6.740968084059209,6.303110177352508,9.841008168685097,-0.951812708685269,0.2431964262233599,-9.855165490106083,7.564217227481976,5.3662132958495,1.6359071989492904,-3.5603877481980417,-0.5968838607479441,8.062359713030734,9.303837682442968,-7.798546817212182,-3.7459269079866893,-6.623493384511754,0.8690790085120668,-0.7175263623945014,-9.784254214462498,2.584257299932455,-9.516901155933482,-0.9551630177162878,7.805624103630905,9.058551349482283,5.782493642344939,-1.212668919362276,-9.889242632506448,-4.762424696257561,3.644024630822516,2.495777230143359,-8.339589128758195,-1.7569316313790129,7.5753576201767565,-4.861877487246414,5.288323101551365,-6.074160687208188,0.792219434362833,6.511573001296931,0.35393671666973603,1.0630432782342325,2.8949729853071062,5.984086511577601,-4.736759334476104,-4.860903666327254,6.915485284849492,-5.0511264842140235,8.133767713407693,0.43906445098873803,3.167239118402584,-3.5181297063307575,-3.898948421264352,-5.9277303833513635,-4.1406713635182,-9.321921811004346,4.481831759218775,-6.265413434352299,-8.538208906047984,-9.512964954484504,-9.594893319945573,6.267957590020437,0.6372397997097003,6.654034448140504,2.0433482963348304,3.372949246295203,-6.119994748383595,6.894588244423311,4.394196949621369,0.6979901294558228,-7.063185018456477,4.305302911726681,2.550220911564203,2.8555160634539476,9.203911675241628,2.442277341789353,6.633086631829947,5.429592314532222,-9.67047371973752,-0.6047774337478238,-6.944228532321777,-6.513185571583657,5.83299669309104,-0.539887308172089,-7.453522150740217,-1.4171773122008968,8.842507983775963,-8.542067566337309,2.812508346485778,3.92768081570196,-0.2778962926718993,1.070663763786598,5.2033458351869974,2.3066595615914913,-2.828424674219516,1.3467449443459714,-4.0189728275186205,-5.91110983492841,-2.8212493279725166,-5.132467495406832,-3.9668935246327646,-2.191672159776388,2.442312929813058,1.5241219157071928,-5.305475732005187,-8.005724478009665,1.2864186963390072,1.9893730561481764,2.9352048514821387,3.791765536404199,-6.55020635172241,3.8445408444765565,9.706203257148495,-4.989898217770834,-8.003562866336743,7.214367210891108,1.6986614761835988,-2.134831930727872,8.315604067437036,-2.881046688801831,8.259079625547365,5.879184870589697,7.146836887246938,-6.245633186569279,-7.552899496336776,-1.2391226519636707,3.6998754074307136,-1.3282322085352263,-4.458588628190672,-8.836059484315086,-0.1535422256381338,-6.15265919389908,-3.3339487120844913,-8.467291455268185,4.328230577147906,-5.330687679510968,5.290851712861539,8.43921270206538,-3.979758097207129,-0.06520987299168546,9.17537377309943,6.181391572705579,5.012616459889053,-1.3961638737015143,-3.260033917682321,0.037343775695003245,5.047713517584553,6.861858890518192,-5.041662706394856,-9.066015843398251,8.39429451352753,9.637784391767994,7.212706568250191,4.731644768181958,6.939737428180269,-4.755912204507915,6.277692349921825,4.800919761784977,5.630765417256953,-6.941072190912965,-6.6115069466773635,8.084049865924019,5.995987087208075,-0.008361951365385423,1.4393494883863838,-4.005972334417436,4.359808010867656,-0.6241843329782331,-2.529144011013771,-1.0838591786349774,4.787059426139697,-8.317151071352287,2.1296743753311294,-9.327288633540892,4.294153376459896,-2.866258755373652,4.2138473151015265,0.8146845708066692,2.636269754940928,5.771528403725748,4.01516764134727,6.653221265717093,9.824256971901839,2.748911068275424,-9.508484990304616,-9.47774668322638,6.493014719342355,7.322130348045338,6.349541552893772,-1.6978800459361665,6.208214023887507,-9.009685780081746,-2.018259430318241,8.040216445680251,1.9991347367411052,-5.9366184865348215,1.9145736535633713,-8.875010568089198,2.964923986515707,-8.746200461225202,-9.51527857042409,5.82308301235112,-5.557809152918985,-5.516743507993085,9.293023638127814,6.279020156007022,7.182652459353104,-9.834985602569354,-3.95926860232138,-6.828216536950191,-1.901245740302663,-0.052461075910468224,-4.230382565878683,8.826743105839117,-4.4792586787828315,3.9048085479769092,-3.563725797929271,-2.5667507283970714,-5.045298467115298,9.110273744583278,-3.250351877943654,-3.8954552277120458,4.930695262143651,1.5919656552720856,9.50450627960602,-6.487830930742538,-7.942690109898873,0.6454167119172087,-0.8732410548772336,5.108110268579765,-2.240653227416855,-9.194840952123165,-2.283107631364838,8.842027361495045,-5.066854338424259,5.263839154412956,4.391179363927636,7.50837373825097,5.074294107352337,2.4831959617232755,-5.294686117270615,4.923371824676471,0.8265308582308677,2.8494841159505846,2.8745523764097385,-8.177866808690126,-4.007963435788562,7.46183910892168,-1.3033146327994096,3.3666328061600748,8.59671815225154,-4.388534901481136,3.833189138382423,0.0014570297727800607,-4.285262874705234,-4.328916463190351,7.590404067698266,-5.896226465213101,-2.1117686183738815,-7.635873605637597,-0.36809510793195344,-6.553429110334865,-3.068234233409206,0.1851521081860703,-6.182972121294467,-4.769305229837009,1.8878273109960304,-2.162566595196081,8.821633219329957,7.4686344225580505,-5.45794794474398,-7.5817237450812875,1.4915163379941632,-0.6171361623516383,-0.7319553318791687,8.810936012209076,-4.441477712949553,6.950679974097653,7.378099434220307,-4.857985464642525,8.909328124017033,-4.003196758827505,-3.167147134511139,0.7942109201742635,4.8774217809482945,3.364493912784166,6.286671758811252,-0.07267405176961717,-7.100955213204498,-8.818456655405262,2.829656007405653,4.741627913319926,-9.038245575983977,-1.794369817283485,-3.837251417355205,0.07371231511006648,5.833210949205652,6.814933184200317,-6.678967353084191,1.5249524432024373,7.378090499978583,-7.037768427540172,-5.39845842501469,8.058757634247069,-6.886775814094806,0.27964844365411423,8.264535363654804,7.42293717377494,3.6000827003168006,0.8329634007666833,1.8066696756454643,7.11605424818212,2.3673475806460242,-2.828116355262587,-2.5238942216429816,-3.497009543927428,-5.674545766770525,2.390807941577183,-0.7113299952947756,-2.459726634779793,-6.941552953554493,1.3090951676813596,-4.1231134722900435,-9.064164614752597,7.2355709199717815,5.072044063701576,7.341392679218167,-1.7066306035510728,0.8538720507047479,-2.351820936220097,-0.9857982749149876,-5.269424313216414,9.676430583539666,0.17923708231769808,0.2576470172540706,1.3537819958825494,1.218654458943094,8.880393565509923,-1.8416933858066606,-8.005234284605631,-0.4878918432060946,1.6630053537986313,8.10053894856247,-4.850891858681427,2.1363673302405886,7.340134646649098,-3.5501533400278484,0.7101174054296209,-6.759533807620404,-4.523266372081238,8.975671925338034,3.854753305887675,-3.5538902969922814,-4.077001573335652,-4.887237167400467,6.215231428581852,-3.07902023202762,6.304906945492217,1.2180198684706038,6.583156828978275,3.182008458297192,-2.1013068021177395,-0.09119675182360076,6.528198007160093,6.236635248258992,2.623466008951702,-2.106934185898119,5.624190069294935,-2.4125779978344593,-0.23355960919765728,4.23286739021562,1.8522611772455218,2.44808195872144,3.532231323627755,-8.353964486243674,0.928915089903315,5.104962735275633,8.381354484652665,-8.876941944641374,-7.298047003430419,-1.7024041860688666,-7.34306123145966,4.489458768332229,-8.790540632146385,1.5866782954774727,-8.982406992564073,0.03978925439021097,-7.9469337666350714,2.5833263491336496,-3.782173894752292,-5.48997761511955,6.948700339659311,-3.004801117015832,-8.428259638542617,1.839624704445395,-4.032863548395755,7.595906365128197,2.4531987097937495,-6.474764506341977,0.3963747189253439,3.9871030012992303,-6.932930241537266,-3.670191426245628,-1.522690830213346,-2.5539937202801983,-4.324658164323569,-7.395349229634518,7.9518419696531915,-5.770955608465281,-5.339714785441727,8.18149883814701,4.471852126706269,-0.8460700897494338,-8.31723507150532,5.033895702576089,-8.51476974306137,-2.787920276336477,3.976514130272651,-8.670566367041923,5.601191493675001,-1.5440378991716486,1.4939231579697339,5.083443569273289,7.532267052395788,5.434293558787358,0.8383678438365987,-9.306533629402924,2.44644730282943,-8.510409199323874,-9.257171411802638,2.0357465607425382,8.124264675361001,3.859533045831773,2.1139580326279432,9.131691980649578,6.078495537925722,-6.990748954437334,9.577808560532105,3.1314130696850064,3.8208984230282894,-6.096096119649303,4.507140484343864,-0.8636079367090765,9.902461569608722,6.307189081257231,4.8014363783969305,-6.4248730519628765,-8.142951460042323,5.008157022593009,8.259632317049753,-5.7384969851690215,2.9752118669803647,6.727221960596026,-6.289311621483817,2.4050251821463533,-7.8622018162782865,3.0459502765817508,7.099538479509093,-8.859318604756908,4.173440060531222,-0.22366295570702022,-5.0477391989134635,2.2720678467726785,-9.712594674189512,-4.385552685607548,1.7318091697706102,1.1087587615107495,-2.371098618323188,3.46239406782386,-4.114053863779734,-4.168897336812893,7.914991929276091,8.71094345947067,-3.387257974882873,2.995086402354845,-7.922679647213862,8.107565902704305,2.291895147514662,-3.9774949588193875,-8.79852876715005,-2.8512712826522835,-7.450842267181144,-5.6542246697462994,2.610481525405559,9.63645415478651,-2.5666160590998537,-2.9543858231268905,-6.663636782890694,3.359045182119031,-6.194185651438047,-4.715696863840795,1.688544132421777,-5.00658055230808,9.221970674309642,-7.685598973530691,-7.753119400304554,7.931578706619057,-2.4288166594868255,-0.27217850842520264,-3.2053870719347577,-5.234935383212489,-1.8429770609519647,1.6530192545856544,-0.7816110427914715,7.721753758080155,-6.902135685916326,6.413773127106264,2.2992786753821406,-3.0444974153602544,1.4723481522888697,8.91188269800513,-1.4566048676596068,7.38936025269,8.46162355655077,-1.4287175134524936,-7.264359142841865,-9.940901755564099,8.929436464813016,-5.008285392836404,-8.389062391585664,-4.685936609909751,-5.2981830839787,4.369097333254654,-7.645709598390084,0.25540607482772515,-5.625712440036401,3.2070823489919356,-5.233172406619426,8.93444553013143,-4.049486227279124,-8.564097981488121,-2.3069290370967854,-1.5733627848370304,-1.831508246196842,9.510929039334222,-5.983966604426447,-0.08148329912141605,-0.660456718081857,1.5932345118708628,6.0815205852178735,3.399659370990724,0.6295877740256213,-7.548360054748073,3.199677234842671,3.084134143158856,-8.771058194247797,-4.882741786878604,1.8775862313532627,5.020597817207264,8.393142513814123,7.780091100596742,1.1677166949514053,-5.362925054486878,3.4776665641662845,-3.0664313493474697,-5.06208153077603,5.117156216684398,4.487102633236841,-0.04049841931998266,-1.4265560611856571,-3.786457262840015,5.43983653461661,-0.022368254993281766,8.124869066486347,-0.6605892266763256,-9.651509463156385,5.573877429628487,-0.6365591041027745,8.337089339447601,7.311424602850373,-9.351762686649591,-5.0298086584790695,-2.0023595681314488,7.847048679737053,-5.66482482262034,-6.41866322804238,7.3355017408626075,2.972973887850399,1.511222038691752,0.8551677223236371,1.9612257326536593,-7.5272393489234375,-5.070262932816087,-0.19822595759937833,0.4849346935315815,6.831333592592902,-6.6341529264977295,-5.15132073417764,-2.950312880297772,0.7693434749621417,-2.6314068232460963,6.786681834006252,-9.207569832644278,3.0335354360901547,3.897146310978375,9.03293730022573,6.941074012214344,-3.093410893031267,9.073448723110687,-7.62052084836585,-0.2522680290351573,9.586070281133672,-4.970209909471439,4.7734749189528,-6.000585325931591,-1.0670402263627405,9.459909854962,6.85599189758284,4.145895207121397,-8.51758475825184,9.85783200674421,-2.43568280332277,6.715421779811219,2.67399096255026,6.14651437310679,4.056024664180395,0.18456760289098995,-5.601388567136018,0.12523099883205902,-1.4989798300081265,-4.091267857717929,-6.172171970012332,-9.24649463069178,4.9651337638192565,5.113741846254518,3.7845032318770606,7.841219340305479,-9.593928579561947,1.2027962508155987,-1.8380205688077247,2.0542658018741715,9.035682697083715,-6.964072751494292,-7.828200970230242,-3.3061550210027235,7.114197151764138,6.660408972624239,-8.584702670585427,8.530790591749852,-6.478922624329764,7.850076686958026,-4.821052852668297,-3.5097797684480136,-5.835657890070198,2.769206739665094,7.135140116711376,-2.4670353724957845,2.0531058975572094,-7.0661341991462585,-0.8417921708795522,3.813907125274657,4.4598226320200745,5.35375340052993,-6.1808051664236885,8.048939639974705,7.318837990464047,2.8837906050133952,-5.451218971970531,7.809892208294944,-9.401584731833761,5.356075928558759,-0.6803255539296522,-3.6428140659024173,1.5835438598432194,-4.064725360264749,7.927337506154824,-1.0140022221296103,8.262964325503404,5.453738173414276,0.45622477647066795,-7.450325696572683,-3.3671132896729787,-9.310904976611683,-7.499498458520617,1.5542497223687448,5.646779438698438,2.1111969391611236,8.130759189290401,-8.701665286432176,5.420310532318517,-5.467640808600336,4.532684170059607,-0.17918167060914314,4.372903448879175,9.96817892044453,-0.22659213803571276,-4.348429921171377,-4.126229066025622,3.771739554631967,4.552261668252678,-2.9605074200392956,7.75586161275611,-4.908220039684532,-6.078460075753216,-9.873274452259626,9.994048105284417,1.0847773667859784,-6.0323140595218705,3.2873299144588124,6.845187452898028,-9.144411170729743,-1.5592016190672098,-8.60436342069098,0.5622141180840945,7.347911742723156,-1.8290748208244274,-7.057109149439564,9.665557195976625,9.009627540506099,7.151061553253911,-9.459859646695312,-1.7841779701518696,7.000130304685573,-9.4009385530544,-0.9567824043962894,-1.5151938589006697,1.5021822239699407,2.601875732065553,9.196883678770025,-9.311734895948355,5.485633749192644,3.4441362054984896,-8.172694139826511,6.497315942239332,8.876305772573453,8.477322283697433,3.381783581414579,-0.45854810054163586,3.912951710832429,9.917680672074958,0.6243423293846533,8.153126585135922,-4.87732270145427,7.0889705048723,-5.933986700799094,0.10207437808586839,-9.922642286823777,-8.046656397652852,-2.2909549177524724,3.3267945983634775,3.355991275313862,7.416517000580637,-4.028028980360512,8.242959319168573,-1.0134480881233525,-6.325416099232211,-9.365549980383694,-3.2193761951549664,-1.8906326173819092,-2.0907016854084386,-3.4835276346233535,-5.441428162650759,-6.599155474855431,8.709503303128002,8.271016488561692,-6.796843801294465,5.536964623359502,-1.047945978442474,1.426331278267165,7.649409685665415,-2.477799482738825,3.4440573369451073,5.7436491886385745,2.9942792756858534,6.701185205082158,1.1116777895594865,-4.463869089396337,-9.108411191414065,2.80269492572722,4.109033844741106,0.8976104876941111,-0.9633666701754358,4.043520749157295,-0.8820420831287468,-6.938683446630409,1.6336862023338021,5.15786924426723,0.6647539462354519,-8.087221800443295,-3.773585176579674,4.820700200277418,7.666059206227967,-4.46730578733566,-1.1803205339184935,-3.802629100497061,0.9564583656636181,6.76695882735633,-1.754732064128909,7.657422413097134,-6.414734683516247,-1.0129271850982278,0.19841705245647745,2.156910842677606,-3.762184265142765,1.13508180762536,-9.791871760749572,7.192389201624472,-1.3692663925496174,-7.429123180044881,4.520560560586146,0.42748488520912176,1.0428192732300285,1.6906511769374433,-4.318337360657132,3.4057735028500282,4.901495914566416,6.943689627737832,-8.747377818795357,8.360537314686127,4.764327087150324,-1.7775950905831,2.1975778854316896,4.540293447875911,-0.3548692570936218,0.0695236936883763,-7.821092090840924,-5.928928151564308,-4.820907529543142,3.4246035927570624,-4.874029063936794,8.48933005329227,-2.0508503669480405,7.673792414454866,-7.089389800555901,1.7341539358690206,-7.3375499214047935,-5.697714458973073,-1.0619911128801327,-9.819458982392977,-3.0378580876645156,-0.2559933523524389,8.962084558084374,-4.450269799108552,0.6934448722029174,-4.661676497650598,8.844500846080646,-9.391765650059938,-0.9787601924542155,7.040619981724106,-2.9174217618978515,-9.502324000235213,1.4195290272665773,-7.433622771396546,4.305216769433402,-9.444014327891368,-5.971971612912448,0.5093792971337674,0.532035553516268,8.532592541849265,-5.087492466507777,9.283968441783625,0.18913988254826464,5.164675495869822,8.96726237562542,-2.006518970094082,7.621296480004183,0.3709077556373934,-6.3698087670025245,-0.6813145604670936,1.128847416418017,-5.326201157040373,7.137317581860984,-1.5971033060600082,-2.012054120945601,-4.271697291842916,-8.80072042412869,-1.049330861425311,-8.367002420898642,5.3650050814066255,-4.681435799834086,7.05886524667228,-3.319543396870836,-1.106125193876025,1.6789506998647852,8.085014744660345,-4.594487266280646,-7.938564396400918,-3.3900406398822547,7.904855858831887,-2.0053658463557706,-8.685920214405584,1.5688553647711743,-0.6385717419649204,2.505613648856464,-0.17414789592132607,6.337328563150674,4.783220913107289,6.777235864308999,-6.524732451417852,-6.753164747893274,9.542550870788762,4.631855153436849,4.118350601556486,7.954995730230291,0.27894541651116356,-0.27476358104734366,4.636917724497309,-8.686383081553116,6.472526336532173,7.885113014422053,-6.360472605392071,-4.839728928680753,-3.0817436842731922,9.15203802577777,-0.20846394216517794,2.729616454277439,-8.386704220667593,3.0401090734495924,9.10631155888521,-3.37590007365489,-6.632254826942159,9.620298481056548,8.690416627337076,-0.8125912783438878,0.11202392931972227,-1.360828210152718,0.8952429429336526,4.055318061258976,-8.202081196426455,8.81919971276805,9.52245546849268,4.356348250183897,4.883452641901227,-3.9060760728558357,-9.935844299174793,4.690751958550713,7.510140657993187,-1.9153583880837992,-8.498138774517951,5.443649881530163,5.49456278126463,-9.891668053180142,6.052264746264655,6.951040304831437,2.1742117918603476,1.7181323201491612,9.293276811300338,-6.399595204769135,-9.545537694807509,-0.8009902519356498,4.667417997640047,-2.622754350243939,3.44826880433091,-4.530461909613908,2.6288358027892365,-4.107439428312317,3.741239905877844,0.8250235339479772,-8.910792999108798,-9.438575334316056,1.705509629494255,1.3649296666248816,4.568129611201394,9.403800787527292,-9.741461808806477,-6.161886766267941,4.289960833868495,-7.964204133879528,-4.121373936550423,9.825987307962713,3.5472767998624573,5.327602560906273,-5.042561732392534,-3.3387927036259457,-2.121059917518073,-8.428406616151705,-5.324592493362559,-4.71198334331862,-6.018117004598926,1.0922121799311135,-0.43540214435973823,1.0102927046970205,8.684712440441874,9.127197709297764,-7.110555758139718,4.025890317092163,-0.8828969092162353,-5.176379146879668,2.437566103519309,-6.860852640363804,6.808005105785032,8.375164490567467,-3.795646128733212,6.6518928746532,-1.9587348942452216,-7.7222554422502565,3.2310256323457516,2.321653840883764,6.156104123381386,6.5337031404418795,-2.0122974488806555,2.977740515624628,4.361974118086964,4.569375495105453,-5.813125776732166,0.4296100738999815,8.16291699564735,-7.884275672789125,6.661512948618512,-6.752669921104763,5.9426269058677335,-2.5109085242237805,5.765657603785183,-5.357189745910469,-1.1807520610761948,3.412285997408251,9.677288867544213,-7.9111455242459865,-2.2948951944092766,8.624471338561357,9.892558276884905,-1.667474894582666,-6.820196994092804,0.5188606547441221,-6.176538287757034,-8.718032742894344,-3.294158501306976,-8.335480662984766,-7.459405559911508,-9.582602389653808,-8.532590679250841,8.792231328133795,1.1673620408632068,6.734767459691756,-9.670127164814454,-7.0662396234304525,-5.214132003163618,9.149889566170817,0.18562075633172093,-6.058455468013657,-4.994472732079858,3.13871480503796,6.718158592808784,-9.420867527069499,-3.1667838075249684,-9.977721159785226,0.4495876457677568,9.349317251753398,3.3135873760385337,-3.7913607059144745,5.456176241473553,-5.257657680560541,6.432062547601664,3.9577110959976665,5.798163800120635,2.118286701743777,3.0970346664369472,7.168617188567218,7.5275892466701855,0.10335731951088079,-0.7088988128404097,-6.440801365072177,8.498655859378577,5.804038087464834,-1.4736221739050688,-5.367921404479523,5.02179582021993,2.0232981567464243,8.666746394237961,2.472335163671083,7.008250442467208,-9.209952389683362,-3.0774605651070974,-9.286493786157266,0.798574045626804,-0.496574669443115,-6.741872185461117,-9.80711700199586,6.636152640171549,1.6818585549845917,-0.5930700521607974,8.925260191710503,2.226995857904317,0.047278306762478906,5.194854995618954,2.4464070719757594,-3.161812316456041,4.194678603612129,-1.0714200918711683,9.390864246431057,-3.6770006313054093,-0.6279760851028691,5.84247001301976,3.571593341207942,-8.731274872060498,-9.19944813207348,-3.2194438578846203,1.1131726172411778,-7.627604578692475,6.489853760913306,3.2978282169903643,9.611764035941952,4.064776766546103,1.0559011475038975,-7.110300325966932,-0.1059937023654296,2.4034346875169312,0.6937247672701794,6.572832294997205,-8.249427153452658,4.844445674619193,-0.5615369757275541,8.529906189542672,2.9669632135544575,5.700829223209139,-9.224676172987198,3.6107462416130645,7.420346381037877,0.7814021212936346,-8.795674644216563,-7.588687304914754,2.8170372943204196,4.606184198466652,3.90854762561856,7.374639540184198,-9.60074589163533,-2.1071529695782854,1.4019458538972103,5.0648720797714475,-1.8480134501937933,8.179054995852969,-0.5982251180290472,2.5038897319309665,5.2004427516792635,2.1264466158059587,1.9083768576402367,1.016936433180046,4.699177015292818,6.405595292890187,-7.888249831732939,4.780387966533876,2.4306318058998535,-3.616949251789368,3.246718522449285,-1.9376802226168124,-0.08790610406765609,1.4255515262604774,-9.954094663208412,9.430407687228083,-6.031765587964908,4.743058655296915,-2.663543827671342,-4.773867746449718,0.07080784924603023,-4.581859497287983,0.8521132080611338,7.991863737311093,0.7232211539610809,-6.510334102949011,-9.755526002083222,6.457070990944658,-2.0558255950386854,7.6825027859762045,7.301556592789499,-3.424309236022278,4.830310257221186,-9.748965938626178,-9.014817803039772,-8.883433583454533,8.138122094870585,6.2843342803360756,-3.8876383226586952,-5.736948198793252,8.513757519871188,2.157639546673689,-1.2243598737424115,6.476833188311989,-6.677753090020211,1.0257021247932663,4.740531784912081,-9.152034143898362,8.687410343917556,-5.111603816374082,1.410198188577894,-1.8631385287720814,-5.898776135491759,-0.22223809692908958,9.0231981212795,-1.6353329320930943,6.846963811230417,6.085009531149996,-4.532090050965465,-3.555158906423266,6.536756251413898,-0.7647018962106262,-6.668731706681776,6.537067672063529,-0.3743618211879163,-9.562184451732412,-0.9755629293481523,3.9817917249787644,9.950091250112134,1.3822620884693837,-6.8927062851322285,-3.324201753869753,1.9230000876553515,0.6251940324944734,-7.778015279822663,6.9300937260636495,6.560587261422587,5.09778424723628,-4.561202973809511,-8.736970379235077,9.097595173582828,4.538809301312039,0.8804697439710338,3.574210256040784,-4.956571052580405,-9.852082127088273,-7.931608095450979,-4.274899568300903,-7.47031596607121,-1.1829072537840482,6.330781296982369,1.6538986930153605,-0.5154272483932303,-9.863332379941754,-1.978194389325358,-3.7454701316751526,-0.22144816918920185,-7.304387477469927,-8.592100771069495,-9.306487314079579,9.86798391483443,9.45618253234549,9.919001067359986,-0.7248992770285856,-6.127036602631124,8.980639923287931,-1.7330638324761427,-8.44078228047106,-9.691944377627948,0.9766672476124061,8.626820529574289,7.238624071605479,-0.22717014769107635,1.072829625055336,-0.7289319141830788,-7.253737234929778,4.337944409971952,-0.69624332754044,-6.026230388209606,-5.639025303220846,4.234889804749006,-6.688734856041643,1.7678693476644725,-5.65382097837932,7.559180302804645,4.407716244916902,-6.578185376716079,-4.648668924827564,-2.3730779828062403,-7.216843131777113,1.6965126079584145,-6.332478361067118,4.29471594001685,-4.990690186042272,-6.24218122531492,3.9445611767154922,8.902203217264194,5.690522061795686,-5.974982225497188,6.325915436086142,-0.32163751226788406,-2.4280747902682354,-0.10456665116182506,-4.885222041700732,7.310215972555174,7.709532743208612,-3.60252818331948,9.931120294925307,-0.20020008635400366,-6.955364288669381,7.092290549761657,7.68004950761372,-5.703168398031688,-6.024406020957307,-4.649294828823127,0.4197492611942266,-1.103383315260345,6.611901336866193,7.330797479752292,1.8506486187108546,-5.0982232158569785,-3.0605470611215253,1.3828257624335176,-2.344325269365058,-5.303828957387486,-5.379382923034095,-2.297193639824597,5.508955865733768,9.223068880971354,-5.626240316792948,-2.723897801245796,-5.5521435569763415,-7.423251047825654,-7.377926323998045,6.017040762793137,1.1914847875648604,-2.210501507415308,-2.6665517884927876,8.33992821528414,-8.133001473440322,5.027707223728068,1.8200500621166267,-4.408169865352896,6.889543165070727,-5.506269532125023,-2.6596018495247264,-2.128939139132009,-1.4163788296650246,9.174496396878382,6.442633819087039,3.6184361701448857,3.1685504538891998,8.491218157845047,5.896221320104711,0.6988751096137946,-9.14240349010598,-7.5238983716843695,-6.120649845534915,6.098833909901675,-6.689402993953286,0.21009476996606224,-0.4624266068605358,1.9095839126921117,-3.0612681989008266,5.853016303350149,-4.791574604556441,2.724723807120913,-6.347778492239375,-9.245028384713876,-2.1977264331407476,-0.7309254574463999,2.5175515823954733,4.407629129166546,8.12740329754137,3.4129320354191606,5.637084094349358,5.73182438486354,4.573510327130425,8.779813383887706,-6.0193602651732885,-5.3134790015341675,-0.796848600590156,4.157375572119147,1.0030673222946973,0.4078239857834731,6.549339134734382,-8.19602744232851,-1.0525011097165997,5.8316861730232095,-9.482372757823674,2.5261563120496966,-6.768195876362131,1.7854146874205412,8.044567527654536,2.0845112215742585,1.8208756686629162,3.70372139497983,8.401639430104176,3.7807551077847297,5.717408022149986,-2.017379217840995,6.888921113253939,-7.949752202819362,7.003805895738566,3.168800250674682,2.6077499626339637,1.9395100934666498,-5.5873554158398,-3.5313990706982823,-0.4142517293543957,9.696999427689384,-5.049052901395115,-7.901657759085847,-9.386881995916896,6.64660871326755,0.8106286422793723,8.20585437999117,-5.794972414720602,-1.229912400236124,-8.756515459306042,0.7005539077768557,3.0635226277124676,2.336151743420702,-7.6019352973372705,-6.62921457375578,1.6640382472050739,2.4739487174247614,-3.1518668549193833,7.8016874909848966,-8.316950797072241,9.231342804441738,-5.023316590274622,-0.8869646909854829,-7.019182531102553,-7.583212295572055,8.976812516053737,-4.822746949409726,4.976551885570569,9.521584210863043,8.145598039185,-0.8193873118325854,-3.5989988918899707,3.26739602318713,-9.51621396685978,-9.533742478486879,0.37936443563691213,5.6221569118039305,-2.8014788872841994,7.696912990235589
-2.8242564233016143,9.835315029557936,7.223337793531151,-8.281977170106385,-1.7979178586427587,2.9099633706528287,-9.540413532613615,4.912479496358863,-5.849949280490845,0.23542945962520712,1.8721589906200453,-1.904836084462275,0.11918967281981097,7.127373089679654,3.0625258425032804,-0.9508949684508945,8.47601670837701,-3.3089768352486004,0.2135587805007262,-8.137811059803958,-1.308715981925916,-2.4068365606163056,-5.896963057333018,5.810676586140286,0.5075907960397039,9.25616995058109,5.197241592338081,-5.469558711049607,6.8688440301982645,7.093694902252082,-6.134216844946057,-6.362107201541725,3.566597341529686,-2.034142268210932,9.595846954828637,7.953601230904628,-0.11538537121869297,0.4913582578234692,-8.466011470900092,9.945506867274176,-4.5076696486494665,2.8834643351016283,-1.043141659363636,3.3026174689850443,-9.065779938278277,-4.246883284813954,-6.991409915196054,-1.6593235167591907,-7.81303093833097,-8.380863171089715,4.500493392594054,-7.274565737013892,-9.872802709070431,-3.8955655844559605,6.947812338268214,3.3024123160489935,-8.444913525074721,5.322107126692062,6.278051738705713,-5.179830295140542,-2.5749646557499206,-5.745857868951063,-5.923041694688704,8.777999993497886,-9.579724970502204,0.9933523093818071,2.164770760249631,-9.417173849363516,2.9920601056000926,-4.866807603070402,2.8569693864277745,3.810034620357099,6.874397865424928,8.57082856968675,1.691233097079646,4.298515266792158,-4.667711487243347,-8.977500097862386,-3.6935218478706062,-5.819343485993757,-5.546502593527589,9.651244370264049,3.180128063374676,5.648061256617114,-2.7059125673928524,4.525511089223663,2.7419949344206085,0.7562676148315575,2.094315595129487,7.711411319049628,-9.8020433875619,-7.68780893549587,3.516915537079335,7.560430242443992,-8.363748410964487,-3.091702438696739,-2.9884659994788354,-8.2013896464325,9.975859422888234,-7.403680169326307,9.518630304667585,4.12289723478893,-4.944426288511725,-7.7783043168771915,-2.5598236153496634,9.782782592622723,9.971327257781653,8.551891964784307,9.85546389287964,-0.9513253259277921,2.1861799721654087,-0.7404319258615857,5.340325302046654,4.496430674707266,-6.798580189761041,8.814977984784882,-9.0951154083041,-5.000359801845942,-0.2775266575516184,9.738705544339336,3.5555468366151963,6.856520244170092,-5.894118410398505,3.340467989641276,-4.063191772797059,-7.531943925252311,-5.190916204153124,-8.111977111406127,0.5035785300711826,-6.763974344773105,1.6676764590401199,-5.014713521201887,-9.313198341012203,-2.075125998718015,9.509556921367171,-4.289848522639829,2.31827580786382,-7.941848548109601,-3.300119612077177,5.606473328446748,-0.1582158902411468,-5.150408030410012,-4.728489370131356,-0.6440204908374181,0.4606997649913698,8.290526183700198,-6.704603517751617,-5.0990325594257975,6.733927951845054,-5.175329797858388,-1.6996486259351489,-2.912131710345265,-8.101579345699957,-1.1480780291227184,5.032712603391703,-8.188843858285432,6.4669932669766865,-0.38108183581913657,-9.746089278542202,5.702309520267281,-6.482795054898089,-0.5809720894241632,3.0420385636459617,7.204873679357608,2.109367679093303,-8.89953804290856,-2.5626193433161815,4.305803787188086,-3.8830780390980397,7.797478992562688,6.8656379935617196,-0.9267697692218775,-1.3951875721696734,8.9416845062389,-2.9177401344869436,-8.748730331102184,3.591736660066987,-1.2278035743945352,0.5965868285742122,-5.874170234910398,5.343872522998183,-5.488299542151049,9.951593899370565,3.904517174899919,9.215692841701081,-5.613061052664254,-2.159920378153828,-1.5898988669102092,-8.665587135012974,-6.197854993010578,-6.736190000490174,-4.818864507017075,-2.920589594637617,-5.487692100699714,-5.473650906285574,7.797720665567912,-0.3321400207323215,9.722754569499173,-5.169351659111574,9.07130416525051,-6.374096086302055,-5.8892974362981025,9.860397860612238,6.714087483560768,7.40130533026986,-9.533508502146216,-0.5445740034233459,-4.100762129606402,-1.6801933799512785,4.004489680052828,2.8586591658469445,9.968798713404329,-7.454269982694257,0.660029468447572,-0.40598788384236784,7.367808265195556,5.248508138601931,6.703652676016709,-3.0297253900482275,1.164004857069374,-9.560895460276964,9.261501786191825,4.122135188642099,9.348808534692129,-6.019728081619529,-5.346323279323812,7.611772810465073,4.054610509532651,-2.366806568801758,6.195067200187669,2.841358470673292,-0.2581549354476582,9.300700760935136,7.5199951021486555,-6.21174277878578,2.297282787721633,-6.933961200967413,-1.6038344461474896,8.299653373875241,-2.678605535271359,-3.3607640709732394,-0.5043354822718911,-7.157245991417032,-8.621354860862409,8.152206958159912,8.818308916352258,-1.7761726825686175,3.966278993137104,-9.46879153561347,5.280385987445937,-3.776456442680443,3.546127684487711,-9.978253102938684,-8.689930390621399,6.287874013127151,-3.753363386092346,-3.3922803055816804,-5.217446534753072,-8.745994180264375,7.70762612212101,-2.396569286378531,-3.373321847608313,2.926085242259461,2.222074912244265,-7.086151316619691,-0.23152060292793486,-5.120446586540437,-2.990614044915702,-6.49672198886395,-8.892404161118714,5.927827430664792,-8.276555596374598,3.9836359408345157,-4.637397140835784,-6.550919449401141,9.812409933979605,-7.028683477903801,-2.3175494986755663,8.039565259444029,-4.566859249221505,-2.9264599689152977,-9.278912783238805,6.161051783147734,-5.966500724032833,-2.6536757949541956,-8.476584294873106,-7.3916734569207865,4.902403150006428,1.4785146426310227,-8.725284685508898,2.0966323091345025,-3.230853508632485,-5.582515383657684,9.791316269764636,8.95527100585334,5.200036059613499,8.59523162370499,3.9636520207307786,1.6126378050111079,1.2647772664233141,5.139563509106917,-1.8968548216281143,0.7910886627702283,2.966910053307126,-2.6005881575066674,-5.4516044799159635,-9.273040324710632,0.0960418939336467,9.36138388394236,5.730064052750887,-3.7557358986209373,3.488292400654913,-0.6182221194366342,-2.0980283289607593,-4.578592884760171,8.535201772116764,-5.123254463850257,4.296611197033986,-7.498795581835962,5.08445080836211,-7.24155208979238,0.9670524039969983,-8.860126514607177,5.055981809588054,3.5181410407885494,-7.205315634736897,-7.905959176347206,3.1843565811552725,4.134384310794978,-1.84441973382609,-1.6671733006102567,7.47310612010526,7.684099566660791,4.202634103767709,4.133120980345646,4.089603526861747,-1.3251784283764785,1.4690795737426683,6.943716801782028,3.9631122308319338,3.0748876540327714,-4.140329544489639,4.581931729036722,5.671673862929261,-7.792924204830996,-6.153136073629028,7.533326669472384,-1.4805766324061427,-2.5228506594530486,-1.9145858540804248,-3.2700616974990133,-2.4333409359140523,-3.3000639315289115,0.25298900444809647,-0.24246553788181302,1.5917790953826625,4.963816529649881,-4.412538553815435,7.760569881244578,-5.796364259893134,-0.8806687324250344,-4.79179408818184,5.784439125889644,-9.433529048717634,-7.5719110772703235,9.996296041071226,-6.211150566082906,6.280696760001241,-8.178747002845427,-9.384993271434027,-0.04881580459593238,-9.036780999791018,-7.834430993192636,4.46081091978883,-3.321146648642454,2.071064237268054,-4.124458056520634,-4.879049633533558,-5.360252815949278,7.5947155230155445,8.7140624129778,-6.198450638027384,-7.888139462527766,8.794589249466544,7.572945565026707,-3.125329711572917,-9.03181302930821,4.7345578907751005,4.237267891138002,-4.471181199568206,-0.2270479890586241,-7.678601635048972,-5.434122749806745,2.5880929564454824,0.5648646973152811,3.3841837636790135,2.3570783485529034,0.947242524905068,-8.203457565292279,-4.697398095254868,-2.4699449648425524,5.5017809628011065,4.9941609824282285,-6.3676291788750135,4.903559027406921,5.235583837543539,-1.3514352609320248,-2.5818508389475125,3.957586442401473,-4.332526762821834,5.74302069067228,0.5742314538233835,-2.2498370012390456,-5.931807765633808,2.0495243695095695,-6.122464679939322,-3.426937672469929,-0.5094984369459397,-8.412775032136299,2.560444191163377,-0.0060960599076018696,5.4750273940151,-3.7221106867991764,-9.496836264071336,1.9397405536594547,-7.884033295994115,-4.784268542642192,4.4469697273065645,1.681427329531477,6.92150246862256,3.009849565320277,6.914493010858507,-0.2297897915641638,-9.630085648034656,6.733208205897906,7.256686297797124,9.216618656359664,-4.420606192634436,-0.3775505818276663,3.591856131262565,-2.607068280128601,4.642898746084397,-1.1267870859292533,2.7880144285691504,1.9961101390354248,-2.226549548739129,1.709399543504892,1.5303489649983462,-5.008582084176165,0.048249611084830946,9.53331203665396,0.652779193634851,-5.210344266275375,-7.221628048537823,-5.017094743267629,-4.790900512267802,0.9570489563080358,-2.067107161854431,-0.9514873221225777,6.305166710900394,6.6656148099186545,-2.26803648158236,-4.5980160703551665,1.1593672361092633,-8.745794135998866,8.983456911172564,1.363119914609225,-9.07032657130351,-6.250126667034999,-7.003455451792582,-6.531311224329716,3.5813389676838003,9.51098994180671,-8.507331923429435,0.9313759394509766,0.47774908381187586,-4.939742065606119,-5.553565028062122,2.5269252049336863,-2.237628969874228,5.226332045190862,6.089326687190276,-2.4362082120050976,-8.231479347630469,-3.5020550822275798,0.5463798204676316,-5.45660419796731,-2.0992581620131716,5.762929910091859,8.372242384479325,-3.8863468845851434,3.5347130047104365,7.2892092545960026,9.733654534098207,7.221279871771181,-3.639336099695008,-5.525419643493013,1.9425970144241607,-5.9515571304610475,8.995175414442908,1.7550344770952098,-1.66920872041608,3.419823637888385,4.9947305270724325,-6.8745385139804815,-9.563033212260589,-1.2562475258678347,-3.494762001586917,-0.5408711903567713,-5.316884843691316,5.684179679745569,0.19051784302512154,-6.660552807594473,9.239729643862145,-9.805091647505852,7.047403608610544,9.897398206035707,2.5408416681789383,3.470263531964884,5.027263943975191,1.5035362095443183,7.2767871633811225,6.915925272197882,-4.218296506751848,2.495412912675807,9.371621724668344,8.258204524961648,1.8074535518381438,-1.4546574684474596,-2.6340450371328084,-6.620520744202376,2.4809200846912045,5.925812870474667,4.716772741465734,-2.652104960185275,5.71847241996506,-5.905609194338812,8.194468069481065,-3.136953345881908,-6.999712703266279,-0.46661980793282964,-7.14074038068111,8.363073131457188,-4.860301089772758,6.987851138722462,-1.6779196163418515,-5.209739765163521,-3.5789138173026958,-1.420377879949438,2.0854863595664614,1.1060239131156475,4.318835533336291,-1.5231395782973944,-0.5979395400416578,-3.502304082904555,7.328930788262234,-1.4399590198773708,0.7917377984949852,-3.3818392072859833,-1.4530919097133825,6.506541247758772,1.2352430254097442,-1.862576001472572,-5.9791636568564455,5.2018813764873055,-9.085400414508376,-8.905365221234774,-2.970966603543051,-3.1657247281330436,-1.1747467171237105,2.353586100468357,-7.020450981810658,6.270723074952485,3.9871564525730037,6.32907531514245,-7.420517314542179,-1.895264087907421,-9.141087682791948,-8.647597224083919,-7.536142264689786,-3.461348303972718,-6.206747240799631,0.976984466702655,8.601686992835852,0.5946488609164806,-1.611788145516897,5.092148538405748,7.455461980279647,-0.70059261703069,2.0705925138097196,1.1749019493371282,-1.716292841237708,6.016834382475409,9.384996282411421,4.007402232942251,-0.31773082113609696,8.459144124891221,-2.993408390150254,-9.372624677570304,4.357963381292171,9.075338810136028,-4.779609190954779,-8.038103325547315,8.752063632097556,-2.296505647811024,-1.968626162459568,1.8567544831363918,1.998471339798753,-8.97601431565435,1.5556714114588122,0.26165749908516744,-9.621891394520706,-0.6599549211635569,-6.485257622629246,7.518885623055176,-7.239078659185165,6.926358500778601,8.92941507773504,-8.259071043115005,4.250655411051623,-9.272018119426237,-8.330670416723278,-4.837127010635873,3.005945375624444,7.142019853584944,3.2364725474848104,-2.7237861248977957,-4.884621639168416,-3.123438400361465,1.4126400610553542,-7.9061695179877685,-9.399649379059952,-7.216459230984739,-9.203195614928424,4.081615737688393,0.9133524397530408,-1.9254748475369645,-5.738110076656515,2.290385045029664,1.9496283063697426,8.712398210481538,-3.3382581581014676,9.478240249297524,-1.5973193533297518,-5.683748965575779,0.07028265837287506,-4.988038011331668,6.433707905794691,5.469121597308879,-4.756105535204087,8.725797059791791,-4.558350569820342,-7.631535194906545,-8.06178515994108,-0.9349655671181374,4.341787504491032,2.246275637353781,9.688742839959342,6.860017532324946,-2.3141771570980136,0.13650864363580872,3.2614392883917986,-1.2505084002822464,3.1028207024628465,-7.25876105033751,-7.582350576882013,-7.237021033874351,1.9475900037425689,-8.176937336218709,9.985632755887796,0.9224550673446608,-4.670564226822518,-5.835073614618489,-5.622727449668242,2.030874510744429,-4.031522780622159,-3.1011216492974096,8.291969457451543,9.76662821468053,5.755518856764901,8.432118486942134,-5.736512870217309,3.615866302993801,6.853965277544141,-0.07602626754371578,8.008066020975171,0.7805299653141056,8.205763990110778,4.8184712144951565,-2.2130340800242942,8.208972894345138,-8.755015886184236,-8.923566856661262,1.436019715675922,1.9684119186435325,-8.818932846799116,-0.9047708435159549,-1.4231017303027684,5.017799294027302,4.481935376437367,-7.316205598900744,0.5357295884985973,1.8845328577476455,3.311922714805979,0.769713002139687,5.422442625358521,4.807780406797006,3.33821529704929,-4.426759352703657,0.991988148381127,5.935888192293824,0.4620010113912585,7.670300081569078,-6.440899799380359,-1.1125598279098003,-0.3348193917454534,-2.718268721469304,7.554222396670582,8.937381143778957,6.508890598488414,3.201295856432562,-9.054277869984663,2.9781410750365485,-3.29843176576591,7.065189990100432,4.408210879717364,-0.09978660653134419,-6.61119451348037,1.6514260797987284,-2.3996071846652267,-0.5569774982627358,8.879764497162014,-0.07249033701606855,-9.690780974511782,2.9473897544854673,8.297900694816086,-7.142994287539164,7.885019449303037,-0.02981433018589641,4.319390643674176,5.8248203066831294,8.396824690518681,3.311005192139792,-8.208587427739268,4.172211882287991,8.849871140580177,-9.822941699197575,7.393240331740444,-7.508735080667139,-0.8184356447976882,-2.0036964216780735,-3.201718197903512,-3.6125383778521014,-0.5015776088589536,9.455062265226037,1.3628225334519772,2.797233778576304,-2.5890134379317464,8.285894570027345,-3.7626132679671205,1.259899371447819,6.037049040824289,-8.727984722639711,-5.172776102478425,3.3398236976390194,3.5670820935728713,-1.2677270986451372,8.757543760164065,2.39893543738658,0.36408673256279833,3.61433124890719,5.274721877163472,2.8456579087121163,3.253249910839404,-2.317068917153316,-2.382338116102945,4.887171381206731,4.444924064390808,5.519871462518044,3.1151704988122564,-9.456578260127843,1.6638211333360235,-5.666571621675239,-7.2899430059839805,-4.330836506027831,1.7424143545543274,-6.954295445285088,-6.150701461255141,-4.389368853753302,-7.343804488077581,0.11812854700789899,-9.217417914695043,-2.9860468128013355,-6.753316301562324,2.5440404709991054,8.150314699816636,9.705095617840435,8.334348692087449,-4.330855250923102,-4.903934799324656,-5.871548835650389,-4.5183221548615204,7.246693458215301,3.856388871834886,-0.9321316009112852,7.1239313102881425,-1.7210153219243942,4.559132762999862,3.3914226175834052,-4.536419506550391,-1.4313025571897953,0.4766786776116998,-0.5468707612188766,5.300758266362662,-3.2548465935719655,-9.340454701642937,2.3223981418441006,4.615952825659486,3.521500986371491,-1.3817122659381802,-1.7025697944788334,9.167314642477734,8.77399350143132,-9.597302239581945,-1.7518434715208961,-1.0330427017544643,6.3109853009469035,4.084454618604024,-1.0093548180268783,-9.244830213283118,9.892391916637056,2.9829943499265816,8.691908989571637,5.6358760775994465,5.214514385564428,-4.002895604513035,-9.423368696611076,3.6802170886289574,6.104561955726993,9.339240259268976,-3.754155089751956,1.2015235092090109,-9.84438582922369,-6.834003542218903,-5.89901241735761,-6.317697015998254,-5.754037837227688,-4.7295376415987995,8.544837464943015,-8.309041088148518,5.22689199564455,-7.265538473793871,-4.107107306083996,-0.01126351380157864,-2.845992181035461,-2.9833405383795286,7.008671055504372,4.790410187033768,-1.4956291981442167,2.188298227808019,-3.112846481212417,-3.049511560668825,-0.5711014307783877,8.625551770097008,3.7554578910788265,-4.873775407398686,6.458804821504,-0.7016173707683926,0.1430344417983065,4.935129508473448,-2.1089657499334225,-2.5761999978736743,-8.56938723545408,9.26905090631189,-9.300161636206044,0.2091875449903835,9.069489753249123,-2.5729326523221037,-1.0245314642994998,-5.539433375630775,-3.937248066209607,9.105987441652818,2.7759446018872573,-3.086090014760739,0.9291862094828129,2.4063095721053465,-9.724000662679293,-0.07976479446916684,2.2957213932616156,9.23611251326929,9.292096498425344,-7.510136991114267,-6.820146243577765,5.095706166045792,4.776713014127157,-7.2912940684150485,4.656503278364381,-9.665546462725015,5.608777104467302,-6.0582188544383015,-0.3656662094706302,-7.084736219651107,-6.2552575191614235,-6.067728655399229,-2.2755558458774505,-0.8613241514965146,0.6793507636413167,3.6277851423603984,-2.7602766280711872,-6.42076447725816,-7.185542890314336,-5.572503636823079,6.3999899793892645,-0.8061954772498545,-3.4585463613273664,6.630907839621656,5.628116358836214,4.990337861463715,9.436170722645599,-5.954841851974031,-9.681581026669043,-8.368017607916343,-3.2013529382112242,7.330502490882729,-1.8672794209266854,7.517872252926946,-1.894789686709446,-1.50280862484699,-8.753650101093095,-9.07401522265979,-0.40778398036854746,6.587875154636002,4.7815724806998645,-3.3234321086918195,4.711377935962757,5.5295054314069425,-2.850343635865653,-4.16484269530584,-0.25304820439452413,-1.5712337919302435,0.7971566967042136,3.274256692554971,6.9102721400157705,-0.26963380302392537,-1.144827168899596,-8.433077674751965,-3.0910536995649203,-9.876409924961111,-6.346643083405377,6.432185390650336,2.462488429668559,1.8826583483127735,2.0085238059959725,-2.5742004355730135,5.594175508969235,-5.714480877810251,-3.825934784165092,-6.511999917637392,-1.422052009949585,1.3836291319566651,-8.999754972777982,-8.243121130015306,-1.860749740737793,2.1940881026048213,-4.330321962509249,9.669016975204975,-8.369054488454235,-4.9534066351804595,-3.3608233381954538,-5.062410934918782,-8.110548482977425,7.310031916513072,3.2339726056252687,4.065316491187209,-2.499082833281898,2.080778990739695,-6.910547779623089,9.664376820160388,-1.8586266262165303,7.683968298053838,-5.926323652805974,6.1283746917169,2.588720951215551,-5.037278775106309,-6.623574169913904,7.416211445147457,-2.6183668014387056,-9.55016643843898,-6.741809748776015,2.791907196766367,-5.911959138785258,-8.443717344574711,5.32944125156364,-0.11902304039247191,7.546681916186195,9.103338914664935,-4.49380910716939,-5.094270867979301,5.8155695466025215,-4.0635200783586605,-4.533295525749514,4.4694452484132885,-3.7552270393150593,4.430403086844789,-1.8909543691527695,0.5898428822066464,-0.7694610809670941,-0.6714936162441134,3.0866749885045124,-5.545303842043305,-2.038178582676058,-9.361256695275713,-1.9884899160944869,-1.1504578822343543,4.6381045887735795,7.959614837208765,7.637026324527977,-9.733577819324946,-4.2997454052952255,-0.3400768680445765,7.935477828088466,-5.506708592042955,-6.063082242958853,-6.325890801818861,6.346280937871423,5.854178038296533,7.658782770671188,-2.5518178708631423,3.689438997160595,5.4518339315634705,-8.08193979966114,-7.3586691545781076,4.244060901665989,-3.2118540595020084,9.443338056052706,-4.163964332168479,7.286934943020611,3.4811248619160082,-3.783431708463187,-6.824812184004081,6.29305476917024,-5.008141611967822,-2.684646801285366,2.809755885408034,-2.786448987511063,9.459797778885513,-8.280937256779463,-4.260860621783431,8.796177438610457,-8.241094267534452,6.204837864505176,-6.06347944757327,3.09634164694131,8.490947095852135,-6.949968155058423,5.5308408398125835,-8.094840493096365,8.50140246377579,-6.169843091844354,8.058547589580268,-1.1039230720704154,3.0208734941866116,9.280718754628026,3.668872614503675,6.026583247016234,-6.10950460051729,6.055281681482846,-2.609692467461498,2.0176548387657114,-8.950446795101158,7.564336502127713,-5.5501808538911535,1.3348514910644198,9.229795471659969,-3.046765661368389,5.91896800129059,-1.7450932368665768,9.903877363241378,-7.608543331918771,4.768715449905148,-9.623265778605932,3.04310442388293,-9.958785948067636,-6.564931776166782,7.720683589086384,7.040614924516866,-5.057172556531661,-6.744109972529547,2.9071868545571267,5.014300348976356,-8.37383513739657,-1.2895981446239713,-7.9718458394145175,-3.6729113448987327,5.367306252115661,-9.202207278266474,2.7918031409357944,-5.888595967120873,-1.482212312997719,-2.9429246647194995,-5.602951933663234,-3.40309597712964,-5.38714631891255,8.314381563083685,-8.109908955877259,-1.3263351762697226,-5.179398617881057,2.0948975480229937,-9.88257453759199,-1.9646545493228658,5.526579719699461,-5.745371037110871,-6.149813922283782,-2.7749683075110543,8.12819873733693,-8.341847618506009,-2.5823056519982686,-7.583079370700845,-0.9373488260372298,3.41065917743769,5.628943499752381,-1.849191662253748,1.4234173293604044,-5.138031409389743,-1.9054413445015435,-2.9292566410023824,3.3081744254952046,-5.89999853723282,6.872317517705344,9.08425992194751,-6.509544883244964,1.1381473700545648,5.430784814353553,6.690662152834268,6.333999861457539,9.28907578216025,2.6434909300860845,7.475709387200652,-4.46308123596803,9.68750871655947,-1.9542889479100403,7.401623619353241,6.95152230930665,3.399293936126533,-8.725341566408527,-8.244933909921095,-3.2296071831883317,1.135909559656735,9.672691783341275,-7.18176322970602,4.310113361356965,-9.815585400633973,2.8380244750625323,-3.318538408550187,0.48613448388701386,0.10745558518063092,-6.794372454656317,-8.382799543876802,0.1463871870029454,9.101199355251879,0.22578236967863496,6.513620559526437,-6.354756601870806,6.1688002725536,-0.9421787872764735,-6.349322175251515,5.869795721517082,3.0492136820069717,-1.7094193079487816,9.863815014290594,-7.773208465785453,0.16948946818690125,9.076608228525387,7.2369627800897405,3.7640771091952097,5.615777329014158,-6.70221404993497,-3.4792200785358984,8.650387636228704,-9.767063918431582,3.569335304270293,-6.41506717069908,5.002986016441675,6.2237370535577945,0.7043913023821666,5.590813109594102,2.797137523168878,-9.008794650635481,-4.406201007347592,9.397578154405966,1.8177619988495586,-7.196575765278384,3.088167725764004,7.167584475337225,-2.2836585167047314,4.582245561359766,-1.1841800486222631,-7.763194333725401,-8.083745426482318,7.477545017018986,-4.732027443906317,2.524131695436914,-2.8110456450184618,-6.562737881175971,2.2277361204710324,-1.7498081709181292,8.069691816885825,9.329106571407102,-8.55839444467197,7.656811537662371,6.608948823764781,8.71130968096638,-5.4932008174926565,9.59882734652069,-0.47743303123775327,-3.9484987036424934,9.44930009691868,-1.2301076609180264,-1.7542842792597373,1.7383958726304254,1.41792768533392,-9.630612975909294,-1.3553686998293113,-4.320392129741433,5.637508550509786,9.9598934730775,-6.046052118686809,5.273667095924541,1.816010721857344,-0.21000755113218084,1.5079156183367282,6.998063373683234,7.864662725013968,-8.320186047982638,-0.6638816985491918,-0.9197116255130062,-9.87023687944885,8.76650646383617,-2.865224445142225,-8.141687884477927,5.162194425929574,-1.1619732166427799,-6.853623603562369,-7.343528450084522,6.092206474152896,2.608448023498106,4.309211229962349,-2.9870026857969156,-4.744078536400269,-0.7295094760809917,3.7417581609531396,2.5963460542495316,-1.127174617085922,-6.380482559196022,2.177372093906145,-3.598256909928546,5.020358811841261,-5.482437446401828,8.880404589867158,9.949205398917062,-3.194902245888171,7.560858039900889,8.761611853139279,1.6809715376822645,-2.936313186763984,7.929012735953048,6.56559061449261,7.130226831949432,-8.148266007010898,-8.233185916038588,6.6851665059653556,6.408140212335912,-5.430374354243998,1.8882181830872575,-7.784539925002598,-5.8113775401746555,-5.6603959981477185,7.236106669631653,-9.642592380549571,-3.630029947611235,-5.916127279483483,-4.585883010636531,4.543101142713974,3.4388554878034316,6.786319883850069,3.312159155316788,1.4230925006076927,-9.173370088275792,9.316501652490267,-4.612486334096437,-1.5042406737219522,-9.042892491549484,-0.46606745708270125,-2.150817013761266,3.677746754689055,9.06229536457316,2.705844758442165,8.005567323085124,-2.0856329517209353,-7.67350321512442,4.980911162162842,3.671640006709353,6.462003349015983,-2.630345366502713,0.7091508634469754,-2.876965357555652,8.672456689131991,-2.126137147669507,-6.389009651885935,-0.7890464247496087,-0.5228491822638759,2.407897795424052,-7.968420823779088,9.869421314507619,7.517697348354069,-5.756405910314504,4.479498049618334,-4.028617671987041,-2.933983428855738,-6.067414164218126,-1.3701715589007044,3.101135499395337,8.944702789237095,-1.1783380670432582,7.874233948745438,-4.581981496922118,7.122758761850513,0.3474669365457892,8.845386897867847,-7.734541363799554,6.032617688710538,-5.835674151776069,2.7729109662675295,1.1965629726823224,-6.332301389432839,1.2864550466201745,3.8622510890796864,-8.946291373875358,-0.9828329533504903,-8.97852583285731,-5.7659557192675415,-0.1682809121682851,3.584543232637875,6.803283086453579,-8.389374688604276,-3.662765120895914,0.852418121617319,-6.411815766601208,6.648194896750304,-9.072989871016983,-8.428499573760766,2.634374700554174,-4.50101312525085,4.188565833299496,9.735883306698604,2.0483840265650386,5.385544452212558,2.362510711602459,-8.129287695165196,7.821401859357216,3.242746557227342,-5.519651780604018,8.815419450731458,-1.1468728283061065,-9.730403141085622,6.978214635966648,-2.114061722251943,-4.19019086144774,-4.254809702682656,6.01552193075986,9.951641855902803,-3.2643037432081767,-6.650815932167287,5.408108106656368,-6.727913692278182,1.9749197915901302,8.271095722705123,-2.015987439156315,2.7981679248830886,5.9034007588547865,-7.1060568400166275,-6.102598305920013,6.263197504643166,1.7765893844825058,7.771991254574505,-1.2551781498220738,-8.42336987296262,-6.442305840023423,-2.9692544177902676,-8.677811739066343,7.575004383998369,-5.240457784945914,-5.906133237752007,2.0178177852324204,-5.332614839551404,0.5654284231778579,-9.763083915046654,-7.456656633052243,-2.7881185729618485,-3.2229499419029484,-0.28337080532580394,4.684251033979503,2.0230708626978178,-5.730347180371373,1.1848253568851153,8.711224248444815,3.0881891571501043,-0.6556925335161505,-4.4829564251919045,-1.6466696975305766,-6.556744394346154,-7.739276430662063,-5.449095601144323,-0.24662481788237756,-1.4237551068670697,3.9613740023817474,-3.349548084077032,-6.215712355659948,2.0606282775616265,2.5063320270163807,-4.335114070942487,5.568827734698354,3.5548919652199107,-5.894252123906849,-4.787184130144628,2.761441530509588,2.227656635969769,-6.804667469708017,7.303230981232602,4.153222870759452,2.461797335925219,2.2737180190468607,-6.001847743769789,6.49398143723176,-6.8113368235427485,1.6427597857301084,-1.1189966607803008,-9.107771487040367,-6.224349194235854,9.217791318090686,4.234025306929913,-8.367819672140246,8.014821133888358,5.3585037973339755,4.943789780770123,6.932536416659008,9.462458869380153,0.36718323709330747,9.12503419296771,-6.530524482123264,4.906221842481894,-6.477442741005504,0.5022141956895005,-7.43673436413699,6.53096022348328,-8.375335632407666,-4.719178601478786,3.3883081601903697,4.645333867949223,-8.676783193211437,-2.2966326760866203,-2.534097916108453,-7.716473025064863,-3.3587936113497596,6.619959668915172,-8.108127002846413,1.531804213668309,9.346846677367111,-9.853923914786243,-9.517275195149242,8.831818269902389,4.361449881772238,-7.510339615210362,4.598586933831072,-6.690623569521817,8.25068553020553,9.884397722303277,5.851259386061418,-5.370159736210649,0.41504869158021407,-1.6199853885279243,-7.051180346903023,0.7836100778189969,-0.7483062901338382,-8.28822324419942,5.593776162534926,2.655183705812016,-8.52393598145575,-5.316880610682899,7.245214994519035,6.853954246806346,8.245272204051702,7.504373144661503,1.7743549463988089,-7.289753502457417,-1.391999002871163,3.0957531771045037,-9.67259807088514,-5.323021707087861,-1.1359839079615384,-1.7274659261504155,8.460551870954689,-0.4723849611644386,-3.4146667947743143,-5.262931997565039,-7.049737522580473,-2.7192763392516195,-4.112343170543897,4.588140209919585,-8.176958953861435,2.8931780079114695,9.147138407375547,3.8680182809666306,-3.818502366554311,-2.133839485913727,-1.7759528372666864,-9.69895484766318,-5.526389919629244,-7.729230455845839,-3.761352368366195,8.598171150866023,-0.4636648749198091,-4.86163897526459,9.779947736049657,-5.945453638850782,3.04414654473314,8.212075679780021,-2.4497645704044295,9.991382928374428,9.077828921086606,5.270808889735585,4.996411482654352,-9.859613836881639,-3.668739563971588,-0.8834533853869608,-8.771773390110841,6.8345211549564695,-7.701814900121482,8.868174391180212,-4.27505018822921,-5.50622819381029,-7.551257231718331,0.2678955970366488,-0.03178452060711834,4.18627170996346,6.320779766150672,-3.3442190813586485,8.214191265587282,-1.7992128106199736,1.3801095752666974,2.375435770177571,5.062106179454149,9.149368055453106,-2.3513750450009496,-1.3828446490232693,1.236375341708131,-9.277409134508815,-7.345085925401859,-8.426761582012542,-7.260493134238146,9.879635656355042,-3.806789384116138,-2.6979545750468903,-2.3996240273896134,-4.473708694966511,4.872791827374748,-7.178365209994563,2.6307840828804867,3.42717925461087,-8.993766869930006,3.1112878405217295,9.840567337409329,-3.529919283021316,-0.8041305080921628,-3.5167348611151494,3.565818613349176,6.300322224237874,-1.851342090483092,7.291920055504075,7.343106320228404,-4.259830048215367,3.411653202579325,0.5318828226187868,0.40111610769904615,-5.936454102570159,5.383213503506482,-8.50687179678323,4.935408865440195,4.766404105048434,-9.736739202891162,-8.527267229082883,8.27217895818761,3.389704128451502,3.8057849067905742,-7.469581198837947,-1.883598694407219,-5.6219343180589965,-6.7324191489106155,-5.792122139033742,7.603081641245282,-3.9759302994035544,3.959348819658114,-1.5746433113553149,3.4287291556609496,-1.4838349674728661,3.5535076989797467,7.740844496402978,7.606461227954139,-8.17985252698778,-0.580411511099534,-9.710317804281388,-7.421273363577463,6.130100619233744,6.967121253818689,-7.888208732096391,9.666603924943399,-6.016410827504297,-6.8906023909077,3.2999439884082236,-2.5916592666909803,6.362428194593775,-5.374109205656432,-9.341115413379297,-8.08868166341882,-0.9794405762459775,-6.6379326028690695,5.857808885890524,6.926708354747628,-0.15738577654185804,9.431920867467667,-8.842784767318593,-8.067532905722032,9.501419050834528,-5.863688930857009,5.22065800606234,4.200533428181512,7.0074062249520495,-2.080745767187439,-7.371609832484422,-5.062499921646369,3.1304666819741094,3.4315168699833904,0.7024406362371636,3.72128378000008,7.9531924804716425,3.771524289562816,-6.847729006190195,7.54868459521639,-8.82121648358771,0.9061936253294416,-0.923332971518116,9.956366809112254,-9.263718203335735,-0.9807076067196725,4.21313203396803,8.26189768719982,-2.2925636120891157,5.845701848945508,-2.2652217821953062,6.447574168311185,0.18708737413471965,-5.021033272076744,-5.289682503725787,-5.188513691214034,-5.029550016804707,-4.5164728519071895,-3.630003016527641,-8.333087213453076,7.1502120688210375,5.057202007915251,-0.7548968665951286,5.845373205751921,-3.8902677403751307,6.703878051175906,2.570096570856048,-3.4594413187165207,-9.664271917225078,6.254412379449512,0.072656531214081,7.370320556983202,-2.888999995276162,6.309539183972799,9.33556517386041,-1.6929301507910068,7.131853909542819,5.639211291804598,0.9891793369859379,-6.628326182104383,-4.126706451053792,2.9120270030130797,3.5345418604216974,-6.7067922060219125,9.30114061945909,-1.210276967421997,-6.1623248115990155,-5.830771510865076,5.11563937059573,7.543415624744593,-3.427812430822561,0.5050688707666868,9.994254203105083,-4.259964641085721,6.4230593708238075,-6.4318518919546985,-5.4140085613600375,-7.240893036179166,-2.252306432768103,8.533742524707584,-3.6825452867255155,0.32564480986928324,3.85413620554899,9.856041252439915,2.228722797112056,-9.492541925230988,-0.7424740128565297,-8.097899337412526,8.671846412493064,5.544177895208271,1.125824275089979,1.0082560846335493,-0.6159726598509767,8.17996549766897,6.454696567260218,3.6367625630606533,4.973918050250765,-2.3178791977521236,-1.4967419240976714,-2.0140917207116065,9.062862723157526,-6.05804203591428,-7.057652397472887,5.44643542392536,-2.515794733677179,8.530446646763945,6.205212908474657,-5.133282350146892,4.364601991001251,6.376224022498576,0.6484600035202739,6.1671887870764515,-4.9994708525654925,7.85940107083643,-7.447505660969675,-9.671141565236683,7.501811355530251,7.833837968599479,6.8767764215267455,7.823167730632882,5.374450872636382,-1.6175432131908138,6.720542612544104,-2.2133785512676045,4.956452520564854,-8.634330690916306,-2.706494189221111,5.338729289847009,8.724670956600743,-1.598967853433157,-7.857632324924109,-4.847328459540865,8.405212305271736,-4.709681396641208,-5.879011320560304,9.065513027977548,8.471347287913666,0.9071579836153632,3.837911682879751,-3.7977523331924745,9.366377103021637,6.247726701145378,4.160586313364442,-7.205887399169755,2.1112978415223758,1.1603834493382248,6.675734249231532,-7.9157409850642075,4.134357102739282,-9.984661402799214,0.722586821455657,-3.7743283494339135,9.823653412107191,7.861311421317694,6.772534500354194,-9.194141292851086,3.362586334837303,-0.39562650975853053,8.711108918270082,-5.793051892557992,8.956679568071454,-2.5707007769981205,-5.261881335072831,1.4949059188839264,-5.272844725263203,0.6254223071893108,9.347310334349185,-6.336347124526764,2.9650297788213074,4.7839646544672725,-0.7102680082132355,-7.688831013610436,-6.125996494491314,0.1901267635682089,-6.067553367664418,-9.581783256885823,-5.651609123172994,-1.1913604508096434,2.341561118451356,-6.640709058402816,-2.4055946895884572,-4.992365974920572,9.812562584945741,-6.002624787296947,7.866778351237947,-1.8432119090265147,3.8790961728102413,4.154688548786471,1.9750095667480867,-3.887268539533446,7.816475991930133,-0.13101743933411392,8.694831052543396,9.920827896212806,0.8981766129969948,-1.2431329144844288,-4.768697116403777,-4.418882480179325,-6.962597438681721,9.300729409798947,8.555210912723837,-8.954079385599538,-8.70039935695755,-4.877257153279377,5.27933067004599,4.214701865483592,8.544186884084546,-0.7427315272902142,-5.70547909459872,-9.132059711305565,-3.2583427814545445,-5.008113464292691,-4.878855475395818,7.333572832134102,8.782912524689511,5.622885906390177,-0.12992077045968387,-1.823697940419036,3.7062469534499733,-7.03155959677968,-2.996173416172647,-0.5473116025950837,0.6636080775499291,6.944969714431551,-1.3116479858644698,7.351535736814128,-0.6945592434037096,7.111526545836863,1.932074181676251,1.4877062128149632,1.285150778625468,9.422885370907359,-4.479051683591786,-3.363820171291012,-9.585278202652264,-8.857505247883196,-7.658974308879101,-9.651886314396076,-0.6945657373467178,6.3328157955579805,-2.9929246236346536,-1.923830503815454,-4.34271143214829,-2.532696488437738,-5.047896859099621,0.7558585509938318,1.486557146412622,-1.3253898946640081,-0.5036632276776629,-5.805709115830551,0.05044362394681201,-7.432302293607888,1.9427736477179316,8.921610091599337,6.3380999477064925,9.568847685471457,-4.604173119125036,3.2233345180739033,-7.755040073904336,8.455687573777638,-8.827682390255795,-3.613477334185127,-4.2319300803431,1.138423926981769,9.815172833812603,-6.7976206083187085,-6.184329695976296,7.496687374154458,-5.484307896429625,-8.915731035247049,1.2680825012159787,9.049742427618927,-0.37250025973786727,5.729501533345411,6.4519159528245105,9.387704537389013,2.4777330717927626,-5.223909978928088,0.8498738864816069,-5.79471883856105,2.8277693654151044,6.620885867282279,9.32763407512478,-6.0228615202064635,-2.6642423994938618,3.7461634238297954,-8.43861269799925,0.6319483549831073,-2.886478542981889,5.35992074703522,0.062036028715912295,5.58449321949497,0.2734203864269027,-0.11943759872888293,-4.253168639236044,4.948805620807548,-4.916622090118896,5.0968791467698935,5.989496875511977,0.1712973148605137,6.149869278978102,-6.960810132390051,6.328169577421651,-8.774975915538372,3.4077189771881677,2.5583632374501306,0.1770277538753362,9.994551270294544,4.564623679600556,5.615863692140522,-5.749747009720734,3.1503494567205372,-7.072797914588074,6.452894303454578,-1.7735784079686816,6.107314883415999,-7.826486510596354,2.2119266509670084,8.07041731748765,6.5234173289392,9.782525588566692,0.7537943195017522,-4.847289091268163,-6.340017107386999,3.662923414987059,-5.913529961866484,-0.11747657886804497,2.413149713980477,4.205055054971844,-4.623438935614075,-1.9674302793452174,-7.88167773979654,9.366201329757008,1.6248315420751815,-1.9372471603492532,2.980309109751376,3.5718947525795386,-9.053555751927542,-7.853708979173564,6.001581574258196,-0.02704490335716514,1.0032288586638156,5.294343623477593,-6.082030396989291,-7.096660531264678,4.067689874837274,3.0041436335674643,5.75157524975215,2.803593131425936,-8.247040074159674,7.5986568271370984,-7.232232435969424,-3.7120517284231846,0.011857116686941893,-4.99920759694249,-1.0245337952858318,-5.827544965955376,7.075875747367515,4.271246911112083,8.957663181442975,3.2739234740922676,0.711416498826015,4.539557371670043,-3.1936870495915954,-0.3948017645187907,3.3921734103166585,9.276887202296027,3.901708409499543,-0.9050308182368134,-7.41649009579686,9.999255922750589,4.309690957650483,-2.810773561733148,-7.10795059098877,9.407123961359076,-1.7956015579654743,4.249231370523907,-9.104334849570229,-7.45042116213437,1.2692829133267338,-2.421004810267804,-6.479532840845219,3.623323825670049,8.814409074517172,-3.6951047913262336,7.706981429159477,-7.196326520980387,-1.473420380696302,9.018354110067111,-3.218279004366167,-4.890808086710303,4.364025319980055,4.589502333060899,-4.6871031597352175,0.7643043147615387,6.189117906282796,-9.001709283785683,9.987088397063673,8.566641312954037,-8.565351468123946,-3.1849442465242106,2.960801825960999,-7.244339992939728,4.200180274127959,6.11702326168934,6.096162389467182,-3.701093423683468,-4.627574053030894,-4.929904658701396,-9.79644051281758,-7.054214942608175,8.402667214673723,-8.051236733637946,-0.952466379417686,-8.19355955783633,7.2697479889383345,-6.1377453339566195,9.378490239839454,8.796364496378839,8.922543014350097,-1.6569427168992625,-7.8638050723664605,-1.7588542959746274,-8.73254983178544,-3.0965452516403396,-9.220777169693024,2.104973647655422,0.22717500306231742,-3.4794316910494816,-9.388735097365473,8.505908953388772,-1.4579024179307005,2.8898695244242774,5.407878458544522,4.280521160713144,5.265779627248314,4.440380066929844,5.389131257453204,0.9092537468947288,-9.946047956854931,-7.80541139154823,9.945648196897295,-2.002575634744521,6.6181353231573254,-7.4282312158471235,-2.4049585340915662,7.755103497807433,9.620863261736087,-5.2133722769847735,-2.5103548951466204,-0.9287708181528131,2.1174970062485947,8.854110923060428,4.192518059672549,5.006608715211772,-0.9712556274880768,-9.793087125444504,-7.03432887370985,-3.6869377235336476,7.763719954145767,-6.294884269884795,-8.985619997011984,-7.5643071746436785,-6.158248640927974,-0.11571748245457592,-1.595302073997999,2.9281237943060656,4.141901023387371,3.8676883287851975,2.854127109033344,-3.3441417025383213,0.9368775839358516,-1.6584866181285634,-4.592728916732671,3.8364604602269665,8.286152527851328,7.109466375424496,2.292220240939704,6.739536855325969,6.320434050674855,-7.625542803784238,1.6869646046088533,-7.441136900863818,-3.1195868482770583,3.3107447669663834,2.874421325516858,-7.159596598609461,-9.249576906859815,-1.7766208531107495,-6.521081383337561,-1.392546671646933,9.986434440508717,6.921865387327635,2.8910592700060533,0.06608106566766914,1.546236403619476,8.669704294805907,0.15848453715590693,8.549740604307821,4.700714564373801,3.7037284549694647,-8.742743769143761,-9.156646791338172,9.523331149154881,-2.986169146312325,-0.8664212134342097,2.6886413369172484,-4.665425096441725,-3.912944549015222,7.7109501286879265,-5.503781276045448,-5.592798937681909,3.4384606412043457,-4.090125953769079,2.8162330031976097,-3.369058975344428,0.48990676822978685,-1.6217156714667453,8.298557949007968,1.1304652175648329,4.951797464541272,6.329520747683766,-4.0788316970323475,4.957709464227815,9.440439843583878,-3.9503176186215994,8.520818590715951,-8.561541430585262,-1.83723054764004,0.9668716250546705,3.1053750252460244,-3.7489063552415125,-4.662889600716493,8.24333203195065,3.53837648525837,-1.6060830308912255,5.972676035885062,5.995156214011978,0.5159722174764028,3.679063315024109,-1.3571640555574476,-3.005148081762896,-4.862883678938892,1.4743826023193218,-1.6227292185130935,-7.244369868366896,-6.2748748026866235,-2.801701921690933,8.738560097733764,-0.1661536452876451,-7.735274226973468,-6.354074310520703,-9.698646849811954,-6.67996424631923,0.4017192118248243,-0.5596562548719515,4.069642390265969,1.85247862253933,-3.6831837109850696,-6.504323412064165,-5.7717884190742,5.413071844156921,-1.41260563009385,-1.606560493236655,-4.5680149580235145,-9.856753223516769,9.05268025640493,0.6778827681732196,-0.6490022153443231,-5.739783509719865,-8.234808535104381,0.07962843517334228,-3.8419033413396386,-6.038556127418541,7.115704798661493,-3.1166881901851777,-9.58934986845778,-4.3668242589471795,7.362477064929966,1.961883454389115,-0.13762045802195821,-3.9685823115449796,-6.61932869552092,0.1918145131148563,-7.235113365452259,-1.4681626137192154,-3.071416815739674,0.0394154093833734,2.1106222041757583,-7.10025746825867,-8.560009434298014,-3.2041650206093735,-8.887247936042023,1.820708031281434,-8.011743326406759,7.2517800648688215,1.808224543865073,5.214166987160191,-8.970628652394383,-3.9476590082049796,3.7018924528443087,-4.615638131193272,-4.083017252229235,-9.716562034044198,2.5160500205935605,-4.075505053783013,4.879710332353017,3.6284505695764153,-2.6926517720769727,-3.120136302612484,-8.726652062566822,0.2575950476755313,-8.112421035016276,7.828119455318916,5.036767133024867,-8.799085532601175,4.304553979208027,6.188111432409869,-0.08324548036864599,8.448503860195377,-7.906363718524703,4.747415086926814,3.4565868580778663,3.1421074453489055,9.205953271846166,4.848024956347441,0.9109415349991341,4.755066786490945,5.5443101286962655,0.8666503148051401,4.687954264571816,5.409455863048521,-2.088431066883178,6.423753906777311,-9.57046178672433,7.534382060270303,5.915661505582111,9.146330717899424,6.798923483878255,8.005622518108872,4.865634713328523,-7.1076051160126745,2.8268878181940575,-5.662174027551792,9.973892684899223,5.5712705332500985,-1.9409745302401618,9.050149402357349,4.029238188727211,6.822157611346277,-6.96806680221507,4.316139554100722,-8.267427771943058,8.342090004482728,9.63512798289025,4.058441856808535,-9.752278392741204,-7.225980126382083,6.668197109241671,-3.110138790488657,6.746916680130035,4.596827521697032,-7.135361102612851,1.1308492874934029,6.230874027727282,3.153887160017458,-2.1517924759684632,0.5193636305826566,5.842113102117253,-3.2127015082562993,2.451559153091713,8.512909516154952,-0.35935667203662547,4.261835637335686,9.324175392862891,-1.734158425023832,-0.6079049474157756,1.4674755408823419,-8.073945115063644,-7.36789528269153,8.089970764021977,4.877165008507811,7.803529182063929,8.364892727051213,9.546596866578348,-1.2579871421080817,0.6839676940517787,9.599439167564732,-9.609453941410134,-2.541252745738653,0.6854743569826649,0.3296968642887954,7.472202263896477,9.680059005777515,2.6691383590649735,3.8769320326547074,9.90802485023702,7.189664357058547,-6.957827582800833,-4.5958241102823205,4.814035168490294,9.073387595064482,5.505477280457892,0.007408783488504156,-9.568314126894622,3.4519576499217557,7.535802805130189,-1.8955979843234125,9.916141342889823,-6.492174824342372,-4.528117026235594,-7.686181885087442,-9.1708257274353,-8.6432262349423,-2.5920690673670954,4.013860332613387,2.086191408202369,5.639626180841056,4.116259884049827,6.9373882598283,1.6100334015731192,6.0334346973714545,-2.573670806389588,9.474536236985323,8.9150254800801,-2.910702150688378,3.3239741617322505,-8.064309446510002,2.225595135032181,-9.088543137234726,6.63353022561293,4.907955115861887,-0.18980161211681335,-9.61626294369357,0.6620334148491978,8.89565953152816,-9.770748545795126,-3.6810412574696594,2.387105984096218,-8.818685293188155,2.716893337745363,-1.8918129352177466,0.3309940074796529,2.9413632139749275,-2.6259284596951638,8.328416815931256,-7.917641451139749,-2.8749183466866572,-7.815587798460577,4.455798578197408,-6.789280722770863,-5.795555371395147,-5.670936679379666,-1.1109336163971477,-6.931528821527695,-4.464179191681065,-0.7858198107607866,0.14925042575749714,8.873554845200363,5.581027288117422,-8.854490407312962,6.9628225974729645,5.618047687182861,8.168687941539837,-2.2710715841711977,9.628727518374866,4.8869320582925475,0.9873144753101553,-0.19083042910909143,-9.22179419606212,-6.766356950069583,3.333924267434538,3.2310725414559123,-6.983759599267856,-6.897234352908486,-6.284505187841916,-9.19780383773831,-2.4483132344614518,-3.35018998851198,-6.426591694589902,9.077608481120372,-2.849575463704051,3.0037363923910494,4.615453391042797,8.036925992178691,-1.3422183730908621,-0.7288916856738954,-9.481279969291576,-7.284318257084033,8.051002049323596,-3.9650567293280004,-2.691060663448468,7.725836400249161,-2.9494472587360754,2.306474968917456,-3.3856894762306826,-0.8944163418902598,-5.61704563015806,0.2075755855969792,6.5423091458184,-3.2768091493999947,5.403615498444614,-9.651023715988455,6.540521366990433,2.6795054024261677,6.755820415436357,-2.0135512016343426,-8.226015009259616,-9.445836848816796,4.17478685632836,-1.2738061118368122,-5.228013152599944,-4.287913184686351,-2.8131601811758618,3.294554460621434,5.248125032830018,-9.18317164611183,0.2739548035379755,-3.60941560303067,1.5959502399161156,-0.22599972570882088,9.394865940023227,1.89463389949983,-0.6545577277051002,-2.8273249726038463,5.724670243982359,-3.4155004707970926,4.749075746496963,8.913089066308231,9.17634820278571,-8.403306516812846,-0.11927144130883427,-3.217854733206689,0.29376546351679167,7.2602700205932535,-7.287713923265676,6.96295033302707,-5.105590961655,-2.302652114790142,-2.009765425746661,2.046872710246973,0.5587346266684676,2.7431204619892995,-1.0593103388347984,-5.6038217438782585,1.3357996626306097,4.136450186073377,8.13107464703096,-1.570479918730312,-5.446177321682237,2.5587727066907853,8.740400410181195,-9.515829721244485,9.363919381495187,8.837817455018836,3.301580159167761,-2.4761358706480108,-0.9571846409191984,-2.210926750941786,2.1361785001686435,-4.070018140234881,-5.236580995469184,-7.237293868945893,9.365637177129166,8.601089105163744,-0.03402844916553249,-8.7141288940839,-6.290655715691549,6.968875339403187,7.842766213477592,7.151030116664941,5.769355634113387,-2.1137332060451586,-0.4918655194969155,4.458660080263819,0.24150093786633242,5.641517219732069,-7.8847567142288,4.655296658399077,-3.1630594275024553,-5.352132309043409,3.9658018491552873,5.226067646194618,8.455892725145485,7.717595964065232,-6.194136424216086,2.9323924763685802,0.9056199225376211,5.703898546422044,5.968009517228133,-1.6552073861878664,-9.015128375751086,7.8853782506154815,-5.931671869633719,3.4790250834191205,-4.577631171093806,-1.322139482854947,0.8431078592651069,-4.35376127451878,7.289840567549845,-2.9546118643993013,-8.138152868426472,-2.322857692188098,6.581087772267789,-4.839890248760376,-6.438605391452857,7.551197257948271,-4.692411613607379,3.6781163567204374,-2.271227904261055,-9.330822604179524,8.739617811797238,0.9880061983540873,9.05934435791821,-2.680629095830012,-6.4047685168127995,2.771254471928051,-0.6293141412469456,6.4176550150412375,-0.7267691304458026,-8.557820336573736,-6.1614096054603396,-3.127730603626162,-4.249104085642235,-3.7830245835928933,6.898109318484796,-7.341331542708653,-5.900335163498491,-9.503691289528398,-0.028112188087003886,3.8395231682601665,-6.435442405565555,4.59366264526777,8.773577972996854,-1.210598648494619,1.4184085306891259,8.480357478639647,0.5246490921774019,-4.394170282917251,8.75134526604208,-2.363524227989677,4.611874671402468,-5.112223333111377,-8.04339141427253,-8.158546643796697,8.412362567257478,-8.368721136263304,-8.050293864693279,-4.13884591629373,-1.1293494725264743,6.833632412701977,0.7595967361018019,8.810387008465618,3.99519659911342,-0.6266421956671504,1.7170183334481752,8.457569202926788,-3.0948797676117,-9.573151859305138,0.8816412441489252,-3.050790369723277,-4.310429414131947,9.97389086764143,2.414047669214467,6.072465410329855,0.37001583777713165,4.5923648178124115,-5.6460642238661585,9.584827954662472,-9.112751363736127,-7.478554604733616,-1.7901622597084472,-3.229931611604801,2.8743043169698588,-1.7181469925888635,-6.130609505941516,-1.5324939025190716,-2.148264852411181,5.121019657603226,6.288792762525944,3.3166728604875555,-4.84435807998249,1.630925919760644,-4.055877481923879,3.792197368235888,9.521181696580193,8.930309992691384,-7.747314862151113,-9.494324815859088,1.2153215227768044,-4.569976731209424,6.55863435831629,-1.1655495439832837,3.867498650914312,0.14955278434163333,-6.6001609422294205,9.296604150987456,2.312696720494497,-8.709296287172837,7.024756950261324,6.460039682288755,9.814071790767187,5.852921948728252,9.635149443148357,-3.197050810565889,7.10771077676241,-8.431829889055075,3.5762757729813757,-6.839054368164281,5.274039507892754,8.431193985466837,5.306605645881088,7.765772733395057,-8.532105294328552,-9.129340375700455,-2.525319420975123,-8.668142889611534,-7.177030896528882,4.58394873631379,-2.501931331239959,4.84759518966735,9.978747638776852,6.409271838502782,2.155437120091083,5.044483145952537,-1.689080269075431,5.121620547908668,7.038084522982629,-0.5881405182423034,4.815824886404274,-0.6350672643553459,-9.663198087220302,-5.775663983921411,0.45338946840140437,7.5410112416079365,7.159113242807461,3.0529824287200498,3.869104210681879,-0.3040480912027945,-5.1951040451463175,5.58294299158668,-4.663592235857967,-8.57697167072331,-5.938365194852033,-0.7099264823021816,-4.165648265605835,3.1792701087575654,-8.10814633802406,-0.7946882157760609,-2.839930342302683,-8.00548526570809,4.038972784699071,7.384532988168537,2.422172123911963,9.890197616111017,2.579974879324647,-1.4513960810998263,-9.232676285149545,2.4562532129665744,3.3332067423544025,-3.346519289795218,0.7149479765493361,7.177921618895631,-8.274990087664001,-0.08230342952245095,2.110103979787006,-3.7387296940022026,-6.105236879121588,1.3566644063851214,-6.652559476523976,0.4238917125697501,-9.939553169405402,4.710530998480017,-2.748455540965013,-5.421543012880288,-8.298643843013146,-4.784400286876435,-2.167864251157896,6.6017454034341085,5.791232154313615,4.0655054305334115,-1.453159156163565,6.518285900690174,5.8434989491267295,1.0084329245431807,6.542681048163487,-9.087903268089718,6.923459955615765,6.306105938019179,9.59865245464054,4.069162039378476,-4.697792370542011,-7.326589782245396,1.2412497831317673,6.777665622382727,7.948722269909485,-1.1010029956936478,5.856232544205138,-1.5883910688309921,9.263185257356604,-9.527574456579295,-3.481639428274348,-0.14614715995783634,7.822844882360545,-6.515940508632497,0.5143152746072293,-5.373084682630984,-9.856159209207958,-5.6547061175288205,2.9462038330500597,2.0765539825919674,-5.813786663147608,-3.3363566584833615,7.026276148881504,9.379792811185407,-2.0412983588567997,-6.245788706736722,-4.2383292783130315,5.1669698533887924,-6.896203797271827,5.23328490180222,-5.019663979844324,-6.174376226499234,-7.277124878300139,-6.637987762182409,1.906555034285926,-3.394278683755079,2.739979564533037,-7.00758084869981,4.361908251554967,-9.619952020903124,-2.311360090657093,-6.811918188823604,-5.5029515193434975,-5.882488054319294,-3.9637525490345844,3.7004425038134503,-9.572108248068234,6.543545356235118,7.462657154517743,8.162720904843923,-3.6457389287901627,-3.275597977449296,-1.1027536974480139,-7.483684723478641,8.90785441007511,-8.840692111190375,-5.382032913422776,-7.390553852137618,-8.27780457441374,-6.596604968392414,-9.943119408313692,6.694842437274609,2.4246031469290514,-0.41963740210816525,1.6476029586395473,0.4234704457165357,-7.672475018526557,-5.985477892580264,3.873540121372388,-9.289681234769722,-1.9303146334289778,-1.2792676882038005,0.8784098507661326,-5.053825337527829,-1.4261922020401911,5.333920237445932,7.55309198113769,-9.79279622994476,7.517600180057666,5.144145503112513,-9.518516776734957,1.6036394953994222,7.087241060642665,5.812614412297638,-5.77160360552428,-4.610357000487535,-7.26881847147812,9.370147918707062,-0.09588875689112442,2.1280536523951987,3.5948562155465673,-3.9571120484277174,-0.6994152357909265,-6.954788445104024,7.098704753788919,8.308363157181976,5.710204444879192,-6.050774995488397,1.547124524725504,-4.720952501868907,8.82745052983056,-2.0000510515533794,-0.6272328115364694,0.7164506603070997,2.7335145295380023,-1.6598726190658084,-3.74530364549182,-4.423014610284676,-5.030655070767523,-9.653773341781713,5.636020563095919,-6.703170550434119,0.8741410857332994,-1.0741605435116064,3.213406074657721,7.6322794697760585,2.268044277745849,-3.6614632006829346,-8.773284511032912,-3.056882273940859,0.13872459685381422,3.20578946009938,-9.852868819299005,5.199991145917551,-2.396199290813465,0.9584423073477062,-4.8879628898180645,5.418313847060576,-2.5179642126194413,1.2839469324054615,-4.695162168927228,9.662837281772106,6.866538391870712,-2.4305401901886565,-9.568010943036619,-0.49683458630526545,-6.331062926567574,-6.633990074824039,7.61120229099366,-7.0331063861834275,1.843473688907725,2.6202971828573283,-5.870926504201517,1.822484513278276,5.907970834860556,-2.482055525917433,9.473067281056277,-1.4690872853834485,3.9509242564934546,-2.855084873775766,9.810042903271352,1.9787496212895324,0.9750481480106465,-7.976366320662414,7.698835309740325,4.659228224200817,-4.452932679904111,-9.030549033472585,-0.7013915927671359,-1.3378605420164753,-1.982848363831435,2.482598651748937,6.316790532796929,-6.82831306498451,4.719270430499236,6.530196671176704,-1.212774283658133,9.844096637243876,-8.12619322427932,-9.532242976894308,6.922252964132095,-0.6911789737077338,6.5565391088676535,-1.67508588309701,-4.110818685975217,8.051377921642366,5.721505165113008,1.1975868502949574,-1.662572627461465,-6.584836924074679,-4.806216650622717,-1.2852767804371208,-7.334451621759714,-3.8919305180693815,-9.574695548724101,6.230073158264279,-5.868912768211285,5.029867725800884,2.8886027768227773,-8.929166755172574,-5.3236233671725675,-0.06995556597019892,8.576317461752197,-4.843981443609982,8.517713908933377,-7.614971624891158,4.665681904970064,5.469056628072664,-2.8658527226604242,-8.139575254363834,-0.46316527424958664,-8.146522420275613,-5.8254303599983315,-7.08799888109829,1.0409043710073114,-0.2234199130142187,7.82092715024238,8.981572641710521,-2.8432848734073923,9.5775012841159,-3.4071423791572197,-8.617947098179261,4.4370463501849855,1.414486536470907,2.119355677704185,1.4690994541199114,-7.733549582886923,-9.868480128330418,-1.1387907991828765,8.143221248100716,6.345600948862952,-1.1549843014169277,-0.7232548077401937,-4.232820155026749,1.9755275481503105,-7.358397556007457,6.86580536006894,-1.475148096608855,-6.7811227732994634,-1.6101307542345822,-8.064879467914654,3.654057090924937,-2.798066550198497,5.583739654102281,-2.733644743079873,5.282316762562033,-9.317888007364513,8.282006080904857,3.3078673275301007,1.8546377779916519,3.2456962865803973,-8.33956197185306,6.034736200738525,0.41894848620086833,-6.511388033210372,0.38997657000614083,-2.329330431592089,-0.7415658553012463,-3.514276033952055,-1.5809047003430887,-4.771013090218144,-5.4248603953880625,-2.1730242111375,6.592307090459698,-8.087024902237763,-5.393970273283206,-3.3087374058027024,3.9393234632477707,-8.309098139913742,-9.533027499386273,8.89545505936766,7.285484650914064,-2.3240575990011063,2.4365263965360917,9.313248120469574,-4.746736004235446,6.163623960229849,0.4450278553979956,6.947209533235245,9.34301708478823,-8.015432134548973,5.664539947435294,-5.961602908267136,-1.5184375494615452,-8.162867063106361,-8.134210484002702,6.042887637897117,2.3525105339413237,-2.1396371139457404,8.366332477892524,-7.76280258472875,-5.377799254356875,-2.383805890682713,-0.1063552476314662,-9.913954567535727,4.374477958017671,-5.26203455420176,1.5324155465406282,-3.772559884252882,9.83555867271367,-9.093164052179661,9.198057309847865,1.635159093087342,6.123288609761133,5.394739570524688,-5.050517500329428,-6.286849161875063,-3.953642269695383,1.1482637205540147,-0.5612211964890932,1.4388883840546267,-4.1645428848930095,-7.220677254059891,5.232320508442292,-1.8147775172307021,-1.3018201668144709,7.969986580131891,-5.513974543494107,-8.367143987151964,-8.97139117959427,-2.3549092250925208,5.059580895242474,2.028538918169529,9.096756548779048,-8.316496547085395,3.059634901462436,-7.073108706094051,2.4672329903758943,-4.525335578231521,-1.7480931086469393,7.293788815593011,-1.2755354071401612,-9.938359695951016,2.744622627191305,-8.38897511791469,-6.701002129690449,-2.654095822001148,-1.0783269093298191,8.804404014333269,4.316637075224023,-7.159013524534914,-1.567626322692778,7.78241221153673,6.253024946835808,7.407342657642477,-8.240086938776717,6.482054055681964,-1.9826512665830105,3.38206527864331,-5.867019129208922,0.12067549905069264,9.479848689845674,-5.5891467563437525,9.381742697065544,-5.501843557385719,-4.57702008579147,-5.5249616764300775,2.3131594290272304,-8.178484564195536,-1.2818288011369567,-1.7322940967684524,6.84370860684114,-2.253671288287604,0.46773380152922783,-1.1625308301468706,-3.0078997422683384,-1.2728026952245397,3.0712535031274246,2.5585804128575234,1.2155615714666403,3.0241097049593435,4.213912264234009,-2.8608885194715743,2.0315521066842823,8.452886425115192,5.070685828642116,7.700894155238885,-1.5953849805279514,-3.9754868708194246,-9.872407730856057,-1.777433023133888,8.903879175639432,7.30560010092082,-1.8982429816096023,-0.1268773863927759,4.706507572568599,5.0250470305724555,2.331238386227392,9.721190310552089,4.75866781878354,7.137082390971202,1.8146987072775858,-7.172969461151892,3.114083830561192,3.9926588080675955,-8.705428345791866,-3.9784461358723693,9.423772830505548,-7.767707443626621,-5.509129761541405,-8.665491382867652,-6.026819169294104,7.34625964148151,-1.6343364323401648,5.284133771826085,-3.9959450374096805,2.5622112706436173,-2.8999698460447565,-4.957265341877893,-4.4645008969042905,8.389088903650432,-5.343492873310344,-0.1382798760199062,9.919335727642512,-1.4144666219638893,-5.9767646600448865,1.7944259039376025,-3.724518565786335,4.475505258216945,7.299384682779841,1.9692555913168839,-5.957508165938039,9.709620875492043,8.74031624487543,-0.014644556442098278,0.020764389678316064,-1.7671225352692552,-9.78986104281013,-8.5063257217527,-1.1939451742056928,-6.67836856926058,-1.9846141816864833,-7.255824516628662,-2.8357171250681468,-8.596413534017026,-3.9927815734013112,2.5201499257851054,2.952865071056989,-3.939178097546665,-1.8067552690303863,4.096330438409419,-8.162247838957171,-4.905635055626569,0.4076207151558382,3.534109728609998,0.012854684398487137,-1.151487407182266,-1.450631526067907,4.823219948872357,8.757446144870759,-5.071104587473194,2.1354242648041613,-2.1635617702962495,0.5695867543870108,-7.953598360666669,-3.026644347251559,-5.954871159738424,-7.892193170533311,-9.516990161417969,-8.590031332942026,-9.66615841555617,-1.9132484691068363,6.599308883198255,-5.840307341560409,6.313096481635764,3.445207566570229,9.089250564916973,9.197416027220516,9.251311373494765,7.621642582172861,9.001623395046543,-9.736225012175211,-2.438741176985868,-2.9275838815167727,6.968087496072485,-0.7152457771521092,2.1573975108609247,2.9189307895196315,-7.1595853297923,-0.31427057155290683,-4.3966218185755235,-1.3111382865534402,1.1716194953552694,-3.1671552345378373,-1.4922862894768052,8.347416348924014,-5.7958295310190096,2.6125692943875922,3.3927862954231554,-3.956348954890066,-7.498338002457132,-1.8886760013714188,-4.829166483674889,-0.5188968883754637,-5.620584423569928,-3.993916014905432,-8.406338523353906,3.905863038605597,-0.40310339691154695,-7.5801113983589925,-0.8788807020330776,9.98508016143279,3.2750276657616446,8.332528655533299,6.865235028766829,-9.425442508414699,3.213556592679783,7.220117440500161,2.3525332829609003,0.42985868015378514,9.601961071551091,8.484668421375044,-3.302650519067689,4.184937379397486,-0.7861937991318495,-7.520303898786416,9.11641208457176,2.9509373742621534,-3.7189218342396106,-9.985574966967029,-0.6015711062952551,8.064458572679946,0.7417677506148994,-5.902158750451225,2.2793520454465703,4.072505330028795,-0.5686739924507158,1.172001463571707,3.7912759130047533,9.500336364656544,-5.571504865585206,1.4192783815180672,-1.419001767308206,-2.978434116063033,2.332960804748625,-7.997587606007668,7.727620349414714,-1.058357747681665,7.779339970464697,-8.361035740474392,-5.348291370560705,9.815329695672219,-2.046445752020829,3.432456349150023,8.052752521519643,-3.025501602242575,-3.091603667712337,-6.451936562245506,9.467853882611262,5.6873231716268755,4.0661541293704335,-5.166433200928557,-3.138306778345621,4.8944869438748295,-6.831153622388668,-3.487624927635478,3.4459688178544,0.8080331984828888,-1.8767941316268235,2.7225654024220614,8.49987713263614,4.2476086469297805,3.626246701471006,9.17196467045337,-1.4718006826110113,2.101431817238261,-6.229086613832012,1.5156534820716505,-4.274592661135335,-3.8158137461703063,8.188258626659557,2.197341094105294,-0.12499613425301348,7.778779839894948,-4.025880177369929,-0.14639081957730582,1.1941870065233946,-8.752625169079419,2.5553133542903,-2.3165201701612848,-2.7015366188978813,-1.1138977850897174,4.794440780935826,2.423363127224075,4.193262985854453,-8.152701855041848,-6.202080829388388,-6.660984473460381,-9.105912290485449,-4.960057680799599,-1.0541664446460075,-4.795433887393658,-7.902424969822308,3.808442965737912,2.019208209523642,5.145597051056118,-1.2194651994372734,-3.9982604016397083,5.043542416660875,7.877510114306446,3.5458440113406944,9.62346878619621,-2.1672905866801706,-3.9831961197296035,3.995723004988621,-5.993152918756282,-6.2241054427998455,-0.01102212494729038,3.843255885297589,-6.672954915796236,-4.099539354386734,2.4216150459630565,-7.611648554820336,-7.2869160969199775,4.31453678378835,-3.64273440279052,-4.741528052623982,2.1245882691509728,5.684657936986559,-9.4463206881587,1.0451651572841296,-2.062633834046295,-0.6631800929213938,-9.351581559187245,-4.636090954338181,-1.59212776880754,-9.646606800910067,6.463031148170867,7.31791670101844,2.5486906724328264,6.8596696511695825,-6.688065264671421,6.62737899359648,6.938969768446491,-4.290796671932656,-4.616208292505339,-5.6560666522472225,0.9755757715287761,-7.240829971623444,-8.511778990760314,0.8910874981398038,-2.7444795229061985,-5.435762883608513,-0.6867007583172651,2.8223581811098306,-8.010853818279127,-1.7806740603485398,7.6282705198743095,-5.808287864860338,-0.562708964024834,5.934509885647984,8.124817694591819,-7.874003080354457,4.692846325388329,-7.535614884009831,-6.294094424951819,3.2092830237192356,-1.121589687796149,5.669869127048839,1.6046414317833992,4.821888259061485,6.309616625413415,1.8438140583823586,-7.314740400261304,0.07571894083252673,7.800489827782535,-5.427892350821219,9.998935568601915,-4.538386271159349,-1.4960581473938444,-5.549271026230995,7.475282553741394,-2.5728166803166275,-2.158576735037694,-3.0205097447289564,6.618527458947067,-0.8567509523649015,8.774198295408745,1.0191781746751936,4.7251299904440565,1.6635345204430543,-1.9798041721569248,-5.816076411580231,-5.798072325271844,-3.901097589909998,-3.5660002903463273,-9.406209971545564,-6.076983296346046,5.898274570671411,0.7484466947442581,2.0699072669606196,1.469217584297386,8.626872652800365,-9.214755553459312,4.572033226942798,-3.6972930879291166,-0.46788201804809404,0.7547456281998208,4.419503787842217,-8.736185432064833,-8.239405042010963,-9.535975473620725,-6.342807287858328,-8.872889709490295,-0.6340990431550217,1.7070202110361166,1.577265959729207,5.353238451118166,6.309151327778945,-7.837907167561619,-3.9051855891961473,0.18648851591079385,-7.620962133851428,8.25458994824411,-9.195479942761402,-1.2886044390251037,8.900158953741617,-2.635017635898498,4.234734866304347,5.252999271062837,0.027721362265300087,2.651137422250489,9.334060683148905,-1.3051809122537037,4.581954029392302,7.287425248904633,-6.755206797133091,-0.33537131052954017,6.428658419548746,-3.634878785469402,6.651287572190839,1.0522997035799992,-8.470418583398892,-4.674074554044632,-6.4555199866334405,-2.2692540358930025,-8.20875706200804,-7.579544454870555,3.3537233385299388,4.425882610392042,-0.38079166709854206,-1.4638039852237057,-1.1228625003529267,4.19865250818096,3.242945668599866,-1.2467687719359315,5.8798835897568384,-5.597001632054866,-1.0830712122716513,-7.568727951476724,7.5766670452217255,-4.457333430447601,-0.7482946266419699,-2.2131486551728923,-4.938002256282985,7.881567656474548,-0.4723905663115069,6.274016888428516,-4.546143104430207,-1.4366283835032299,3.5177104587805275,-7.690345392422913,2.2301150002705405,-9.988377274034207,7.637972325685631,9.120898180641483,6.218508101604709,5.505338393140791,-9.193799553806397,-2.297920536602338,0.5604171087010847,7.300966261499401,-4.705298127575861,-9.863948542013237,2.274514901540128,7.7506497012385935,3.1129663405262082,-0.7804027275838639,9.593171436273444,5.7305188753343685,-9.316973774194476,-6.227821699904704,-5.7231095795522595,-5.348351541469992,9.460217403610994,-4.74109848945206,1.3569659917752102,8.151952651235217,7.735928264740476,-1.9478669907958128,-2.8235753800285774,2.027635549728487,6.632977897923624,-1.0875079734374111,3.1535710051963672,5.813068223994961,-4.624281725709007,-1.073541432690071,0.7265970885879156,5.758589118655433,4.251898492407303,-0.042364221617482656,-0.8142446603440661,1.4601525727130653,5.42513705177325,2.297398733189123,4.6633915421758925,1.1458616661324257,-3.7496694134361626,-9.047820837396298,-6.982709123077107,-0.6123913629651856,-6.037641207236904,7.7515508751389355,-7.08089115274608,-4.273172063888902,2.87343322180023,-6.0317967051446715,-3.313480383507807,-2.1130560392023456,8.331338290068,-6.88881557777413,-0.8053260217225429,-0.6552968755855773,-4.334501447102905,6.315396439916071,1.813376846796121,9.299366324900188,0.5811863444310177,0.6120273002130041,6.630610616227877,-0.6161445408352524,0.08113227460476224,9.271451544864394,5.9431673715575055,5.971915778822298,-4.720509810623545,5.340397587533474,-4.494280932756234,1.3740413631172856,0.9761563633995518,0.3017622651077474,2.3821803066029386,9.299726680938363,2.972922643832616,-7.9148692189403524,-0.65744874264416,6.764800249546202,8.085452040123936,9.199432985070754,9.914753061169325,9.907096234310394,-3.1652468965144305,-1.6922082151625446,-7.107276284008632,-1.4875833567620393,1.5416476762455904,3.860789300117826,-3.6416492417819546,-4.447312547512046,-3.3835728436051156,6.853299434210676,-0.823472026853036,2.596530566049216,3.0246368298066955,-8.074065006777122,0.4612764480454157,-4.56214171883942,8.95808560076562,4.904020392031468,4.910884208224429,-1.5033016196278997,-9.997936399183153,9.515059471653451,-4.222685669280706,-4.390985065835176,-5.175052768809509,7.259266859209141,-4.74870589620137,-1.6064767623837124,9.740548115577848,-2.3828600593101985,2.9603044152398272,8.975371189798025,-2.731801394584801,-0.8904460567651284,-1.5731011451329877,-1.7788187177304273,-1.3355622946915595,-4.146766749615345,-1.652509914227462,-5.047893010814111,0.388009997600383,-2.1365148874825612,7.943295743526583,8.11097106492922,-3.6489384966152727,0.4834524264946971,2.92736339525538,6.691948033657848,-0.1753081122754363,-5.383045024588135,-8.878211446173758,-2.466419125070445,8.879448698106525,4.063003338109731,0.4454413511971982,0.13762104382402285,-3.3493060406487203,-7.4366327535465215,3.890074980838669,-7.161167471014243,6.427062415414966,5.104112568929057,9.899840611314136,7.654978466989622,-4.227374168864044,3.4844561132632297,7.279976395493769,1.3678299332608788,-2.567130070300365,1.5126619488164046,1.2841971038605688,3.114878405296494,8.5995451760872,6.903385736718967,1.567245098633494,-6.168124923375105,-8.679122628686605,-7.4001558402504415,-3.7787941652569863,4.853207884340446,3.076296544005899,1.296489641907204,1.9429104550752552,-6.364444261441529,-3.7555270189320344,3.5799646421253115,0.8525924083213017,-8.343588098136154,-4.281016031882416,-7.887983563287997,0.8146189794771264,9.964615731800851,-9.30632497956726,-1.5606534218792074,2.0993368147551283,-7.897102078773934,2.1890373798191227,0.8252387686707774,4.80742017156879,-5.437519339852268,0.8650297846175903,0.5657045748711909,-8.12201870247657,7.99073160006164,-7.157647574573714,-1.3396367311153554,-1.2431004446029075,-1.4141901553824265,4.6799462981526965,-6.746026725674897,-0.6689765845572548,7.103951405033094,6.059080113527923,7.824169032865068,-2.554097912472086,7.89905275517053,8.734329979054674,-9.725405445458911,-5.013173999288172,7.855599874708702,5.494626820811208,7.778761708599426,-8.164804934274612,-8.391048518006368,-1.9924082583369014,4.389751285981367,9.896350561236307,2.6462485029310727,-0.06338005445233108,-0.09101156678333844,2.9385860131085693,-0.6292283639456624,-4.745752685869215,-9.277137302977362,8.37889300280295,-5.58612916292625,-7.667475504632404,-1.225650162522907,8.92434688696725,-0.5158924304669998,-4.371218842126721,7.306473921801498,5.501910549590237,3.6324740451468163,-6.077391991493846,7.506293846871653,2.290560754273665,2.827542606709315,-0.07299084131150124,-7.3710460065532075,0.6650158012792513,-7.873671781006763,2.041914173549827,-7.494285456532839,6.232960486356138,-7.919563820930806,2.948094871784157,4.905667996450028,8.46083288107285,8.428560959452305,-9.693441515684004,-9.463561602550763,8.716508058509902,2.133395889156475,7.086215828579274,-9.21442447096856,-0.36376251174918295,5.0887909043034725,6.830716806251832,6.396686885669002,-5.926360216593607,-2.1374972014431926,-3.3620752563972056,9.2358940554712,-7.217501187685061,4.242564568478375,-8.059393941403952,-7.031138996625517,2.335660121987308,-7.470956202358517,-6.608885631926018,0.1639847260846139,-9.212220403315907,-9.564773428595082,-3.0131040221620564,2.038103909924267,9.32632382707768,4.444596674720012,-8.184209295392979,7.115007335684485,3.4296834489769683,4.677082648224818,6.9353883571610915,5.633421182833304,3.19993444934698,5.209568533988049,5.8596921294754125,1.9975065707583468,-8.510035146369269,-4.069917687334403,3.3294589054039125,4.683306650630467,7.239771565677373,1.5530297486568028,9.620444651558664,-3.1271768161440905,-6.892228759998518,5.6645969440173705,0.919142723157325,9.547971911559593,2.8565171682504147,1.798666435549075,-5.249345193889566,7.4524237401198725,0.48479749302980224,4.544075878925826,4.371893999899632,7.947407560972721,9.914833749340296,4.924410957592082,-9.845242495590384,-3.229323672264231,-9.186148619712206,-4.1918638140814135,-2.1366052114066436,-2.7492566180180074,-3.4987255044726577,-8.424720885051967,2.7153463873271715,-4.007925921274424,-0.877626795087469,1.8547285162465386,5.582941583215451,1.0057386848312984,3.190666003731092,6.9376978582663575,-8.279171117615544,-0.18927058304209332,-4.499162424401558,-9.997866781572917,8.611650421315272,1.5107458249712664,-5.064467610127112,5.406008379186808,8.148821036547918,-9.891718131992132,0.6831667168174675,0.5977485564055112,3.9067101734385474,3.479445186340806,-5.24977976339107,-2.798267660182125,-2.9909521780533277,-0.04669389172678251,-7.889293622969453,-0.6518805713269309,2.7676756475893054,7.452347280226867,-1.9360618852955458,5.160177094852132,1.4033213564734677,8.046718826777731,-1.3448342846279608,-2.5834342105255326,6.7788860677265355,-5.390300133141032,-3.844629188635002,-5.223809970188817,-8.178269082550457,-3.135767263263423,0.06739333850491747,-1.1261840010048463,7.030386344583068,7.029120513600873,-3.7570905130512617,-9.541515703736403,-9.988654105224947,-0.9606354860395356,8.789470964862694,7.372840718577809,-9.47999180921255,-9.359425448718142,4.089293891393272,4.2036371383615005,8.137549581269376,-2.2103383475463056,1.6971980475888149,3.8630186516542775,5.97591337134957,1.0337625720385457,-3.566513111656544,-8.492778674447866,9.582055995777601,5.194666103495582,6.075567409740749,8.98065357862383,3.8120513746414666,3.4064258383315416,3.1024364983023354,-7.558564851814995,6.894723027006343,2.7412637493062064,-4.986140425508729,4.1187977435059135,1.3214931157279644,-8.082651431582837,-8.96661416590861,3.0147786045717133,6.218714572492296,-6.698787268075006,-2.8092189659423124,5.7297321991173185,8.24590984958834,1.031601073841415,2.592638014995604,-8.827778256059165,4.139872642500428,7.714347070790179,-3.1165440445184593,-9.539013846960831,-5.536941779687165,7.690490975348514,-0.7013043682204678,2.5846365708109627,4.378176528353382,-7.2998409902295585,-5.522574448507598,6.915355684671493,-5.27841256486858,6.341776573607532,-8.54974942633181,-3.63675437103931,4.854748767004169,6.197883138603814,-7.428804525735839,3.727082970788322,5.5842049580765885,-1.5497417891069105,-5.415928542036643,3.8277249169920573,4.6457617454550935,-6.042809931863524,7.996935058427724,-9.4102192584849,-7.59485575728053,-3.4053112286162746,9.49543627775304,5.282309027622736,0.4355301091231194,8.99899283065156,0.7892615319087355,3.644257684377747,-8.723210845629525,5.859101626756491,-6.285034857019792,3.7945984179544716,9.074449405346527,-5.156449503602671,-6.556028589822159,-2.1957770871495663,-7.25987590773475,6.264990380384393,6.738726163471185,7.0113606913200535,7.189187949027669,3.12634124208458,1.6393972309299372,-2.2734435710647594,3.7685367745466323,8.985674367240716,4.737384017378641,1.8805611724546818,-0.374632219114023,-3.846352514396991,7.063032203700985,-4.068747808488484,8.882457203866462,6.890234609139117,3.8947580516057343,5.644248388270544,-9.290483319056793,2.8177238159913376,-3.0035582749815237,-6.855273470706383,-6.189028290949972,6.516579756864015,-3.085782916015667,7.0482100890403245,4.473509181929309,-6.459080221498019,-8.121484189006548,-6.179496952247634,-4.67318430671744,-2.519015373998381,4.277681847390184,-1.0733546591653074,-2.18018225925944,7.688785528509648,2.8814539791261033,1.4908078758842525,8.70943603314884,-7.654948299446023,-6.000967762957432,-9.22108551705022,-4.76220453127596,-1.6569804667061039,-8.596385089678256,-0.5978840434161263,-1.2344987189498635,-5.620530787331113,-7.266914267325113,-9.189122690099563,-1.1869853785263462,-7.123317919425299,-3.179162547754242,-1.4675396761346509,-4.665977075545282,-0.740941230093707,3.1029056228546192,-8.01016461732203,-9.361451480637049,4.132401864548388,-9.374303562165945,8.528836464816806,6.896236458086907,5.221474290975474,-3.1703154501411834,-7.395299391780014,-9.522980945391435,-0.8722038861726276,4.606610896047748,-4.780514143549334,0.3673231171073468,-9.21962667456826,-5.650057041499881,8.183838525220033,-8.88538648837457,5.452062482947934,8.31266352235276
